Transaction id,age
1,30
2,50
3,50
4,42
5,64
6,54
7,49
8,57
9,31
10,38
11,25
12,23
13,19
14,22
15,22
16,43
17,30
18,34
19,26
20,36
21,46
22,38
23,50
24,22
25,55
26,56
27,21
28,35
29,34
30,23
31,27
32,43
33,55
34,45
35,45
36,47
37,56
38,30
39,51
40,54
41,40
42,47
43,37
44,44
45,18
46,20
47,48
48,26
49,41
50,45
51,52
52,20
53,47
54,55
55,62
56,61
57,47
58,34
59,48
60,51
61,35
62,38
63,22
64,58
65,42
66,29
67,27
68,51
69,62
70,55
71,27
72,52
73,28
74,31
75,51
76,18
77,30
78,39
79,35
80,22
81,40
82,19
83,18
84,63
85,18
86,28
87,34
88,32
89,38
90,49
91,51
92,64
93,63
94,54
95,50
96,44
97,51
98,64
99,32
100,18
101,30
102,50
103,50
104,42
105,64
106,54
107,49
108,57
109,31
110,38
111,25
112,23
113,19
114,22
115,22
116,43
117,30
118,34
119,26
120,36
121,46
122,38
123,50
124,22
125,55
126,56
127,21
128,35
129,34
130,23
131,27
132,43
133,55
134,45
135,45
136,47
137,56
138,30
139,51
140,54
141,40
142,47
143,37
144,44
145,18
146,20
147,48
148,26
149,41
150,45
151,52
152,20
153,47
154,55
155,62
156,61
157,47
158,34
159,48
160,51
161,35
162,38
163,22
164,58
165,42
166,29
167,27
168,51
169,62
170,55
171,27
172,52
173,28
174,31
175,51
176,18
177,30
178,39
179,35
180,22
181,40
182,19
183,18
184,63
185,18
186,28
187,34
188,32
189,38
190,49
191,51
192,64
193,63
194,54
195,50
196,44
197,51
198,64
199,32
200,18
201,30
202,50
203,50
204,42
205,64
206,54
207,49
208,57
209,31
210,38
211,25
212,23
213,19
214,22
215,22
216,43
217,30
218,34
219,26
220,36
221,46
222,38
223,50
224,22
225,55
226,56
227,21
228,35
229,34
230,23
231,27
232,43
233,55
234,45
235,45
236,47
237,56
238,30
239,51
240,54
241,40
242,47
243,37
244,44
245,18
246,20
247,48
248,26
249,41
250,45
251,52
252,20
253,47
254,55
255,62
256,61
257,47
258,34
259,48
260,51
261,35
262,38
263,22
264,58
265,42
266,29
267,27
268,51
269,62
270,55
271,27
272,52
273,28
274,31
275,51
276,18
277,30
278,39
279,35
280,22
281,40
282,19
283,18
284,63
285,18
286,28
287,34
288,32
289,38
290,49
291,51
292,64
293,63
294,54
295,50
296,44
297,51
298,64
299,32
300,18
301,30
302,50
303,50
304,42
305,64
306,54
307,49
308,57
309,31
310,38
311,25
312,23
313,19
314,22
315,22
316,43
317,30
318,34
319,26
320,36
321,46
322,38
323,50
324,22
325,55
326,56
327,21
328,35
329,34
330,23
331,27
332,43
333,55
334,45
335,45
336,47
337,56
338,30
339,51
340,54
341,40
342,47
343,37
344,44
345,18
346,20
347,48
348,26
349,41
350,45
351,52
352,20
353,47
354,55
355,62
356,61
357,47
358,34
359,48
360,51
361,35
362,38
363,22
364,58
365,42
366,29
367,27
368,51
369,62
370,55
371,27
372,52
373,28
374,31
375,51
376,18
377,30
378,39
379,35
380,22
381,40
382,19
383,18
384,63
385,18
386,28
387,34
388,32
389,38
390,49
391,51
392,64
393,63
394,54
395,50
396,44
397,51
398,64
399,32
400,18
401,30
402,50
403,50
404,42
405,64
406,54
407,49
408,57
409,31
410,38
411,25
412,23
413,19
414,22
415,22
416,43
417,30
418,34
419,26
420,36
421,46
422,38
423,50
424,22
425,55
426,56
427,21
428,35
429,34
430,23
431,27
432,43
433,55
434,45
435,45
436,47
437,56
438,30
439,51
440,54
441,40
442,47
443,37
444,44
445,18
446,20
447,48
448,26
449,41
450,45
451,52
452,20
453,47
454,55
455,62
456,61
457,47
458,34
459,48
460,51
461,35
462,38
463,22
464,58
465,42
466,29
467,27
468,51
469,62
470,55
471,27
472,52
473,28
474,31
475,51
476,18
477,30
478,39
479,35
480,22
481,40
482,19
483,18
484,63
485,18
486,28
487,34
488,32
489,38
490,49
491,51
492,64
493,63
494,54
495,50
496,44
497,51
498,64
499,32
500,18
501,30
502,50
503,50
504,42
505,64
506,54
507,49
508,57
509,31
510,38
511,25
512,23
513,19
514,22
515,22
516,43
517,30
518,34
519,26
520,36
521,46
522,38
523,50
524,22
525,55
526,56
527,21
528,35
529,34
530,23
531,27
532,43
533,55
534,45
535,45
536,47
537,56
538,30
539,51
540,54
541,40
542,47
543,37
544,44
545,18
546,20
547,48
548,26
549,41
550,45
551,52
552,20
553,47
554,55
555,62
556,61
557,47
558,34
559,48
560,51
561,35
562,38
563,22
564,58
565,42
566,29
567,27
568,51
569,62
570,55
571,27
572,52
573,28
574,31
575,51
576,18
577,30
578,39
579,35
580,22
581,40
582,19
583,18
584,63
585,18
586,28
587,34
588,32
589,38
590,49
591,51
592,64
593,63
594,54
595,50
596,44
597,51
598,64
599,32
600,18
601,30
602,50
603,50
604,42
605,64
606,54
607,49
608,57
609,31
610,38
611,25
612,23
613,19
614,22
615,22
616,43
617,30
618,34
619,26
620,36
621,46
622,38
623,50
624,22
625,55
626,56
627,21
628,35
629,34
630,23
631,27
632,43
633,55
634,45
635,45
636,47
637,56
638,30
639,51
640,54
641,40
642,47
643,37
644,44
645,18
646,20
647,48
648,26
649,41
650,45
651,52
652,20
653,47
654,55
655,62
656,61
657,47
658,34
659,48
660,51
661,35
662,38
663,22
664,58
665,42
666,29
667,27
668,51
669,62
670,55
671,27
672,52
673,28
674,31
675,51
676,18
677,30
678,39
679,35
680,22
681,40
682,19
683,18
684,63
685,18
686,28
687,34
688,32
689,38
690,49
691,51
692,64
693,63
694,54
695,50
696,44
697,51
698,64
699,32
700,18
701,30
702,50
703,50
704,42
705,64
706,54
707,49
708,57
709,31
710,38
711,25
712,23
713,19
714,22
715,22
716,43
717,30
718,34
719,26
720,36
721,46
722,38
723,50
724,22
725,55
726,56
727,21
728,35
729,34
730,23
731,27
732,43
733,55
734,45
735,45
736,47
737,56
738,30
739,51
740,54
741,40
742,47
743,37
744,44
745,18
746,20
747,48
748,26
749,41
750,45
751,52
752,20
753,47
754,55
755,62
756,61
757,47
758,34
759,48
760,51
761,35
762,38
763,22
764,58
765,42
766,29
767,27
768,51
769,62
770,55
771,27
772,52
773,28
774,31
775,51
776,18
777,30
778,39
779,35
780,22
781,40
782,19
783,18
784,63
785,18
786,28
787,34
788,32
789,38
790,49
791,51
792,64
793,63
794,54
795,50
796,44
797,51
798,64
799,32
800,18
801,30
802,50
803,50
804,42
805,64
806,54
807,49
808,57
809,31
810,38
811,25
812,23
813,19
814,22
815,22
816,43
817,30
818,34
819,26
820,36
821,46
822,38
823,50
824,22
825,55
826,56
827,21
828,35
829,34
830,23
831,27
832,43
833,55
834,45
835,45
836,47
837,56
838,30
839,51
840,54
841,40
842,47
843,37
844,44
845,18
846,20
847,48
848,26
849,41
850,45
851,52
852,20
853,47
854,55
855,62
856,61
857,47
858,34
859,48
860,51
861,35
862,38
863,22
864,58
865,42
866,29
867,27
868,51
869,62
870,55
871,27
872,52
873,28
874,31
875,51
876,18
877,30
878,39
879,35
880,22
881,40
882,19
883,18
884,63
885,18
886,28
887,34
888,32
889,38
890,49
891,51
892,64
893,63
894,54
895,50
896,44
897,51
898,64
899,32
900,18
901,30
902,50
903,50
904,42
905,64
906,54
907,49
908,57
909,31
910,38
911,25
912,23
913,19
914,22
915,22
916,43
917,30
918,34
919,26
920,36
921,46
922,38
923,50
924,22
925,55
926,56
927,21
928,35
929,34
930,23
931,27
932,43
933,55
934,45
935,45
936,47
937,56
938,30
939,51
940,54
941,40
942,47
943,37
944,44
945,18
946,20
947,48
948,26
949,41
950,45
951,52
952,20
953,47
954,55
955,62
956,61
957,47
958,34
959,48
960,51
961,35
962,38
963,22
964,58
965,42
966,29
967,27
968,51
969,62
970,55
971,27
972,52
973,28
974,31
975,51
976,18
977,30
978,39
979,35
980,22
981,40
982,19
983,18
984,63
985,18
986,28
987,34
988,32
989,38
990,49
991,51
992,64
993,63
994,54
995,50
996,44
997,51
998,64
999,32
1000,18
1001,30
1002,50
1003,50
1004,42
1005,64
1006,54
1007,49
1008,57
1009,31
1010,38
1011,25
1012,23
1013,19
1014,22
1015,22
1016,43
1017,30
1018,34
1019,26
1020,36
1021,46
1022,38
1023,50
1024,22
1025,55
1026,56
1027,21
1028,35
1029,34
1030,23
1031,27
1032,43
1033,55
1034,45
1035,45
1036,47
1037,56
1038,30
1039,51
1040,54
1041,40
1042,47
1043,37
1044,44
1045,18
1046,20
1047,48
1048,26
1049,41
1050,45
1051,52
1052,20
1053,47
1054,55
1055,62
1056,61
1057,47
1058,34
1059,48
1060,51
1061,35
1062,38
1063,22
1064,58
1065,42
1066,29
1067,27
1068,51
1069,62
1070,55
1071,27
1072,52
1073,28
1074,31
1075,51
1076,18
1077,30
1078,39
1079,35
1080,22
1081,40
1082,19
1083,18
1084,63
1085,18
1086,28
1087,34
1088,32
1089,38
1090,49
1091,51
1092,64
1093,63
1094,54
1095,50
1096,44
1097,51
1098,64
1099,32
1100,18
1101,30
1102,50
1103,50
1104,42
1105,64
1106,54
1107,49
1108,57
1109,31
1110,38
1111,25
1112,23
1113,19
1114,22
1115,22
1116,43
1117,30
1118,34
1119,26
1120,36
1121,46
1122,38
1123,50
1124,22
1125,55
1126,56
1127,21
1128,35
1129,34
1130,23
1131,27
1132,43
1133,55
1134,45
1135,45
1136,47
1137,56
1138,30
1139,51
1140,54
1141,40
1142,47
1143,37
1144,44
1145,18
1146,20
1147,48
1148,26
1149,41
1150,45
1151,52
1152,20
1153,47
1154,55
1155,62
1156,61
1157,47
1158,34
1159,48
1160,51
1161,35
1162,38
1163,22
1164,58
1165,42
1166,29
1167,27
1168,51
1169,62
1170,55
1171,27
1172,52
1173,28
1174,31
1175,51
1176,18
1177,30
1178,39
1179,35
1180,22
1181,40
1182,19
1183,18
1184,63
1185,18
1186,28
1187,34
1188,32
1189,38
1190,49
1191,51
1192,64
1193,63
1194,54
1195,50
1196,44
1197,51
1198,64
1199,32
1200,18
1201,30
1202,50
1203,50
1204,42
1205,64
1206,54
1207,49
1208,57
1209,31
1210,38
1211,25
1212,23
1213,19
1214,22
1215,22
1216,43
1217,30
1218,34
1219,26
1220,36
1221,46
1222,38
1223,50
1224,22
1225,55
1226,56
1227,21
1228,35
1229,34
1230,23
1231,27
1232,43
1233,55
1234,45
1235,45
1236,47
1237,56
1238,30
1239,51
1240,54
1241,40
1242,47
1243,37
1244,44
1245,18
1246,20
1247,48
1248,26
1249,41
1250,45
1251,52
1252,20
1253,47
1254,55
1255,62
1256,61
1257,47
1258,34
1259,48
1260,51
1261,35
1262,38
1263,22
1264,58
1265,42
1266,29
1267,27
1268,51
1269,62
1270,55
1271,27
1272,52
1273,28
1274,31
1275,51
1276,18
1277,30
1278,39
1279,35
1280,22
1281,40
1282,19
1283,18
1284,63
1285,18
1286,28
1287,34
1288,32
1289,38
1290,49
1291,51
1292,64
1293,63
1294,54
1295,50
1296,44
1297,51
1298,64
1299,32
1300,18
1301,30
1302,50
1303,50
1304,42
1305,64
1306,54
1307,49
1308,57
1309,31
1310,38
1311,25
1312,23
1313,19
1314,22
1315,22
1316,43
1317,30
1318,34
1319,26
1320,36
1321,46
1322,38
1323,50
1324,22
1325,55
1326,56
1327,21
1328,35
1329,34
1330,23
1331,27
1332,43
1333,55
1334,45
1335,45
1336,47
1337,56
1338,30
1339,51
1340,54
1341,40
1342,47
1343,37
1344,44
1345,18
1346,20
1347,48
1348,26
1349,41
1350,45
1351,52
1352,20
1353,47
1354,55
1355,62
1356,61
1357,47
1358,34
1359,48
1360,51
1361,35
1362,38
1363,22
1364,58
1365,42
1366,29
1367,27
1368,51
1369,62
1370,55
1371,27
1372,52
1373,28
1374,31
1375,51
1376,18
1377,30
1378,39
1379,35
1380,22
1381,40
1382,19
1383,18
1384,63
1385,18
1386,28
1387,34
1388,32
1389,38
1390,49
1391,51
1392,64
1393,63
1394,54
1395,50
1396,44
1397,51
1398,64
1399,32
1400,18
1401,30
1402,50
1403,50
1404,42
1405,64
1406,54
1407,49
1408,57
1409,31
1410,38
1411,25
1412,23
1413,19
1414,22
1415,22
1416,43
1417,30
1418,34
1419,26
1420,36
1421,46
1422,38
1423,50
1424,22
1425,55
1426,56
1427,21
1428,35
1429,34
1430,23
1431,27
1432,43
1433,55
1434,45
1435,45
1436,47
1437,56
1438,30
1439,51
1440,54
1441,40
1442,47
1443,37
1444,44
1445,18
1446,20
1447,48
1448,26
1449,41
1450,45
1451,52
1452,20
1453,47
1454,55
1455,62
1456,61
1457,47
1458,34
1459,48
1460,51
1461,35
1462,38
1463,22
1464,58
1465,42
1466,29
1467,27
1468,51
1469,62
1470,55
1471,27
1472,52
1473,28
1474,31
1475,51
1476,18
1477,30
1478,39
1479,35
1480,22
1481,40
1482,19
1483,18
1484,63
1485,18
1486,28
1487,34
1488,32
1489,38
1490,49
1491,51
1492,64
1493,63
1494,54
1495,50
1496,44
1497,51
1498,64
1499,32
1500,18
1501,30
1502,50
1503,50
1504,42
1505,64
1506,54
1507,49
1508,57
1509,31
1510,38
1511,25
1512,23
1513,19
1514,22
1515,22
1516,43
1517,30
1518,34
1519,26
1520,36
1521,46
1522,38
1523,50
1524,22
1525,55
1526,56
1527,21
1528,35
1529,34
1530,23
1531,27
1532,43
1533,55
1534,45
1535,45
1536,47
1537,56
1538,30
1539,51
1540,54
1541,40
1542,47
1543,37
1544,44
1545,18
1546,20
1547,48
1548,26
1549,41
1550,45
1551,52
1552,20
1553,47
1554,55
1555,62
1556,61
1557,47
1558,34
1559,48
1560,51
1561,35
1562,38
1563,22
1564,58
1565,42
1566,29
1567,27
1568,51
1569,62
1570,55
1571,27
1572,52
1573,28
1574,31
1575,51
1576,18
1577,30
1578,39
1579,35
1580,22
1581,40
1582,19
1583,18
1584,63
1585,18
1586,28
1587,34
1588,32
1589,38
1590,49
1591,51
1592,64
1593,63
1594,54
1595,50
1596,44
1597,51
1598,64
1599,32
1600,18
1601,30
1602,50
1603,50
1604,42
1605,64
1606,54
1607,49
1608,57
1609,31
1610,38
1611,25
1612,23
1613,19
1614,22
1615,22
1616,43
1617,30
1618,34
1619,26
1620,36
1621,46
1622,38
1623,50
1624,22
1625,55
1626,56
1627,21
1628,35
1629,34
1630,23
1631,27
1632,43
1633,55
1634,45
1635,45
1636,47
1637,56
1638,30
1639,51
1640,54
1641,40
1642,47
1643,37
1644,44
1645,18
1646,20
1647,48
1648,26
1649,41
1650,45
1651,52
1652,20
1653,47
1654,55
1655,62
1656,61
1657,47
1658,34
1659,48
1660,51
1661,35
1662,38
1663,22
1664,58
1665,42
1666,29
1667,27
1668,51
1669,62
1670,55
1671,27
1672,52
1673,28
1674,31
1675,51
1676,18
1677,30
1678,39
1679,35
1680,22
1681,40
1682,19
1683,18
1684,63
1685,18
1686,28
1687,34
1688,32
1689,38
1690,49
1691,51
1692,64
1693,63
1694,54
1695,50
1696,44
1697,51
1698,64
1699,32
1700,18
1701,30
1702,50
1703,50
1704,42
1705,64
1706,54
1707,49
1708,57
1709,31
1710,38
1711,25
1712,23
1713,19
1714,22
1715,22
1716,43
1717,30
1718,34
1719,26
1720,36
1721,46
1722,38
1723,50
1724,22
1725,55
1726,56
1727,21
1728,35
1729,34
1730,23
1731,27
1732,43
1733,55
1734,45
1735,45
1736,47
1737,56
1738,30
1739,51
1740,54
1741,40
1742,47
1743,37
1744,44
1745,18
1746,20
1747,48
1748,26
1749,41
1750,45
1751,52
1752,20
1753,47
1754,55
1755,62
1756,61
1757,47
1758,34
1759,48
1760,51
1761,35
1762,38
1763,22
1764,58
1765,42
1766,29
1767,27
1768,51
1769,62
1770,55
1771,27
1772,52
1773,28
1774,31
1775,51
1776,18
1777,30
1778,39
1779,35
1780,22
1781,40
1782,19
1783,18
1784,63
1785,18
1786,28
1787,34
1788,32
1789,38
1790,49
1791,51
1792,64
1793,63
1794,54
1795,50
1796,44
1797,51
1798,64
1799,32
1800,18
1801,30
1802,50
1803,50
1804,42
1805,64
1806,54
1807,49
1808,57
1809,31
1810,38
1811,25
1812,23
1813,19
1814,22
1815,22
1816,43
1817,30
1818,34
1819,26
1820,36
1821,46
1822,38
1823,50
1824,22
1825,55
1826,56
1827,21
1828,35
1829,34
1830,23
1831,27
1832,43
1833,55
1834,45
1835,45
1836,47
1837,56
1838,30
1839,51
1840,54
1841,40
1842,47
1843,37
1844,44
1845,18
1846,20
1847,48
1848,26
1849,41
1850,45
1851,52
1852,20
1853,47
1854,55
1855,62
1856,61
1857,47
1858,34
1859,48
1860,51
1861,35
1862,38
1863,22
1864,58
1865,42
1866,29
1867,27
1868,51
1869,62
1870,55
1871,27
1872,52
1873,28
1874,31
1875,51
1876,18
1877,30
1878,39
1879,35
1880,22
1881,40
1882,19
1883,18
1884,63
1885,18
1886,28
1887,34
1888,32
1889,38
1890,49
1891,51
1892,64
1893,63
1894,54
1895,50
1896,44
1897,51
1898,64
1899,32
1900,18
1901,30
1902,50
1903,50
1904,42
1905,64
1906,54
1907,49
1908,57
1909,31
1910,38
1911,25
1912,23
1913,19
1914,22
1915,22
1916,43
1917,30
1918,34
1919,26
1920,36
1921,46
1922,38
1923,50
1924,22
1925,55
1926,56
1927,21
1928,35
1929,34
1930,23
1931,27
1932,43
1933,55
1934,45
1935,45
1936,47
1937,56
1938,30
1939,51
1940,54
1941,40
1942,47
1943,37
1944,44
1945,18
1946,20
1947,48
1948,26
1949,41
1950,45
1951,52
1952,20
1953,47
1954,55
1955,62
1956,61
1957,47
1958,34
1959,48
1960,51
1961,35
1962,38
1963,22
1964,58
1965,42
1966,29
1967,27
1968,51
1969,62
1970,55
1971,27
1972,52
1973,28
1974,31
1975,51
1976,18
1977,30
1978,39
1979,35
1980,22
1981,40
1982,19
1983,18
1984,63
1985,18
1986,28
1987,34
1988,32
1989,38
1990,49
1991,51
1992,64
1993,63
1994,54
1995,50
1996,44
1997,51
1998,64
1999,32
2000,18
2001,30
2002,50
2003,50
2004,42
2005,64
2006,54
2007,49
2008,57
2009,31
2010,38
2011,25
2012,23
2013,19
2014,22
2015,22
2016,43
2017,30
2018,34
2019,26
2020,36
2021,46
2022,38
2023,50
2024,22
2025,55
2026,56
2027,21
2028,35
2029,34
2030,23
2031,27
2032,43
2033,55
2034,45
2035,45
2036,47
2037,56
2038,30
2039,51
2040,54
2041,40
2042,47
2043,37
2044,44
2045,18
2046,20
2047,48
2048,26
2049,41
2050,45
2051,52
2052,20
2053,47
2054,55
2055,62
2056,61
2057,47
2058,34
2059,48
2060,51
2061,35
2062,38
2063,22
2064,58
2065,42
2066,29
2067,27
2068,51
2069,62
2070,55
2071,27
2072,52
2073,28
2074,31
2075,51
2076,18
2077,30
2078,39
2079,35
2080,22
2081,40
2082,19
2083,18
2084,63
2085,18
2086,28
2087,34
2088,32
2089,38
2090,49
2091,51
2092,64
2093,63
2094,54
2095,50
2096,44
2097,51
2098,64
2099,32
2100,18
2101,30
2102,50
2103,50
2104,42
2105,64
2106,54
2107,49
2108,57
2109,31
2110,38
2111,25
2112,23
2113,19
2114,22
2115,22
2116,43
2117,30
2118,34
2119,26
2120,36
2121,46
2122,38
2123,50
2124,22
2125,55
2126,56
2127,21
2128,35
2129,34
2130,23
2131,27
2132,43
2133,55
2134,45
2135,45
2136,47
2137,56
2138,30
2139,51
2140,54
2141,40
2142,47
2143,37
2144,44
2145,18
2146,20
2147,48
2148,26
2149,41
2150,45
2151,52
2152,20
2153,47
2154,55
2155,62
2156,61
2157,47
2158,34
2159,48
2160,51
2161,35
2162,38
2163,22
2164,58
2165,42
2166,29
2167,27
2168,51
2169,62
2170,55
2171,27
2172,52
2173,28
2174,31
2175,51
2176,18
2177,30
2178,39
2179,35
2180,22
2181,40
2182,19
2183,18
2184,63
2185,18
2186,28
2187,34
2188,32
2189,38
2190,49
2191,51
2192,64
2193,63
2194,54
2195,50
2196,44
2197,51
2198,64
2199,32
2200,18
2201,30
2202,50
2203,50
2204,42
2205,64
2206,54
2207,49
2208,57
2209,31
2210,38
2211,25
2212,23
2213,19
2214,22
2215,22
2216,43
2217,30
2218,34
2219,26
2220,36
2221,46
2222,38
2223,50
2224,22
2225,55
2226,56
2227,21
2228,35
2229,34
2230,23
2231,27
2232,43
2233,55
2234,45
2235,45
2236,47
2237,56
2238,30
2239,51
2240,54
2241,40
2242,47
2243,37
2244,44
2245,18
2246,20
2247,48
2248,26
2249,41
2250,45
2251,52
2252,20
2253,47
2254,55
2255,62
2256,61
2257,47
2258,34
2259,48
2260,51
2261,35
2262,38
2263,22
2264,58
2265,42
2266,29
2267,27
2268,51
2269,62
2270,55
2271,27
2272,52
2273,28
2274,31
2275,51
2276,18
2277,30
2278,39
2279,35
2280,22
2281,40
2282,19
2283,18
2284,63
2285,18
2286,28
2287,34
2288,32
2289,38
2290,49
2291,51
2292,64
2293,63
2294,54
2295,50
2296,44
2297,51
2298,64
2299,32
2300,18
2301,30
2302,50
2303,50
2304,42
2305,64
2306,54
2307,49
2308,57
2309,31
2310,38
2311,25
2312,23
2313,19
2314,22
2315,22
2316,43
2317,30
2318,34
2319,26
2320,36
2321,46
2322,38
2323,50
2324,22
2325,55
2326,56
2327,21
2328,35
2329,34
2330,23
2331,27
2332,43
2333,55
2334,45
2335,45
2336,47
2337,56
2338,30
2339,51
2340,54
2341,40
2342,47
2343,37
2344,44
2345,18
2346,20
2347,48
2348,26
2349,41
2350,45
2351,52
2352,20
2353,47
2354,55
2355,62
2356,61
2357,47
2358,34
2359,48
2360,51
2361,35
2362,38
2363,22
2364,58
2365,42
2366,29
2367,27
2368,51
2369,62
2370,55
2371,27
2372,52
2373,28
2374,31
2375,51
2376,18
2377,30
2378,39
2379,35
2380,22
2381,40
2382,19
2383,18
2384,63
2385,18
2386,28
2387,34
2388,32
2389,38
2390,49
2391,51
2392,64
2393,63
2394,54
2395,50
2396,44
2397,51
2398,64
2399,32
2400,18
2401,30
2402,50
2403,50
2404,42
2405,64
2406,54
2407,49
2408,57
2409,31
2410,38
2411,25
2412,23
2413,19
2414,22
2415,22
2416,43
2417,30
2418,34
2419,26
2420,36
2421,46
2422,38
2423,50
2424,22
2425,55
2426,56
2427,21
2428,35
2429,34
2430,23
2431,27
2432,43
2433,55
2434,45
2435,45
2436,47
2437,56
2438,30
2439,51
2440,54
2441,40
2442,47
2443,37
2444,44
2445,18
2446,20
2447,48
2448,26
2449,41
2450,45
2451,52
2452,20
2453,47
2454,55
2455,62
2456,61
2457,47
2458,34
2459,48
2460,51
2461,35
2462,38
2463,22
2464,58
2465,42
2466,29
2467,27
2468,51
2469,62
2470,55
2471,27
2472,52
2473,28
2474,31
2475,51
2476,18
2477,30
2478,39
2479,35
2480,22
2481,40
2482,19
2483,18
2484,63
2485,18
2486,28
2487,34
2488,32
2489,38
2490,49
2491,51
2492,64
2493,63
2494,54
2495,50
2496,44
2497,51
2498,64
2499,32
2500,18
2501,30
2502,50
2503,50
2504,42
2505,64
2506,54
2507,49
2508,57
2509,31
2510,38
2511,25
2512,23
2513,19
2514,22
2515,22
2516,43
2517,30
2518,34
2519,26
2520,36
2521,46
2522,38
2523,50
2524,22
2525,55
2526,56
2527,21
2528,35
2529,34
2530,23
2531,27
2532,43
2533,55
2534,45
2535,45
2536,47
2537,56
2538,30
2539,51
2540,54
2541,40
2542,47
2543,37
2544,44
2545,18
2546,20
2547,48
2548,26
2549,41
2550,45
2551,52
2552,20
2553,47
2554,55
2555,62
2556,61
2557,47
2558,34
2559,48
2560,51
2561,35
2562,38
2563,22
2564,58
2565,42
2566,29
2567,27
2568,51
2569,62
2570,55
2571,27
2572,52
2573,28
2574,31
2575,51
2576,18
2577,30
2578,39
2579,35
2580,22
2581,40
2582,19
2583,18
2584,63
2585,18
2586,28
2587,34
2588,32
2589,38
2590,49
2591,51
2592,64
2593,63
2594,54
2595,50
2596,44
2597,51
2598,64
2599,32
2600,18
2601,30
2602,50
2603,50
2604,42
2605,64
2606,54
2607,49
2608,57
2609,31
2610,38
2611,25
2612,23
2613,19
2614,22
2615,22
2616,43
2617,30
2618,34
2619,26
2620,36
2621,46
2622,38
2623,50
2624,22
2625,55
2626,56
2627,21
2628,35
2629,34
2630,23
2631,27
2632,43
2633,55
2634,45
2635,45
2636,47
2637,56
2638,30
2639,51
2640,54
2641,40
2642,47
2643,37
2644,44
2645,18
2646,20
2647,48
2648,26
2649,41
2650,45
2651,52
2652,20
2653,47
2654,55
2655,62
2656,61
2657,47
2658,34
2659,48
2660,51
2661,35
2662,38
2663,22
2664,58
2665,42
2666,29
2667,27
2668,51
2669,62
2670,55
2671,27
2672,52
2673,28
2674,31
2675,51
2676,18
2677,30
2678,39
2679,35
2680,22
2681,40
2682,19
2683,18
2684,63
2685,18
2686,28
2687,34
2688,32
2689,38
2690,49
2691,51
2692,64
2693,63
2694,54
2695,50
2696,44
2697,51
2698,64
2699,32
2700,18
2701,30
2702,50
2703,50
2704,42
2705,64
2706,54
2707,49
2708,57
2709,31
2710,38
2711,25
2712,23
2713,19
2714,22
2715,22
2716,43
2717,30
2718,34
2719,26
2720,36
2721,46
2722,38
2723,50
2724,22
2725,55
2726,56
2727,21
2728,35
2729,34
2730,23
2731,27
2732,43
2733,55
2734,45
2735,45
2736,47
2737,56
2738,30
2739,51
2740,54
2741,40
2742,47
2743,37
2744,44
2745,18
2746,20
2747,48
2748,26
2749,41
2750,45
2751,52
2752,20
2753,47
2754,55
2755,62
2756,61
2757,47
2758,34
2759,48
2760,51
2761,35
2762,38
2763,22
2764,58
2765,42
2766,29
2767,27
2768,51
2769,62
2770,55
2771,27
2772,52
2773,28
2774,31
2775,51
2776,18
2777,30
2778,39
2779,35
2780,22
2781,40
2782,19
2783,18
2784,63
2785,18
2786,28
2787,34
2788,32
2789,38
2790,49
2791,51
2792,64
2793,63
2794,54
2795,50
2796,44
2797,51
2798,64
2799,32
2800,18
2801,30
2802,50
2803,50
2804,42
2805,64
2806,54
2807,49
2808,57
2809,31
2810,38
2811,25
2812,23
2813,19
2814,22
2815,22
2816,43
2817,30
2818,34
2819,26
2820,36
2821,46
2822,38
2823,50
2824,22
2825,55
2826,56
2827,21
2828,35
2829,34
2830,23
2831,27
2832,43
2833,55
2834,45
2835,45
2836,47
2837,56
2838,30
2839,51
2840,54
2841,40
2842,47
2843,37
2844,44
2845,18
2846,20
2847,48
2848,26
2849,41
2850,45
2851,52
2852,20
2853,47
2854,55
2855,62
2856,61
2857,47
2858,34
2859,48
2860,51
2861,35
2862,38
2863,22
2864,58
2865,42
2866,29
2867,27
2868,51
2869,62
2870,55
2871,27
2872,52
2873,28
2874,31
2875,51
2876,18
2877,30
2878,39
2879,35
2880,22
2881,40
2882,19
2883,18
2884,63
2885,18
2886,28
2887,34
2888,32
2889,38
2890,49
2891,51
2892,64
2893,63
2894,54
2895,50
2896,44
2897,51
2898,64
2899,32
2900,18
2901,30
2902,50
2903,50
2904,42
2905,64
2906,54
2907,49
2908,57
2909,31
2910,38
2911,25
2912,23
2913,19
2914,22
2915,22
2916,43
2917,30
2918,34
2919,26
2920,36
2921,46
2922,38
2923,50
2924,22
2925,55
2926,56
2927,21
2928,35
2929,34
2930,23
2931,27
2932,43
2933,55
2934,45
2935,45
2936,47
2937,56
2938,30
2939,51
2940,54
2941,40
2942,47
2943,37
2944,44
2945,18
2946,20
2947,48
2948,26
2949,41
2950,45
2951,52
2952,20
2953,47
2954,55
2955,62
2956,61
2957,47
2958,34
2959,48
2960,51
2961,35
2962,38
2963,22
2964,58
2965,42
2966,29
2967,27
2968,51
2969,62
2970,55
2971,27
2972,52
2973,28
2974,31
2975,51
2976,18
2977,30
2978,39
2979,35
2980,22
2981,40
2982,19
2983,18
2984,63
2985,18
2986,28
2987,34
2988,32
2989,38
2990,49
2991,51
2992,64
2993,63
2994,54
2995,50
2996,44
2997,51
2998,64
2999,32
3000,18
3001,30
3002,50
3003,50
3004,42
3005,64
3006,54
3007,49
3008,57
3009,31
3010,38
3011,25
3012,23
3013,19
3014,22
3015,22
3016,43
3017,30
3018,34
3019,26
3020,36
3021,46
3022,38
3023,50
3024,22
3025,55
3026,56
3027,21
3028,35
3029,34
3030,23
3031,27
3032,43
3033,55
3034,45
3035,45
3036,47
3037,56
3038,30
3039,51
3040,54
3041,40
3042,47
3043,37
3044,44
3045,18
3046,20
3047,48
3048,26
3049,41
3050,45
3051,52
3052,20
3053,47
3054,55
3055,62
3056,61
3057,47
3058,34
3059,48
3060,51
3061,35
3062,38
3063,22
3064,58
3065,42
3066,29
3067,27
3068,51
3069,62
3070,55
3071,27
3072,52
3073,28
3074,31
3075,51
3076,18
3077,30
3078,39
3079,35
3080,22
3081,40
3082,19
3083,18
3084,63
3085,18
3086,28
3087,34
3088,32
3089,38
3090,49
3091,51
3092,64
3093,63
3094,54
3095,50
3096,44
3097,51
3098,64
3099,32
3100,18
3101,30
3102,50
3103,50
3104,42
3105,64
3106,54
3107,49
3108,57
3109,31
3110,38
3111,25
3112,23
3113,19
3114,22
3115,22
3116,43
3117,30
3118,34
3119,26
3120,36
3121,46
3122,38
3123,50
3124,22
3125,55
3126,56
3127,21
3128,35
3129,34
3130,23
3131,27
3132,43
3133,55
3134,45
3135,45
3136,47
3137,56
3138,30
3139,51
3140,54
3141,40
3142,47
3143,37
3144,44
3145,18
3146,20
3147,48
3148,26
3149,41
3150,45
3151,52
3152,20
3153,47
3154,55
3155,62
3156,61
3157,47
3158,34
3159,48
3160,51
3161,35
3162,38
3163,22
3164,58
3165,42
3166,29
3167,27
3168,51
3169,62
3170,55
3171,27
3172,52
3173,28
3174,31
3175,51
3176,18
3177,30
3178,39
3179,35
3180,22
3181,40
3182,19
3183,18
3184,63
3185,18
3186,28
3187,34
3188,32
3189,38
3190,49
3191,51
3192,64
3193,63
3194,54
3195,50
3196,44
3197,51
3198,64
3199,32
3200,18
3201,30
3202,50
3203,50
3204,42
3205,64
3206,54
3207,49
3208,57
3209,31
3210,38
3211,25
3212,23
3213,19
3214,22
3215,22
3216,43
3217,30
3218,34
3219,26
3220,36
3221,46
3222,38
3223,50
3224,22
3225,55
3226,56
3227,21
3228,35
3229,34
3230,23
3231,27
3232,43
3233,55
3234,45
3235,45
3236,47
3237,56
3238,30
3239,51
3240,54
3241,40
3242,47
3243,37
3244,44
3245,18
3246,20
3247,48
3248,26
3249,41
3250,45
3251,52
3252,20
3253,47
3254,55
3255,62
3256,61
3257,47
3258,34
3259,48
3260,51
3261,35
3262,38
3263,22
3264,58
3265,42
3266,29
3267,27
3268,51
3269,62
3270,55
3271,27
3272,52
3273,28
3274,31
3275,51
3276,18
3277,30
3278,39
3279,35
3280,22
3281,40
3282,19
3283,18
3284,63
3285,18
3286,28
3287,34
3288,32
3289,38
3290,49
3291,51
3292,64
3293,63
3294,54
3295,50
3296,44
3297,51
3298,64
3299,32
3300,18
3301,30
3302,50
3303,50
3304,42
3305,64
3306,54
3307,49
3308,57
3309,31
3310,38
3311,25
3312,23
3313,19
3314,22
3315,22
3316,43
3317,30
3318,34
3319,26
3320,36
3321,46
3322,38
3323,50
3324,22
3325,55
3326,56
3327,21
3328,35
3329,34
3330,23
3331,27
3332,43
3333,55
3334,45
3335,45
3336,47
3337,56
3338,30
3339,51
3340,54
3341,40
3342,47
3343,37
3344,44
3345,18
3346,20
3347,48
3348,26
3349,41
3350,45
3351,52
3352,20
3353,47
3354,55
3355,62
3356,61
3357,47
3358,34
3359,48
3360,51
3361,35
3362,38
3363,22
3364,58
3365,42
3366,29
3367,27
3368,51
3369,62
3370,55
3371,27
3372,52
3373,28
3374,31
3375,51
3376,18
3377,30
3378,39
3379,35
3380,22
3381,40
3382,19
3383,18
3384,63
3385,18
3386,28
3387,34
3388,32
3389,38
3390,49
3391,51
3392,64
3393,63
3394,54
3395,50
3396,44
3397,51
3398,64
3399,32
3400,18
3401,30
3402,50
3403,50
3404,42
3405,64
3406,54
3407,49
3408,57
3409,31
3410,38
3411,25
3412,23
3413,19
3414,22
3415,22
3416,43
3417,30
3418,34
3419,26
3420,36
3421,46
3422,38
3423,50
3424,22
3425,55
3426,56
3427,21
3428,35
3429,34
3430,23
3431,27
3432,43
3433,55
3434,45
3435,45
3436,47
3437,56
3438,30
3439,51
3440,54
3441,40
3442,47
3443,37
3444,44
3445,18
3446,20
3447,48
3448,26
3449,41
3450,45
3451,52
3452,20
3453,47
3454,55
3455,62
3456,61
3457,47
3458,34
3459,48
3460,51
3461,35
3462,38
3463,22
3464,58
3465,42
3466,29
3467,27
3468,51
3469,62
3470,55
3471,27
3472,52
3473,28
3474,31
3475,51
3476,18
3477,30
3478,39
3479,35
3480,22
3481,40
3482,19
3483,18
3484,63
3485,18
3486,28
3487,34
3488,32
3489,38
3490,49
3491,51
3492,64
3493,63
3494,54
3495,50
3496,44
3497,51
3498,64
3499,32
3500,18
3501,30
3502,50
3503,50
3504,42
3505,64
3506,54
3507,49
3508,57
3509,31
3510,38
3511,25
3512,23
3513,19
3514,22
3515,22
3516,43
3517,30
3518,34
3519,26
3520,36
3521,46
3522,38
3523,50
3524,22
3525,55
3526,56
3527,21
3528,35
3529,34
3530,23
3531,27
3532,43
3533,55
3534,45
3535,45
3536,47
3537,56
3538,30
3539,51
3540,54
3541,40
3542,47
3543,37
3544,44
3545,18
3546,20
3547,48
3548,26
3549,41
3550,45
3551,52
3552,20
3553,47
3554,55
3555,62
3556,61
3557,47
3558,34
3559,48
3560,51
3561,35
3562,38
3563,22
3564,58
3565,42
3566,29
3567,27
3568,51
3569,62
3570,55
3571,27
3572,52
3573,28
3574,31
3575,51
3576,18
3577,30
3578,39
3579,35
3580,22
3581,40
3582,19
3583,18
3584,63
3585,18
3586,28
3587,34
3588,32
3589,38
3590,49
3591,51
3592,64
3593,63
3594,54
3595,50
3596,44
3597,51
3598,64
3599,32
3600,18
3601,30
3602,50
3603,50
3604,42
3605,64
3606,54
3607,49
3608,57
3609,31
3610,38
3611,25
3612,23
3613,19
3614,22
3615,22
3616,43
3617,30
3618,34
3619,26
3620,36
3621,46
3622,38
3623,50
3624,22
3625,55
3626,56
3627,21
3628,35
3629,34
3630,23
3631,27
3632,43
3633,55
3634,45
3635,45
3636,47
3637,56
3638,30
3639,51
3640,54
3641,40
3642,47
3643,37
3644,44
3645,18
3646,20
3647,48
3648,26
3649,41
3650,45
3651,52
3652,20
3653,47
3654,55
3655,62
3656,61
3657,47
3658,34
3659,48
3660,51
3661,35
3662,38
3663,22
3664,58
3665,42
3666,29
3667,27
3668,51
3669,62
3670,55
3671,27
3672,52
3673,28
3674,31
3675,51
3676,18
3677,30
3678,39
3679,35
3680,22
3681,40
3682,19
3683,18
3684,63
3685,18
3686,28
3687,34
3688,32
3689,38
3690,49
3691,51
3692,64
3693,63
3694,54
3695,50
3696,44
3697,51
3698,64
3699,32
3700,18
3701,30
3702,50
3703,50
3704,42
3705,64
3706,54
3707,49
3708,57
3709,31
3710,38
3711,25
3712,23
3713,19
3714,22
3715,22
3716,43
3717,30
3718,34
3719,26
3720,36
3721,46
3722,38
3723,50
3724,22
3725,55
3726,56
3727,21
3728,35
3729,34
3730,23
3731,27
3732,43
3733,55
3734,45
3735,45
3736,47
3737,56
3738,30
3739,51
3740,54
3741,40
3742,47
3743,37
3744,44
3745,18
3746,20
3747,48
3748,26
3749,41
3750,45
3751,52
3752,20
3753,47
3754,55
3755,62
3756,61
3757,47
3758,34
3759,48
3760,51
3761,35
3762,38
3763,22
3764,58
3765,42
3766,29
3767,27
3768,51
3769,62
3770,55
3771,27
3772,52
3773,28
3774,31
3775,51
3776,18
3777,30
3778,39
3779,35
3780,22
3781,40
3782,19
3783,18
3784,63
3785,18
3786,28
3787,34
3788,32
3789,38
3790,49
3791,51
3792,64
3793,63
3794,54
3795,50
3796,44
3797,51
3798,64
3799,32
3800,18
3801,30
3802,50
3803,50
3804,42
3805,64
3806,54
3807,49
3808,57
3809,31
3810,38
3811,25
3812,23
3813,19
3814,22
3815,22
3816,43
3817,30
3818,34
3819,26
3820,36
3821,46
3822,38
3823,50
3824,22
3825,55
3826,56
3827,21
3828,35
3829,34
3830,23
3831,27
3832,43
3833,55
3834,45
3835,45
3836,47
3837,56
3838,30
3839,51
3840,54
3841,40
3842,47
3843,37
3844,44
3845,18
3846,20
3847,48
3848,26
3849,41
3850,45
3851,52
3852,20
3853,47
3854,55
3855,62
3856,61
3857,47
3858,34
3859,48
3860,51
3861,35
3862,38
3863,22
3864,58
3865,42
3866,29
3867,27
3868,51
3869,62
3870,55
3871,27
3872,52
3873,28
3874,31
3875,51
3876,18
3877,30
3878,39
3879,35
3880,22
3881,40
3882,19
3883,18
3884,63
3885,18
3886,28
3887,34
3888,32
3889,38
3890,49
3891,51
3892,64
3893,63
3894,54
3895,50
3896,44
3897,51
3898,64
3899,32
3900,18
3901,30
3902,50
3903,50
3904,42
3905,64
3906,54
3907,49
3908,57
3909,31
3910,38
3911,25
3912,23
3913,19
3914,22
3915,22
3916,43
3917,30
3918,34
3919,26
3920,36
3921,46
3922,38
3923,50
3924,22
3925,55
3926,56
3927,21
3928,35
3929,34
3930,23
3931,27
3932,43
3933,55
3934,45
3935,45
3936,47
3937,56
3938,30
3939,51
3940,54
3941,40
3942,47
3943,37
3944,44
3945,18
3946,20
3947,48
3948,26
3949,41
3950,45
3951,52
3952,20
3953,47
3954,55
3955,62
3956,61
3957,47
3958,34
3959,48
3960,51
3961,35
3962,38
3963,22
3964,58
3965,42
3966,29
3967,27
3968,51
3969,62
3970,55
3971,27
3972,52
3973,28
3974,31
3975,51
3976,18
3977,30
3978,39
3979,35
3980,22
3981,40
3982,19
3983,18
3984,63
3985,18
3986,28
3987,34
3988,32
3989,38
3990,49
3991,51
3992,64
3993,63
3994,54
3995,50
3996,44
3997,51
3998,64
3999,32
4000,18
4001,30
4002,50
4003,50
4004,42
4005,64
4006,54
4007,49
4008,57
4009,31
4010,38
4011,25
4012,23
4013,19
4014,22
4015,22
4016,43
4017,30
4018,34
4019,26
4020,36
4021,46
4022,38
4023,50
4024,22
4025,55
4026,56
4027,21
4028,35
4029,34
4030,23
4031,27
4032,43
4033,55
4034,45
4035,45
4036,47
4037,56
4038,30
4039,51
4040,54
4041,40
4042,47
4043,37
4044,44
4045,18
4046,20
4047,48
4048,26
4049,41
4050,45
4051,52
4052,20
4053,47
4054,55
4055,62
4056,61
4057,47
4058,34
4059,48
4060,51
4061,35
4062,38
4063,22
4064,58
4065,42
4066,29
4067,27
4068,51
4069,62
4070,55
4071,27
4072,52
4073,28
4074,31
4075,51
4076,18
4077,30
4078,39
4079,35
4080,22
4081,40
4082,19
4083,18
4084,63
4085,18
4086,28
4087,34
4088,32
4089,38
4090,49
4091,51
4092,64
4093,63
4094,54
4095,50
4096,44
4097,51
4098,64
4099,32
4100,18
4101,30
4102,50
4103,50
4104,42
4105,64
4106,54
4107,49
4108,57
4109,31
4110,38
4111,25
4112,23
4113,19
4114,22
4115,22
4116,43
4117,30
4118,34
4119,26
4120,36
4121,46
4122,38
4123,50
4124,22
4125,55
4126,56
4127,21
4128,35
4129,34
4130,23
4131,27
4132,43
4133,55
4134,45
4135,45
4136,47
4137,56
4138,30
4139,51
4140,54
4141,40
4142,47
4143,37
4144,44
4145,18
4146,20
4147,48
4148,26
4149,41
4150,45
4151,52
4152,20
4153,47
4154,55
4155,62
4156,61
4157,47
4158,34
4159,48
4160,51
4161,35
4162,38
4163,22
4164,58
4165,42
4166,29
4167,27
4168,51
4169,62
4170,55
4171,27
4172,52
4173,28
4174,31
4175,51
4176,18
4177,30
4178,39
4179,35
4180,22
4181,40
4182,19
4183,18
4184,63
4185,18
4186,28
4187,34
4188,32
4189,38
4190,49
4191,51
4192,64
4193,63
4194,54
4195,50
4196,44
4197,51
4198,64
4199,32
4200,18
4201,30
4202,50
4203,50
4204,42
4205,64
4206,54
4207,49
4208,57
4209,31
4210,38
4211,25
4212,23
4213,19
4214,22
4215,22
4216,43
4217,30
4218,34
4219,26
4220,36
4221,46
4222,38
4223,50
4224,22
4225,55
4226,56
4227,21
4228,35
4229,34
4230,23
4231,27
4232,43
4233,55
4234,45
4235,45
4236,47
4237,56
4238,30
4239,51
4240,54
4241,40
4242,47
4243,37
4244,44
4245,18
4246,20
4247,48
4248,26
4249,41
4250,45
4251,52
4252,20
4253,47
4254,55
4255,62
4256,61
4257,47
4258,34
4259,48
4260,51
4261,35
4262,38
4263,22
4264,58
4265,42
4266,29
4267,27
4268,51
4269,62
4270,55
4271,27
4272,52
4273,28
4274,31
4275,51
4276,18
4277,30
4278,39
4279,35
4280,22
4281,40
4282,19
4283,18
4284,63
4285,18
4286,28
4287,34
4288,32
4289,38
4290,49
4291,51
4292,64
4293,63
4294,54
4295,50
4296,44
4297,51
4298,64
4299,32
4300,18
4301,30
4302,50
4303,50
4304,42
4305,64
4306,54
4307,49
4308,57
4309,31
4310,38
4311,25
4312,23
4313,19
4314,22
4315,22
4316,43
4317,30
4318,34
4319,26
4320,36
4321,46
4322,38
4323,50
4324,22
4325,55
4326,56
4327,21
4328,35
4329,34
4330,23
4331,27
4332,43
4333,55
4334,45
4335,45
4336,47
4337,56
4338,30
4339,51
4340,54
4341,40
4342,47
4343,37
4344,44
4345,18
4346,20
4347,48
4348,26
4349,41
4350,45
4351,52
4352,20
4353,47
4354,55
4355,62
4356,61
4357,47
4358,34
4359,48
4360,51
4361,35
4362,38
4363,22
4364,58
4365,42
4366,29
4367,27
4368,51
4369,62
4370,55
4371,27
4372,52
4373,28
4374,31
4375,51
4376,18
4377,30
4378,39
4379,35
4380,22
4381,40
4382,19
4383,18
4384,63
4385,18
4386,28
4387,34
4388,32
4389,38
4390,49
4391,51
4392,64
4393,63
4394,54
4395,50
4396,44
4397,51
4398,64
4399,32
4400,18
4401,30
4402,50
4403,50
4404,42
4405,64
4406,54
4407,49
4408,57
4409,31
4410,38
4411,25
4412,23
4413,19
4414,22
4415,22
4416,43
4417,30
4418,34
4419,26
4420,36
4421,46
4422,38
4423,50
4424,22
4425,55
4426,56
4427,21
4428,35
4429,34
4430,23
4431,27
4432,43
4433,55
4434,45
4435,45
4436,47
4437,56
4438,30
4439,51
4440,54
4441,40
4442,47
4443,37
4444,44
4445,18
4446,20
4447,48
4448,26
4449,41
4450,45
4451,52
4452,20
4453,47
4454,55
4455,62
4456,61
4457,47
4458,34
4459,48
4460,51
4461,35
4462,38
4463,22
4464,58
4465,42
4466,29
4467,27
4468,51
4469,62
4470,55
4471,27
4472,52
4473,28
4474,31
4475,51
4476,18
4477,30
4478,39
4479,35
4480,22
4481,40
4482,19
4483,18
4484,63
4485,18
4486,28
4487,34
4488,32
4489,38
4490,49
4491,51
4492,64
4493,63
4494,54
4495,50
4496,44
4497,51
4498,64
4499,32
4500,18
4501,30
4502,50
4503,50
4504,42
4505,64
4506,54
4507,49
4508,57
4509,31
4510,38
4511,25
4512,23
4513,19
4514,22
4515,22
4516,43
4517,30
4518,34
4519,26
4520,36
4521,46
4522,38
4523,50
4524,22
4525,55
4526,56
4527,21
4528,35
4529,34
4530,23
4531,27
4532,43
4533,55
4534,45
4535,45
4536,47
4537,56
4538,30
4539,51
4540,54
4541,40
4542,47
4543,37
4544,44
4545,18
4546,20
4547,48
4548,26
4549,41
4550,45
4551,52
4552,20
4553,47
4554,55
4555,62
4556,61
4557,47
4558,34
4559,48
4560,51
4561,35
4562,38
4563,22
4564,58
4565,42
4566,29
4567,27
4568,51
4569,62
4570,55
4571,27
4572,52
4573,28
4574,31
4575,51
4576,18
4577,30
4578,39
4579,35
4580,22
4581,40
4582,19
4583,18
4584,63
4585,18
4586,28
4587,34
4588,32
4589,38
4590,49
4591,51
4592,64
4593,63
4594,54
4595,50
4596,44
4597,51
4598,64
4599,32
4600,18
4601,30
4602,50
4603,50
4604,42
4605,64
4606,54
4607,49
4608,57
4609,31
4610,38
4611,25
4612,23
4613,19
4614,22
4615,22
4616,43
4617,30
4618,34
4619,26
4620,36
4621,46
4622,38
4623,50
4624,22
4625,55
4626,56
4627,21
4628,35
4629,34
4630,23
4631,27
4632,43
4633,55
4634,45
4635,45
4636,47
4637,56
4638,30
4639,51
4640,54
4641,40
4642,47
4643,37
4644,44
4645,18
4646,20
4647,48
4648,26
4649,41
4650,45
4651,52
4652,20
4653,47
4654,55
4655,62
4656,61
4657,47
4658,34
4659,48
4660,51
4661,35
4662,38
4663,22
4664,58
4665,42
4666,29
4667,27
4668,51
4669,62
4670,55
4671,27
4672,52
4673,28
4674,31
4675,51
4676,18
4677,30
4678,39
4679,35
4680,22
4681,40
4682,19
4683,18
4684,63
4685,18
4686,28
4687,34
4688,32
4689,38
4690,49
4691,51
4692,64
4693,63
4694,54
4695,50
4696,44
4697,51
4698,64
4699,32
4700,18
4701,30
4702,50
4703,50
4704,42
4705,64
4706,54
4707,49
4708,57
4709,31
4710,38
4711,25
4712,23
4713,19
4714,22
4715,22
4716,43
4717,30
4718,34
4719,26
4720,36
4721,46
4722,38
4723,50
4724,22
4725,55
4726,56
4727,21
4728,35
4729,34
4730,23
4731,27
4732,43
4733,55
4734,45
4735,45
4736,47
4737,56
4738,30
4739,51
4740,54
4741,40
4742,47
4743,37
4744,44
4745,18
4746,20
4747,48
4748,26
4749,41
4750,45
4751,52
4752,20
4753,47
4754,55
4755,62
4756,61
4757,47
4758,34
4759,48
4760,51
4761,35
4762,38
4763,22
4764,58
4765,42
4766,29
4767,27
4768,51
4769,62
4770,55
4771,27
4772,52
4773,28
4774,31
4775,51
4776,18
4777,30
4778,39
4779,35
4780,22
4781,40
4782,19
4783,18
4784,63
4785,18
4786,28
4787,34
4788,32
4789,38
4790,49
4791,51
4792,64
4793,63
4794,54
4795,50
4796,44
4797,51
4798,64
4799,32
4800,18
4801,30
4802,50
4803,50
4804,42
4805,64
4806,54
4807,49
4808,57
4809,31
4810,38
4811,25
4812,23
4813,19
4814,22
4815,22
4816,43
4817,30
4818,34
4819,26
4820,36
4821,46
4822,38
4823,50
4824,22
4825,55
4826,56
4827,21
4828,35
4829,34
4830,23
4831,27
4832,43
4833,55
4834,45
4835,45
4836,47
4837,56
4838,30
4839,51
4840,54
4841,40
4842,47
4843,37
4844,44
4845,18
4846,20
4847,48
4848,26
4849,41
4850,45
4851,52
4852,20
4853,47
4854,55
4855,62
4856,61
4857,47
4858,34
4859,48
4860,51
4861,35
4862,38
4863,22
4864,58
4865,42
4866,29
4867,27
4868,51
4869,62
4870,55
4871,27
4872,52
4873,28
4874,31
4875,51
4876,18
4877,30
4878,39
4879,35
4880,22
4881,40
4882,19
4883,18
4884,63
4885,18
4886,28
4887,34
4888,32
4889,38
4890,49
4891,51
4892,64
4893,63
4894,54
4895,50
4896,44
4897,51
4898,64
4899,32
4900,18
4901,30
4902,50
4903,50
4904,42
4905,64
4906,54
4907,49
4908,57
4909,31
4910,38
4911,25
4912,23
4913,19
4914,22
4915,22
4916,43
4917,30
4918,34
4919,26
4920,36
4921,46
4922,38
4923,50
4924,22
4925,55
4926,56
4927,21
4928,35
4929,34
4930,23
4931,27
4932,43
4933,55
4934,45
4935,45
4936,47
4937,56
4938,30
4939,51
4940,54
4941,40
4942,47
4943,37
4944,44
4945,18
4946,20
4947,48
4948,26
4949,41
4950,45
4951,52
4952,20
4953,47
4954,55
4955,62
4956,61
4957,47
4958,34
4959,48
4960,51
4961,35
4962,38
4963,22
4964,58
4965,42
4966,29
4967,27
4968,51
4969,62
4970,55
4971,27
4972,52
4973,28
4974,31
4975,51
4976,18
4977,30
4978,39
4979,35
4980,22
4981,40
4982,19
4983,18
4984,63
4985,18
4986,28
4987,34
4988,32
4989,38
4990,49
4991,51
4992,64
4993,63
4994,54
4995,50
4996,44
4997,51
4998,64
4999,32
5000,18
5001,30
5002,50
5003,50
5004,42
5005,64
5006,54
5007,49
5008,57
5009,31
5010,38
5011,25
5012,23
5013,19
5014,22
5015,22
5016,43
5017,30
5018,34
5019,26
5020,36
5021,46
5022,38
5023,50
5024,22
5025,55
5026,56
5027,21
5028,35
5029,34
5030,23
5031,27
5032,43
5033,55
5034,45
5035,45
5036,47
5037,56
5038,30
5039,51
5040,54
5041,40
5042,47
5043,37
5044,44
5045,18
5046,20
5047,48
5048,26
5049,41
5050,45
5051,52
5052,20
5053,47
5054,55
5055,62
5056,61
5057,47
5058,34
5059,48
5060,51
5061,35
5062,38
5063,22
5064,58
5065,42
5066,29
5067,27
5068,51
5069,62
5070,55
5071,27
5072,52
5073,28
5074,31
5075,51
5076,18
5077,30
5078,39
5079,35
5080,22
5081,40
5082,19
5083,18
5084,63
5085,18
5086,28
5087,34
5088,32
5089,38
5090,49
5091,51
5092,64
5093,63
5094,54
5095,50
5096,44
5097,51
5098,64
5099,32
5100,18
5101,30
5102,50
5103,50
5104,42
5105,64
5106,54
5107,49
5108,57
5109,31
5110,38
5111,25
5112,23
5113,19
5114,22
5115,22
5116,43
5117,30
5118,34
5119,26
5120,36
5121,46
5122,38
5123,50
5124,22
5125,55
5126,56
5127,21
5128,35
5129,34
5130,23
5131,27
5132,43
5133,55
5134,45
5135,45
5136,47
5137,56
5138,30
5139,51
5140,54
5141,40
5142,47
5143,37
5144,44
5145,18
5146,20
5147,48
5148,26
5149,41
5150,45
5151,52
5152,20
5153,47
5154,55
5155,62
5156,61
5157,47
5158,34
5159,48
5160,51
5161,35
5162,38
5163,22
5164,58
5165,42
5166,29
5167,27
5168,51
5169,62
5170,55
5171,27
5172,52
5173,28
5174,31
5175,51
5176,18
5177,30
5178,39
5179,35
5180,22
5181,40
5182,19
5183,18
5184,63
5185,18
5186,28
5187,34
5188,32
5189,38
5190,49
5191,51
5192,64
5193,63
5194,54
5195,50
5196,44
5197,51
5198,64
5199,32
5200,18
5201,30
5202,50
5203,50
5204,42
5205,64
5206,54
5207,49
5208,57
5209,31
5210,38
5211,25
5212,23
5213,19
5214,22
5215,22
5216,43
5217,30
5218,34
5219,26
5220,36
5221,46
5222,38
5223,50
5224,22
5225,55
5226,56
5227,21
5228,35
5229,34
5230,23
5231,27
5232,43
5233,55
5234,45
5235,45
5236,47
5237,56
5238,30
5239,51
5240,54
5241,40
5242,47
5243,37
5244,44
5245,18
5246,20
5247,48
5248,26
5249,41
5250,45
5251,52
5252,20
5253,47
5254,55
5255,62
5256,61
5257,47
5258,34
5259,48
5260,51
5261,35
5262,38
5263,22
5264,58
5265,42
5266,29
5267,27
5268,51
5269,62
5270,55
5271,27
5272,52
5273,28
5274,31
5275,51
5276,18
5277,30
5278,39
5279,35
5280,22
5281,40
5282,19
5283,18
5284,63
5285,18
5286,28
5287,34
5288,32
5289,38
5290,49
5291,51
5292,64
5293,63
5294,54
5295,50
5296,44
5297,51
5298,64
5299,32
5300,18
5301,30
5302,50
5303,50
5304,42
5305,64
5306,54
5307,49
5308,57
5309,31
5310,38
5311,25
5312,23
5313,19
5314,22
5315,22
5316,43
5317,30
5318,34
5319,26
5320,36
5321,46
5322,38
5323,50
5324,22
5325,55
5326,56
5327,21
5328,35
5329,34
5330,23
5331,27
5332,43
5333,55
5334,45
5335,45
5336,47
5337,56
5338,30
5339,51
5340,54
5341,40
5342,47
5343,37
5344,44
5345,18
5346,20
5347,48
5348,26
5349,41
5350,45
5351,52
5352,20
5353,47
5354,55
5355,62
5356,61
5357,47
5358,34
5359,48
5360,51
5361,35
5362,38
5363,22
5364,58
5365,42
5366,29
5367,27
5368,51
5369,62
5370,55
5371,27
5372,52
5373,28
5374,31
5375,51
5376,18
5377,30
5378,39
5379,35
5380,22
5381,40
5382,19
5383,18
5384,63
5385,18
5386,28
5387,34
5388,32
5389,38
5390,49
5391,51
5392,64
5393,63
5394,54
5395,50
5396,44
5397,51
5398,64
5399,32
5400,18
5401,30
5402,50
5403,50
5404,42
5405,64
5406,54
5407,49
5408,57
5409,31
5410,38
5411,25
5412,23
5413,19
5414,22
5415,22
5416,43
5417,30
5418,34
5419,26
5420,36
5421,46
5422,38
5423,50
5424,22
5425,55
5426,56
5427,21
5428,35
5429,34
5430,23
5431,27
5432,43
5433,55
5434,45
5435,45
5436,47
5437,56
5438,30
5439,51
5440,54
5441,40
5442,47
5443,37
5444,44
5445,18
5446,20
5447,48
5448,26
5449,41
5450,45
5451,52
5452,20
5453,47
5454,55
5455,62
5456,61
5457,47
5458,34
5459,48
5460,51
5461,35
5462,38
5463,22
5464,58
5465,42
5466,29
5467,27
5468,51
5469,62
5470,55
5471,27
5472,52
5473,28
5474,31
5475,51
5476,18
5477,30
5478,39
5479,35
5480,22
5481,40
5482,19
5483,18
5484,63
5485,18
5486,28
5487,34
5488,32
5489,38
5490,49
5491,51
5492,64
5493,63
5494,54
5495,50
5496,44
5497,51
5498,64
5499,32
5500,18
5501,30
5502,50
5503,50
5504,42
5505,64
5506,54
5507,49
5508,57
5509,31
5510,38
5511,25
5512,23
5513,19
5514,22
5515,22
5516,43
5517,30
5518,34
5519,26
5520,36
5521,46
5522,38
5523,50
5524,22
5525,55
5526,56
5527,21
5528,35
5529,34
5530,23
5531,27
5532,43
5533,55
5534,45
5535,45
5536,47
5537,56
5538,30
5539,51
5540,54
5541,40
5542,47
5543,37
5544,44
5545,18
5546,20
5547,48
5548,26
5549,41
5550,45
5551,52
5552,20
5553,47
5554,55
5555,62
5556,61
5557,47
5558,34
5559,48
5560,51
5561,35
5562,38
5563,22
5564,58
5565,42
5566,29
5567,27
5568,51
5569,62
5570,55
5571,27
5572,52
5573,28
5574,31
5575,51
5576,18
5577,30
5578,39
5579,35
5580,22
5581,40
5582,19
5583,18
5584,63
5585,18
5586,28
5587,34
5588,32
5589,38
5590,49
5591,51
5592,64
5593,63
5594,54
5595,50
5596,44
5597,51
5598,64
5599,32
5600,18
5601,30
5602,50
5603,50
5604,42
5605,64
5606,54
5607,49
5608,57
5609,31
5610,38
5611,25
5612,23
5613,19
5614,22
5615,22
5616,43
5617,30
5618,34
5619,26
5620,36
5621,46
5622,38
5623,50
5624,22
5625,55
5626,56
5627,21
5628,35
5629,34
5630,23
5631,27
5632,43
5633,55
5634,45
5635,45
5636,47
5637,56
5638,30
5639,51
5640,54
5641,40
5642,47
5643,37
5644,44
5645,18
5646,20
5647,48
5648,26
5649,41
5650,45
5651,52
5652,20
5653,47
5654,55
5655,62
5656,61
5657,47
5658,34
5659,48
5660,51
5661,35
5662,38
5663,22
5664,58
5665,42
5666,29
5667,27
5668,51
5669,62
5670,55
5671,27
5672,52
5673,28
5674,31
5675,51
5676,18
5677,30
5678,39
5679,35
5680,22
5681,40
5682,19
5683,18
5684,63
5685,18
5686,28
5687,34
5688,32
5689,38
5690,49
5691,51
5692,64
5693,63
5694,54
5695,50
5696,44
5697,51
5698,64
5699,32
5700,18
5701,30
5702,50
5703,50
5704,42
5705,64
5706,54
5707,49
5708,57
5709,31
5710,38
5711,25
5712,23
5713,19
5714,22
5715,22
5716,43
5717,30
5718,34
5719,26
5720,36
5721,46
5722,38
5723,50
5724,22
5725,55
5726,56
5727,21
5728,35
5729,34
5730,23
5731,27
5732,43
5733,55
5734,45
5735,45
5736,47
5737,56
5738,30
5739,51
5740,54
5741,40
5742,47
5743,37
5744,44
5745,18
5746,20
5747,48
5748,26
5749,41
5750,45
5751,52
5752,20
5753,47
5754,55
5755,62
5756,61
5757,47
5758,34
5759,48
5760,51
5761,35
5762,38
5763,22
5764,58
5765,42
5766,29
5767,27
5768,51
5769,62
5770,55
5771,27
5772,52
5773,28
5774,31
5775,51
5776,18
5777,30
5778,39
5779,35
5780,22
5781,40
5782,19
5783,18
5784,63
5785,18
5786,28
5787,34
5788,32
5789,38
5790,49
5791,51
5792,64
5793,63
5794,54
5795,50
5796,44
5797,51
5798,64
5799,32
5800,18
5801,30
5802,50
5803,50
5804,42
5805,64
5806,54
5807,49
5808,57
5809,31
5810,38
5811,25
5812,23
5813,19
5814,22
5815,22
5816,43
5817,30
5818,34
5819,26
5820,36
5821,46
5822,38
5823,50
5824,22
5825,55
5826,56
5827,21
5828,35
5829,34
5830,23
5831,27
5832,43
5833,55
5834,45
5835,45
5836,47
5837,56
5838,30
5839,51
5840,54
5841,40
5842,47
5843,37
5844,44
5845,18
5846,20
5847,48
5848,26
5849,41
5850,45
5851,52
5852,20
5853,47
5854,55
5855,62
5856,61
5857,47
5858,34
5859,48
5860,51
5861,35
5862,38
5863,22
5864,58
5865,42
5866,29
5867,27
5868,51
5869,62
5870,55
5871,27
5872,52
5873,28
5874,31
5875,51
5876,18
5877,30
5878,39
5879,35
5880,22
5881,40
5882,19
5883,18
5884,63
5885,18
5886,28
5887,34
5888,32
5889,38
5890,49
5891,51
5892,64
5893,63
5894,54
5895,50
5896,44
5897,51
5898,64
5899,32
5900,18
5901,30
5902,50
5903,50
5904,42
5905,64
5906,54
5907,49
5908,57
5909,31
5910,38
5911,25
5912,23
5913,19
5914,22
5915,22
5916,43
5917,30
5918,34
5919,26
5920,36
5921,46
5922,38
5923,50
5924,22
5925,55
5926,56
5927,21
5928,35
5929,34
5930,23
5931,27
5932,43
5933,55
5934,45
5935,45
5936,47
5937,56
5938,30
5939,51
5940,54
5941,40
5942,47
5943,37
5944,44
5945,18
5946,20
5947,48
5948,26
5949,41
5950,45
5951,52
5952,20
5953,47
5954,55
5955,62
5956,61
5957,47
5958,34
5959,48
5960,51
5961,35
5962,38
5963,22
5964,58
5965,42
5966,29
5967,27
5968,51
5969,62
5970,55
5971,27
5972,52
5973,28
5974,31
5975,51
5976,18
5977,30
5978,39
5979,35
5980,22
5981,40
5982,19
5983,18
5984,63
5985,18
5986,28
5987,34
5988,32
5989,38
5990,49
5991,51
5992,64
5993,63
5994,54
5995,50
5996,44
5997,51
5998,64
5999,32
6000,18
6001,30
6002,50
6003,50
6004,42
6005,64
6006,54
6007,49
6008,57
6009,31
6010,38
6011,25
6012,23
6013,19
6014,22
6015,22
6016,43
6017,30
6018,34
6019,26
6020,36
6021,46
6022,38
6023,50
6024,22
6025,55
6026,56
6027,21
6028,35
6029,34
6030,23
6031,27
6032,43
6033,55
6034,45
6035,45
6036,47
6037,56
6038,30
6039,51
6040,54
6041,40
6042,47
6043,37
6044,44
6045,18
6046,20
6047,48
6048,26
6049,41
6050,45
6051,52
6052,20
6053,47
6054,55
6055,62
6056,61
6057,47
6058,34
6059,48
6060,51
6061,35
6062,38
6063,22
6064,58
6065,42
6066,29
6067,27
6068,51
6069,62
6070,55
6071,27
6072,52
6073,28
6074,31
6075,51
6076,18
6077,30
6078,39
6079,35
6080,22
6081,40
6082,19
6083,18
6084,63
6085,18
6086,28
6087,34
6088,32
6089,38
6090,49
6091,51
6092,64
6093,63
6094,54
6095,50
6096,44
6097,51
6098,64
6099,32
6100,18
6101,30
6102,50
6103,50
6104,42
6105,64
6106,54
6107,49
6108,57
6109,31
6110,38
6111,25
6112,23
6113,19
6114,22
6115,22
6116,43
6117,30
6118,34
6119,26
6120,36
6121,46
6122,38
6123,50
6124,22
6125,55
6126,56
6127,21
6128,35
6129,34
6130,23
6131,27
6132,43
6133,55
6134,45
6135,45
6136,47
6137,56
6138,30
6139,51
6140,54
6141,40
6142,47
6143,37
6144,44
6145,18
6146,20
6147,48
6148,26
6149,41
6150,45
6151,52
6152,20
6153,47
6154,55
6155,62
6156,61
6157,47
6158,34
6159,48
6160,51
6161,35
6162,38
6163,22
6164,58
6165,42
6166,29
6167,27
6168,51
6169,62
6170,55
6171,27
6172,52
6173,28
6174,31
6175,51
6176,18
6177,30
6178,39
6179,35
6180,22
6181,40
6182,19
6183,18
6184,63
6185,18
6186,28
6187,34
6188,32
6189,38
6190,49
6191,51
6192,64
6193,63
6194,54
6195,50
6196,44
6197,51
6198,64
6199,32
6200,18
6201,30
6202,50
6203,50
6204,42
6205,64
6206,54
6207,49
6208,57
6209,31
6210,38
6211,25
6212,23
6213,19
6214,22
6215,22
6216,43
6217,30
6218,34
6219,26
6220,36
6221,46
6222,38
6223,50
6224,22
6225,55
6226,56
6227,21
6228,35
6229,34
6230,23
6231,27
6232,43
6233,55
6234,45
6235,45
6236,47
6237,56
6238,30
6239,51
6240,54
6241,40
6242,47
6243,37
6244,44
6245,18
6246,20
6247,48
6248,26
6249,41
6250,45
6251,52
6252,20
6253,47
6254,55
6255,62
6256,61
6257,47
6258,34
6259,48
6260,51
6261,35
6262,38
6263,22
6264,58
6265,42
6266,29
6267,27
6268,51
6269,62
6270,55
6271,27
6272,52
6273,28
6274,31
6275,51
6276,18
6277,30
6278,39
6279,35
6280,22
6281,40
6282,19
6283,18
6284,63
6285,18
6286,28
6287,34
6288,32
6289,38
6290,49
6291,51
6292,64
6293,63
6294,54
6295,50
6296,44
6297,51
6298,64
6299,32
6300,18
6301,30
6302,50
6303,50
6304,42
6305,64
6306,54
6307,49
6308,57
6309,31
6310,38
6311,25
6312,23
6313,19
6314,22
6315,22
6316,43
6317,30
6318,34
6319,26
6320,36
6321,46
6322,38
6323,50
6324,22
6325,55
6326,56
6327,21
6328,35
6329,34
6330,23
6331,27
6332,43
6333,55
6334,45
6335,45
6336,47
6337,56
6338,30
6339,51
6340,54
6341,40
6342,47
6343,37
6344,44
6345,18
6346,20
6347,48
6348,26
6349,41
6350,45
6351,52
6352,20
6353,47
6354,55
6355,62
6356,61
6357,47
6358,34
6359,48
6360,51
6361,35
6362,38
6363,22
6364,58
6365,42
6366,29
6367,27
6368,51
6369,62
6370,55
6371,27
6372,52
6373,28
6374,31
6375,51
6376,18
6377,30
6378,39
6379,35
6380,22
6381,40
6382,19
6383,18
6384,63
6385,18
6386,28
6387,34
6388,32
6389,38
6390,49
6391,51
6392,64
6393,63
6394,54
6395,50
6396,44
6397,51
6398,64
6399,32
6400,18
6401,30
6402,50
6403,50
6404,42
6405,64
6406,54
6407,49
6408,57
6409,31
6410,38
6411,25
6412,23
6413,19
6414,22
6415,22
6416,43
6417,30
6418,34
6419,26
6420,36
6421,46
6422,38
6423,50
6424,22
6425,55
6426,56
6427,21
6428,35
6429,34
6430,23
6431,27
6432,43
6433,55
6434,45
6435,45
6436,47
6437,56
6438,30
6439,51
6440,54
6441,40
6442,47
6443,37
6444,44
6445,18
6446,20
6447,48
6448,26
6449,41
6450,45
6451,52
6452,20
6453,47
6454,55
6455,62
6456,61
6457,47
6458,34
6459,48
6460,51
6461,35
6462,38
6463,22
6464,58
6465,42
6466,29
6467,27
6468,51
6469,62
6470,55
6471,27
6472,52
6473,28
6474,31
6475,51
6476,18
6477,30
6478,39
6479,35
6480,22
6481,40
6482,19
6483,18
6484,63
6485,18
6486,28
6487,34
6488,32
6489,38
6490,49
6491,51
6492,64
6493,63
6494,54
6495,50
6496,44
6497,51
6498,64
6499,32
6500,18
6501,30
6502,50
6503,50
6504,42
6505,64
6506,54
6507,49
6508,57
6509,31
6510,38
6511,25
6512,23
6513,19
6514,22
6515,22
6516,43
6517,30
6518,34
6519,26
6520,36
6521,46
6522,38
6523,50
6524,22
6525,55
6526,56
6527,21
6528,35
6529,34
6530,23
6531,27
6532,43
6533,55
6534,45
6535,45
6536,47
6537,56
6538,30
6539,51
6540,54
6541,40
6542,47
6543,37
6544,44
6545,18
6546,20
6547,48
6548,26
6549,41
6550,45
6551,52
6552,20
6553,47
6554,55
6555,62
6556,61
6557,47
6558,34
6559,48
6560,51
6561,35
6562,38
6563,22
6564,58
6565,42
6566,29
6567,27
6568,51
6569,62
6570,55
6571,27
6572,52
6573,28
6574,31
6575,51
6576,18
6577,30
6578,39
6579,35
6580,22
6581,40
6582,19
6583,18
6584,63
6585,18
6586,28
6587,34
6588,32
6589,38
6590,49
6591,51
6592,64
6593,63
6594,54
6595,50
6596,44
6597,51
6598,64
6599,32
6600,18
6601,30
6602,50
6603,50
6604,42
6605,64
6606,54
6607,49
6608,57
6609,31
6610,38
6611,25
6612,23
6613,19
6614,22
6615,22
6616,43
6617,30
6618,34
6619,26
6620,36
6621,46
6622,38
6623,50
6624,22
6625,55
6626,56
6627,21
6628,35
6629,34
6630,23
6631,27
6632,43
6633,55
6634,45
6635,45
6636,47
6637,56
6638,30
6639,51
6640,54
6641,40
6642,47
6643,37
6644,44
6645,18
6646,20
6647,48
6648,26
6649,41
6650,45
6651,52
6652,20
6653,47
6654,55
6655,62
6656,61
6657,47
6658,34
6659,48
6660,51
6661,35
6662,38
6663,22
6664,58
6665,42
6666,29
6667,27
6668,51
6669,62
6670,55
6671,27
6672,52
6673,28
6674,31
6675,51
6676,18
6677,30
6678,39
6679,35
6680,22
6681,40
6682,19
6683,18
6684,63
6685,18
6686,28
6687,34
6688,32
6689,38
6690,49
6691,51
6692,64
6693,63
6694,54
6695,50
6696,44
6697,51
6698,64
6699,32
6700,18
6701,30
6702,50
6703,50
6704,42
6705,64
6706,54
6707,49
6708,57
6709,31
6710,38
6711,25
6712,23
6713,19
6714,22
6715,22
6716,43
6717,30
6718,34
6719,26
6720,36
6721,46
6722,38
6723,50
6724,22
6725,55
6726,56
6727,21
6728,35
6729,34
6730,23
6731,27
6732,43
6733,55
6734,45
6735,45
6736,47
6737,56
6738,30
6739,51
6740,54
6741,40
6742,47
6743,37
6744,44
6745,18
6746,20
6747,48
6748,26
6749,41
6750,45
6751,52
6752,20
6753,47
6754,55
6755,62
6756,61
6757,47
6758,34
6759,48
6760,51
6761,35
6762,38
6763,22
6764,58
6765,42
6766,29
6767,27
6768,51
6769,62
6770,55
6771,27
6772,52
6773,28
6774,31
6775,51
6776,18
6777,30
6778,39
6779,35
6780,22
6781,40
6782,19
6783,18
6784,63
6785,18
6786,28
6787,34
6788,32
6789,38
6790,49
6791,51
6792,64
6793,63
6794,54
6795,50
6796,44
6797,51
6798,64
6799,32
6800,18
6801,30
6802,50
6803,50
6804,42
6805,64
6806,54
6807,49
6808,57
6809,31
6810,38
6811,25
6812,23
6813,19
6814,22
6815,22
6816,43
6817,30
6818,34
6819,26
6820,36
6821,46
6822,38
6823,50
6824,22
6825,55
6826,56
6827,21
6828,35
6829,34
6830,23
6831,27
6832,43
6833,55
6834,45
6835,45
6836,47
6837,56
6838,30
6839,51
6840,54
6841,40
6842,47
6843,37
6844,44
6845,18
6846,20
6847,48
6848,26
6849,41
6850,45
6851,52
6852,20
6853,47
6854,55
6855,62
6856,61
6857,47
6858,34
6859,48
6860,51
6861,35
6862,38
6863,22
6864,58
6865,42
6866,29
6867,27
6868,51
6869,62
6870,55
6871,27
6872,52
6873,28
6874,31
6875,51
6876,18
6877,30
6878,39
6879,35
6880,22
6881,40
6882,19
6883,18
6884,63
6885,18
6886,28
6887,34
6888,32
6889,38
6890,49
6891,51
6892,64
6893,63
6894,54
6895,50
6896,44
6897,51
6898,64
6899,32
6900,18
6901,30
6902,50
6903,50
6904,42
6905,64
6906,54
6907,49
6908,57
6909,31
6910,38
6911,25
6912,23
6913,19
6914,22
6915,22
6916,43
6917,30
6918,34
6919,26
6920,36
6921,46
6922,38
6923,50
6924,22
6925,55
6926,56
6927,21
6928,35
6929,34
6930,23
6931,27
6932,43
6933,55
6934,45
6935,45
6936,47
6937,56
6938,30
6939,51
6940,54
6941,40
6942,47
6943,37
6944,44
6945,18
6946,20
6947,48
6948,26
6949,41
6950,45
6951,52
6952,20
6953,47
6954,55
6955,62
6956,61
6957,47
6958,34
6959,48
6960,51
6961,35
6962,38
6963,22
6964,58
6965,42
6966,29
6967,27
6968,51
6969,62
6970,55
6971,27
6972,52
6973,28
6974,31
6975,51
6976,18
6977,30
6978,39
6979,35
6980,22
6981,40
6982,19
6983,18
6984,63
6985,18
6986,28
6987,34
6988,32
6989,38
6990,49
6991,51
6992,64
6993,63
6994,54
6995,50
6996,44
6997,51
6998,64
6999,32
7000,18
7001,30
7002,50
7003,50
7004,42
7005,64
7006,54
7007,49
7008,57
7009,31
7010,38
7011,25
7012,23
7013,19
7014,22
7015,22
7016,43
7017,30
7018,34
7019,26
7020,36
7021,46
7022,38
7023,50
7024,22
7025,55
7026,56
7027,21
7028,35
7029,34
7030,23
7031,27
7032,43
7033,55
7034,45
7035,45
7036,47
7037,56
7038,30
7039,51
7040,54
7041,40
7042,47
7043,37
7044,44
7045,18
7046,20
7047,48
7048,26
7049,41
7050,45
7051,52
7052,20
7053,47
7054,55
7055,62
7056,61
7057,47
7058,34
7059,48
7060,51
7061,35
7062,38
7063,22
7064,58
7065,42
7066,29
7067,27
7068,51
7069,62
7070,55
7071,27
7072,52
7073,28
7074,31
7075,51
7076,18
7077,30
7078,39
7079,35
7080,22
7081,40
7082,19
7083,18
7084,63
7085,18
7086,28
7087,34
7088,32
7089,38
7090,49
7091,51
7092,64
7093,63
7094,54
7095,50
7096,44
7097,51
7098,64
7099,32
7100,18
7101,30
7102,50
7103,50
7104,42
7105,64
7106,54
7107,49
7108,57
7109,31
7110,38
7111,25
7112,23
7113,19
7114,22
7115,22
7116,43
7117,30
7118,34
7119,26
7120,36
7121,46
7122,38
7123,50
7124,22
7125,55
7126,56
7127,21
7128,35
7129,34
7130,23
7131,27
7132,43
7133,55
7134,45
7135,45
7136,47
7137,56
7138,30
7139,51
7140,54
7141,40
7142,47
7143,37
7144,44
7145,18
7146,20
7147,48
7148,26
7149,41
7150,45
7151,52
7152,20
7153,47
7154,55
7155,62
7156,61
7157,47
7158,34
7159,48
7160,51
7161,35
7162,38
7163,22
7164,58
7165,42
7166,29
7167,27
7168,51
7169,62
7170,55
7171,27
7172,52
7173,28
7174,31
7175,51
7176,18
7177,30
7178,39
7179,35
7180,22
7181,40
7182,19
7183,18
7184,63
7185,18
7186,28
7187,34
7188,32
7189,38
7190,49
7191,51
7192,64
7193,63
7194,54
7195,50
7196,44
7197,51
7198,64
7199,32
7200,18
7201,30
7202,50
7203,50
7204,42
7205,64
7206,54
7207,49
7208,57
7209,31
7210,38
7211,25
7212,23
7213,19
7214,22
7215,22
7216,43
7217,30
7218,34
7219,26
7220,36
7221,46
7222,38
7223,50
7224,22
7225,55
7226,56
7227,21
7228,35
7229,34
7230,23
7231,27
7232,43
7233,55
7234,45
7235,45
7236,47
7237,56
7238,30
7239,51
7240,54
7241,40
7242,47
7243,37
7244,44
7245,18
7246,20
7247,48
7248,26
7249,41
7250,45
7251,52
7252,20
7253,47
7254,55
7255,62
7256,61
7257,47
7258,34
7259,48
7260,51
7261,35
7262,38
7263,22
7264,58
7265,42
7266,29
7267,27
7268,51
7269,62
7270,55
7271,27
7272,52
7273,28
7274,31
7275,51
7276,18
7277,30
7278,39
7279,35
7280,22
7281,40
7282,19
7283,18
7284,63
7285,18
7286,28
7287,34
7288,32
7289,38
7290,49
7291,51
7292,64
7293,63
7294,54
7295,50
7296,44
7297,51
7298,64
7299,32
7300,18
7301,30
7302,50
7303,50
7304,42
7305,64
7306,54
7307,49
7308,57
7309,31
7310,38
7311,25
7312,23
7313,19
7314,22
7315,22
7316,43
7317,30
7318,34
7319,26
7320,36
7321,46
7322,38
7323,50
7324,22
7325,55
7326,56
7327,21
7328,35
7329,34
7330,23
7331,27
7332,43
7333,55
7334,45
7335,45
7336,47
7337,56
7338,30
7339,51
7340,54
7341,40
7342,47
7343,37
7344,44
7345,18
7346,20
7347,48
7348,26
7349,41
7350,45
7351,52
7352,20
7353,47
7354,55
7355,62
7356,61
7357,47
7358,34
7359,48
7360,51
7361,35
7362,38
7363,22
7364,58
7365,42
7366,29
7367,27
7368,51
7369,62
7370,55
7371,27
7372,52
7373,28
7374,31
7375,51
7376,18
7377,30
7378,39
7379,35
7380,22
7381,40
7382,19
7383,18
7384,63
7385,18
7386,28
7387,34
7388,32
7389,38
7390,49
7391,51
7392,64
7393,63
7394,54
7395,50
7396,44
7397,51
7398,64
7399,32
7400,18
7401,30
7402,50
7403,50
7404,42
7405,64
7406,54
7407,49
7408,57
7409,31
7410,38
7411,25
7412,23
7413,19
7414,22
7415,22
7416,43
7417,30
7418,34
7419,26
7420,36
7421,46
7422,38
7423,50
7424,22
7425,55
7426,56
7427,21
7428,35
7429,34
7430,23
7431,27
7432,43
7433,55
7434,45
7435,45
7436,47
7437,56
7438,30
7439,51
7440,54
7441,40
7442,47
7443,37
7444,44
7445,18
7446,20
7447,48
7448,26
7449,41
7450,45
7451,52
7452,20
7453,47
7454,55
7455,62
7456,61
7457,47
7458,34
7459,48
7460,51
7461,35
7462,38
7463,22
7464,58
7465,42
7466,29
7467,27
7468,51
7469,62
7470,55
7471,27
7472,52
7473,28
7474,31
7475,51
7476,18
7477,30
7478,39
7479,35
7480,22
7481,40
7482,19
7483,18
7484,63
7485,18
7486,28
7487,34
7488,32
7489,38
7490,49
7491,51
7492,64
7493,63
7494,54
7495,50
7496,44
7497,51
7498,64
7499,32
7500,18
7501,30
7502,50
7503,50
7504,42
7505,64
7506,54
7507,49
7508,57
7509,31
7510,38
7511,25
7512,23
7513,19
7514,22
7515,22
7516,43
7517,30
7518,34
7519,26
7520,36
7521,46
7522,38
7523,50
7524,22
7525,55
7526,56
7527,21
7528,35
7529,34
7530,23
7531,27
7532,43
7533,55
7534,45
7535,45
7536,47
7537,56
7538,30
7539,51
7540,54
7541,40
7542,47
7543,37
7544,44
7545,18
7546,20
7547,48
7548,26
7549,41
7550,45
7551,52
7552,20
7553,47
7554,55
7555,62
7556,61
7557,47
7558,34
7559,48
7560,51
7561,35
7562,38
7563,22
7564,58
7565,42
7566,29
7567,27
7568,51
7569,62
7570,55
7571,27
7572,52
7573,28
7574,31
7575,51
7576,18
7577,30
7578,39
7579,35
7580,22
7581,40
7582,19
7583,18
7584,63
7585,18
7586,28
7587,34
7588,32
7589,38
7590,49
7591,51
7592,64
7593,63
7594,54
7595,50
7596,44
7597,51
7598,64
7599,32
7600,18
7601,30
7602,50
7603,50
7604,42
7605,64
7606,54
7607,49
7608,57
7609,31
7610,38
7611,25
7612,23
7613,19
7614,22
7615,22
7616,43
7617,30
7618,34
7619,26
7620,36
7621,46
7622,38
7623,50
7624,22
7625,55
7626,56
7627,21
7628,35
7629,34
7630,23
7631,27
7632,43
7633,55
7634,45
7635,45
7636,47
7637,56
7638,30
7639,51
7640,54
7641,40
7642,47
7643,37
7644,44
7645,18
7646,20
7647,48
7648,26
7649,41
7650,45
7651,52
7652,20
7653,47
7654,55
7655,62
7656,61
7657,47
7658,34
7659,48
7660,51
7661,35
7662,38
7663,22
7664,58
7665,42
7666,29
7667,27
7668,51
7669,62
7670,55
7671,27
7672,52
7673,28
7674,31
7675,51
7676,18
7677,30
7678,39
7679,35
7680,22
7681,40
7682,19
7683,18
7684,63
7685,18
7686,28
7687,34
7688,32
7689,38
7690,49
7691,51
7692,64
7693,63
7694,54
7695,50
7696,44
7697,51
7698,64
7699,32
7700,18
7701,30
7702,50
7703,50
7704,42
7705,64
7706,54
7707,49
7708,57
7709,31
7710,38
7711,25
7712,23
7713,19
7714,22
7715,22
7716,43
7717,30
7718,34
7719,26
7720,36
7721,46
7722,38
7723,50
7724,22
7725,55
7726,56
7727,21
7728,35
7729,34
7730,23
7731,27
7732,43
7733,55
7734,45
7735,45
7736,47
7737,56
7738,30
7739,51
7740,54
7741,40
7742,47
7743,37
7744,44
7745,18
7746,20
7747,48
7748,26
7749,41
7750,45
7751,52
7752,20
7753,47
7754,55
7755,62
7756,61
7757,47
7758,34
7759,48
7760,51
7761,35
7762,38
7763,22
7764,58
7765,42
7766,29
7767,27
7768,51
7769,62
7770,55
7771,27
7772,52
7773,28
7774,31
7775,51
7776,18
7777,30
7778,39
7779,35
7780,22
7781,40
7782,19
7783,18
7784,63
7785,18
7786,28
7787,34
7788,32
7789,38
7790,49
7791,51
7792,64
7793,63
7794,54
7795,50
7796,44
7797,51
7798,64
7799,32
7800,18
7801,30
7802,50
7803,50
7804,42
7805,64
7806,54
7807,49
7808,57
7809,31
7810,38
7811,25
7812,23
7813,19
7814,22
7815,22
7816,43
7817,30
7818,34
7819,26
7820,36
7821,46
7822,38
7823,50
7824,22
7825,55
7826,56
7827,21
7828,35
7829,34
7830,23
7831,27
7832,43
7833,55
7834,45
7835,45
7836,47
7837,56
7838,30
7839,51
7840,54
7841,40
7842,47
7843,37
7844,44
7845,18
7846,20
7847,48
7848,26
7849,41
7850,45
7851,52
7852,20
7853,47
7854,55
7855,62
7856,61
7857,47
7858,34
7859,48
7860,51
7861,35
7862,38
7863,22
7864,58
7865,42
7866,29
7867,27
7868,51
7869,62
7870,55
7871,27
7872,52
7873,28
7874,31
7875,51
7876,18
7877,30
7878,39
7879,35
7880,22
7881,40
7882,19
7883,18
7884,63
7885,18
7886,28
7887,34
7888,32
7889,38
7890,49
7891,51
7892,64
7893,63
7894,54
7895,50
7896,44
7897,51
7898,64
7899,32
7900,18
7901,30
7902,50
7903,50
7904,42
7905,64
7906,54
7907,49
7908,57
7909,31
7910,38
7911,25
7912,23
7913,19
7914,22
7915,22
7916,43
7917,30
7918,34
7919,26
7920,36
7921,46
7922,38
7923,50
7924,22
7925,55
7926,56
7927,21
7928,35
7929,34
7930,23
7931,27
7932,43
7933,55
7934,45
7935,45
7936,47
7937,56
7938,30
7939,51
7940,54
7941,40
7942,47
7943,37
7944,44
7945,18
7946,20
7947,48
7948,26
7949,41
7950,45
7951,52
7952,20
7953,47
7954,55
7955,62
7956,61
7957,47
7958,34
7959,48
7960,51
7961,35
7962,38
7963,22
7964,58
7965,42
7966,29
7967,27
7968,51
7969,62
7970,55
7971,27
7972,52
7973,28
7974,31
7975,51
7976,18
7977,30
7978,39
7979,35
7980,22
7981,40
7982,19
7983,18
7984,63
7985,18
7986,28
7987,34
7988,32
7989,38
7990,49
7991,51
7992,64
7993,63
7994,54
7995,50
7996,44
7997,51
7998,64
7999,32
8000,18
8001,30
8002,50
8003,50
8004,42
8005,64
8006,54
8007,49
8008,57
8009,31
8010,38
8011,25
8012,23
8013,19
8014,22
8015,22
8016,43
8017,30
8018,34
8019,26
8020,36
8021,46
8022,38
8023,50
8024,22
8025,55
8026,56
8027,21
8028,35
8029,34
8030,23
8031,27
8032,43
8033,55
8034,45
8035,45
8036,47
8037,56
8038,30
8039,51
8040,54
8041,40
8042,47
8043,37
8044,44
8045,18
8046,20
8047,48
8048,26
8049,41
8050,45
8051,52
8052,20
8053,47
8054,55
8055,62
8056,61
8057,47
8058,34
8059,48
8060,51
8061,35
8062,38
8063,22
8064,58
8065,42
8066,29
8067,27
8068,51
8069,62
8070,55
8071,27
8072,52
8073,28
8074,31
8075,51
8076,18
8077,30
8078,39
8079,35
8080,22
8081,40
8082,19
8083,18
8084,63
8085,18
8086,28
8087,34
8088,32
8089,38
8090,49
8091,51
8092,64
8093,63
8094,54
8095,50
8096,44
8097,51
8098,64
8099,32
8100,18
8101,30
8102,50
8103,50
8104,42
8105,64
8106,54
8107,49
8108,57
8109,31
8110,38
8111,25
8112,23
8113,19
8114,22
8115,22
8116,43
8117,30
8118,34
8119,26
8120,36
8121,46
8122,38
8123,50
8124,22
8125,55
8126,56
8127,21
8128,35
8129,34
8130,23
8131,27
8132,43
8133,55
8134,45
8135,45
8136,47
8137,56
8138,30
8139,51
8140,54
8141,40
8142,47
8143,37
8144,44
8145,18
8146,20
8147,48
8148,26
8149,41
8150,45
8151,52
8152,20
8153,47
8154,55
8155,62
8156,61
8157,47
8158,34
8159,48
8160,51
8161,35
8162,38
8163,22
8164,58
8165,42
8166,29
8167,27
8168,51
8169,62
8170,55
8171,27
8172,52
8173,28
8174,31
8175,51
8176,18
8177,30
8178,39
8179,35
8180,22
8181,40
8182,19
8183,18
8184,63
8185,18
8186,28
8187,34
8188,32
8189,38
8190,49
8191,51
8192,64
8193,63
8194,54
8195,50
8196,44
8197,51
8198,64
8199,32
8200,18
8201,30
8202,50
8203,50
8204,42
8205,64
8206,54
8207,49
8208,57
8209,31
8210,38
8211,25
8212,23
8213,19
8214,22
8215,22
8216,43
8217,30
8218,34
8219,26
8220,36
8221,46
8222,38
8223,50
8224,22
8225,55
8226,56
8227,21
8228,35
8229,34
8230,23
8231,27
8232,43
8233,55
8234,45
8235,45
8236,47
8237,56
8238,30
8239,51
8240,54
8241,40
8242,47
8243,37
8244,44
8245,18
8246,20
8247,48
8248,26
8249,41
8250,45
8251,52
8252,20
8253,47
8254,55
8255,62
8256,61
8257,47
8258,34
8259,48
8260,51
8261,35
8262,38
8263,22
8264,58
8265,42
8266,29
8267,27
8268,51
8269,62
8270,55
8271,27
8272,52
8273,28
8274,31
8275,51
8276,18
8277,30
8278,39
8279,35
8280,22
8281,40
8282,19
8283,18
8284,63
8285,18
8286,28
8287,34
8288,32
8289,38
8290,49
8291,51
8292,64
8293,63
8294,54
8295,50
8296,44
8297,51
8298,64
8299,32
8300,18
8301,30
8302,50
8303,50
8304,42
8305,64
8306,54
8307,49
8308,57
8309,31
8310,38
8311,25
8312,23
8313,19
8314,22
8315,22
8316,43
8317,30
8318,34
8319,26
8320,36
8321,46
8322,38
8323,50
8324,22
8325,55
8326,56
8327,21
8328,35
8329,34
8330,23
8331,27
8332,43
8333,55
8334,45
8335,45
8336,47
8337,56
8338,30
8339,51
8340,54
8341,40
8342,47
8343,37
8344,44
8345,18
8346,20
8347,48
8348,26
8349,41
8350,45
8351,52
8352,20
8353,47
8354,55
8355,62
8356,61
8357,47
8358,34
8359,48
8360,51
8361,35
8362,38
8363,22
8364,58
8365,42
8366,29
8367,27
8368,51
8369,62
8370,55
8371,27
8372,52
8373,28
8374,31
8375,51
8376,18
8377,30
8378,39
8379,35
8380,22
8381,40
8382,19
8383,18
8384,63
8385,18
8386,28
8387,34
8388,32
8389,38
8390,49
8391,51
8392,64
8393,63
8394,54
8395,50
8396,44
8397,51
8398,64
8399,32
8400,18
8401,30
8402,50
8403,50
8404,42
8405,64
8406,54
8407,49
8408,57
8409,31
8410,38
8411,25
8412,23
8413,19
8414,22
8415,22
8416,43
8417,30
8418,34
8419,26
8420,36
8421,46
8422,38
8423,50
8424,22
8425,55
8426,56
8427,21
8428,35
8429,34
8430,23
8431,27
8432,43
8433,55
8434,45
8435,45
8436,47
8437,56
8438,30
8439,51
8440,54
8441,40
8442,47
8443,37
8444,44
8445,18
8446,20
8447,48
8448,26
8449,41
8450,45
8451,52
8452,20
8453,47
8454,55
8455,62
8456,61
8457,47
8458,34
8459,48
8460,51
8461,35
8462,38
8463,22
8464,58
8465,42
8466,29
8467,27
8468,51
8469,62
8470,55
8471,27
8472,52
8473,28
8474,31
8475,51
8476,18
8477,30
8478,39
8479,35
8480,22
8481,40
8482,19
8483,18
8484,63
8485,18
8486,28
8487,34
8488,32
8489,38
8490,49
8491,51
8492,64
8493,63
8494,54
8495,50
8496,44
8497,51
8498,64
8499,32
8500,18
8501,30
8502,50
8503,50
8504,42
8505,64
8506,54
8507,49
8508,57
8509,31
8510,38
8511,25
8512,23
8513,19
8514,22
8515,22
8516,43
8517,30
8518,34
8519,26
8520,36
8521,46
8522,38
8523,50
8524,22
8525,55
8526,56
8527,21
8528,35
8529,34
8530,23
8531,27
8532,43
8533,55
8534,45
8535,45
8536,47
8537,56
8538,30
8539,51
8540,54
8541,40
8542,47
8543,37
8544,44
8545,18
8546,20
8547,48
8548,26
8549,41
8550,45
8551,52
8552,20
8553,47
8554,55
8555,62
8556,61
8557,47
8558,34
8559,48
8560,51
8561,35
8562,38
8563,22
8564,58
8565,42
8566,29
8567,27
8568,51
8569,62
8570,55
8571,27
8572,52
8573,28
8574,31
8575,51
8576,18
8577,30
8578,39
8579,35
8580,22
8581,40
8582,19
8583,18
8584,63
8585,18
8586,28
8587,34
8588,32
8589,38
8590,49
8591,51
8592,64
8593,63
8594,54
8595,50
8596,44
8597,51
8598,64
8599,32
8600,18
8601,30
8602,50
8603,50
8604,42
8605,64
8606,54
8607,49
8608,57
8609,31
8610,38
8611,25
8612,23
8613,19
8614,22
8615,22
8616,43
8617,30
8618,34
8619,26
8620,36
8621,46
8622,38
8623,50
8624,22
8625,55
8626,56
8627,21
8628,35
8629,34
8630,23
8631,27
8632,43
8633,55
8634,45
8635,45
8636,47
8637,56
8638,30
8639,51
8640,54
8641,40
8642,47
8643,37
8644,44
8645,18
8646,20
8647,48
8648,26
8649,41
8650,45
8651,52
8652,20
8653,47
8654,55
8655,62
8656,61
8657,47
8658,34
8659,48
8660,51
8661,35
8662,38
8663,22
8664,58
8665,42
8666,29
8667,27
8668,51
8669,62
8670,55
8671,27
8672,52
8673,28
8674,31
8675,51
8676,18
8677,30
8678,39
8679,35
8680,22
8681,40
8682,19
8683,18
8684,63
8685,18
8686,28
8687,34
8688,32
8689,38
8690,49
8691,51
8692,64
8693,63
8694,54
8695,50
8696,44
8697,51
8698,64
8699,32
8700,18
8701,30
8702,50
8703,50
8704,42
8705,64
8706,54
8707,49
8708,57
8709,31
8710,38
8711,25
8712,23
8713,19
8714,22
8715,22
8716,43
8717,30
8718,34
8719,26
8720,36
8721,46
8722,38
8723,50
8724,22
8725,55
8726,56
8727,21
8728,35
8729,34
8730,23
8731,27
8732,43
8733,55
8734,45
8735,45
8736,47
8737,56
8738,30
8739,51
8740,54
8741,40
8742,47
8743,37
8744,44
8745,18
8746,20
8747,48
8748,26
8749,41
8750,45
8751,52
8752,20
8753,47
8754,55
8755,62
8756,61
8757,47
8758,34
8759,48
8760,51
8761,35
8762,38
8763,22
8764,58
8765,42
8766,29
8767,27
8768,51
8769,62
8770,55
8771,27
8772,52
8773,28
8774,31
8775,51
8776,18
8777,30
8778,39
8779,35
8780,22
8781,40
8782,19
8783,18
8784,63
8785,18
8786,28
8787,34
8788,32
8789,38
8790,49
8791,51
8792,64
8793,63
8794,54
8795,50
8796,44
8797,51
8798,64
8799,32
8800,18
8801,30
8802,50
8803,50
8804,42
8805,64
8806,54
8807,49
8808,57
8809,31
8810,38
8811,25
8812,23
8813,19
8814,22
8815,22
8816,43
8817,30
8818,34
8819,26
8820,36
8821,46
8822,38
8823,50
8824,22
8825,55
8826,56
8827,21
8828,35
8829,34
8830,23
8831,27
8832,43
8833,55
8834,45
8835,45
8836,47
8837,56
8838,30
8839,51
8840,54
8841,40
8842,47
8843,37
8844,44
8845,18
8846,20
8847,48
8848,26
8849,41
8850,45
8851,52
8852,20
8853,47
8854,55
8855,62
8856,61
8857,47
8858,34
8859,48
8860,51
8861,35
8862,38
8863,22
8864,58
8865,42
8866,29
8867,27
8868,51
8869,62
8870,55
8871,27
8872,52
8873,28
8874,31
8875,51
8876,18
8877,30
8878,39
8879,35
8880,22
8881,40
8882,19
8883,18
8884,63
8885,18
8886,28
8887,34
8888,32
8889,38
8890,49
8891,51
8892,64
8893,63
8894,54
8895,50
8896,44
8897,51
8898,64
8899,32
8900,18
8901,30
8902,50
8903,50
8904,42
8905,64
8906,54
8907,49
8908,57
8909,31
8910,38
8911,25
8912,23
8913,19
8914,22
8915,22
8916,43
8917,30
8918,34
8919,26
8920,36
8921,46
8922,38
8923,50
8924,22
8925,55
8926,56
8927,21
8928,35
8929,34
8930,23
8931,27
8932,43
8933,55
8934,45
8935,45
8936,47
8937,56
8938,30
8939,51
8940,54
8941,40
8942,47
8943,37
8944,44
8945,18
8946,20
8947,48
8948,26
8949,41
8950,45
8951,52
8952,20
8953,47
8954,55
8955,62
8956,61
8957,47
8958,34
8959,48
8960,51
8961,35
8962,38
8963,22
8964,58
8965,42
8966,29
8967,27
8968,51
8969,62
8970,55
8971,27
8972,52
8973,28
8974,31
8975,51
8976,18
8977,30
8978,39
8979,35
8980,22
8981,40
8982,19
8983,18
8984,63
8985,18
8986,28
8987,34
8988,32
8989,38
8990,49
8991,51
8992,64
8993,63
8994,54
8995,50
8996,44
8997,51
8998,64
8999,32
9000,18
9001,30
9002,50
9003,50
9004,42
9005,64
9006,54
9007,49
9008,57
9009,31
9010,38
9011,25
9012,23
9013,19
9014,22
9015,22
9016,43
9017,30
9018,34
9019,26
9020,36
9021,46
9022,38
9023,50
9024,22
9025,55
9026,56
9027,21
9028,35
9029,34
9030,23
9031,27
9032,43
9033,55
9034,45
9035,45
9036,47
9037,56
9038,30
9039,51
9040,54
9041,40
9042,47
9043,37
9044,44
9045,18
9046,20
9047,48
9048,26
9049,41
9050,45
9051,52
9052,20
9053,47
9054,55
9055,62
9056,61
9057,47
9058,34
9059,48
9060,51
9061,35
9062,38
9063,22
9064,58
9065,42
9066,29
9067,27
9068,51
9069,62
9070,55
9071,27
9072,52
9073,28
9074,31
9075,51
9076,18
9077,30
9078,39
9079,35
9080,22
9081,40
9082,19
9083,18
9084,63
9085,18
9086,28
9087,34
9088,32
9089,38
9090,49
9091,51
9092,64
9093,63
9094,54
9095,50
9096,44
9097,51
9098,64
9099,32
9100,18
9101,30
9102,50
9103,50
9104,42
9105,64
9106,54
9107,49
9108,57
9109,31
9110,38
9111,25
9112,23
9113,19
9114,22
9115,22
9116,43
9117,30
9118,34
9119,26
9120,36
9121,46
9122,38
9123,50
9124,22
9125,55
9126,56
9127,21
9128,35
9129,34
9130,23
9131,27
9132,43
9133,55
9134,45
9135,45
9136,47
9137,56
9138,30
9139,51
9140,54
9141,40
9142,47
9143,37
9144,44
9145,18
9146,20
9147,48
9148,26
9149,41
9150,45
9151,52
9152,20
9153,47
9154,55
9155,62
9156,61
9157,47
9158,34
9159,48
9160,51
9161,35
9162,38
9163,22
9164,58
9165,42
9166,29
9167,27
9168,51
9169,62
9170,55
9171,27
9172,52
9173,28
9174,31
9175,51
9176,18
9177,30
9178,39
9179,35
9180,22
9181,40
9182,19
9183,18
9184,63
9185,18
9186,28
9187,34
9188,32
9189,38
9190,49
9191,51
9192,64
9193,63
9194,54
9195,50
9196,44
9197,51
9198,64
9199,32
9200,18
9201,30
9202,50
9203,50
9204,42
9205,64
9206,54
9207,49
9208,57
9209,31
9210,38
9211,25
9212,23
9213,19
9214,22
9215,22
9216,43
9217,30
9218,34
9219,26
9220,36
9221,46
9222,38
9223,50
9224,22
9225,55
9226,56
9227,21
9228,35
9229,34
9230,23
9231,27
9232,43
9233,55
9234,45
9235,45
9236,47
9237,56
9238,30
9239,51
9240,54
9241,40
9242,47
9243,37
9244,44
9245,18
9246,20
9247,48
9248,26
9249,41
9250,45
9251,52
9252,20
9253,47
9254,55
9255,62
9256,61
9257,47
9258,34
9259,48
9260,51
9261,35
9262,38
9263,22
9264,58
9265,42
9266,29
9267,27
9268,51
9269,62
9270,55
9271,27
9272,52
9273,28
9274,31
9275,51
9276,18
9277,30
9278,39
9279,35
9280,22
9281,40
9282,19
9283,18
9284,63
9285,18
9286,28
9287,34
9288,32
9289,38
9290,49
9291,51
9292,64
9293,63
9294,54
9295,50
9296,44
9297,51
9298,64
9299,32
9300,18
9301,30
9302,50
9303,50
9304,42
9305,64
9306,54
9307,49
9308,57
9309,31
9310,38
9311,25
9312,23
9313,19
9314,22
9315,22
9316,43
9317,30
9318,34
9319,26
9320,36
9321,46
9322,38
9323,50
9324,22
9325,55
9326,56
9327,21
9328,35
9329,34
9330,23
9331,27
9332,43
9333,55
9334,45
9335,45
9336,47
9337,56
9338,30
9339,51
9340,54
9341,40
9342,47
9343,37
9344,44
9345,18
9346,20
9347,48
9348,26
9349,41
9350,45
9351,52
9352,20
9353,47
9354,55
9355,62
9356,61
9357,47
9358,34
9359,48
9360,51
9361,35
9362,38
9363,22
9364,58
9365,42
9366,29
9367,27
9368,51
9369,62
9370,55
9371,27
9372,52
9373,28
9374,31
9375,51
9376,18
9377,30
9378,39
9379,35
9380,22
9381,40
9382,19
9383,18
9384,63
9385,18
9386,28
9387,34
9388,32
9389,38
9390,49
9391,51
9392,64
9393,63
9394,54
9395,50
9396,44
9397,51
9398,64
9399,32
9400,18
9401,30
9402,50
9403,50
9404,42
9405,64
9406,54
9407,49
9408,57
9409,31
9410,38
9411,25
9412,23
9413,19
9414,22
9415,22
9416,43
9417,30
9418,34
9419,26
9420,36
9421,46
9422,38
9423,50
9424,22
9425,55
9426,56
9427,21
9428,35
9429,34
9430,23
9431,27
9432,43
9433,55
9434,45
9435,45
9436,47
9437,56
9438,30
9439,51
9440,54
9441,40
9442,47
9443,37
9444,44
9445,18
9446,20
9447,48
9448,26
9449,41
9450,45
9451,52
9452,20
9453,47
9454,55
9455,62
9456,61
9457,47
9458,34
9459,48
9460,51
9461,35
9462,38
9463,22
9464,58
9465,42
9466,29
9467,27
9468,51
9469,62
9470,55
9471,27
9472,52
9473,28
9474,31
9475,51
9476,18
9477,30
9478,39
9479,35
9480,22
9481,40
9482,19
9483,18
9484,63
9485,18
9486,28
9487,34
9488,32
9489,38
9490,49
9491,51
9492,64
9493,63
9494,54
9495,50
9496,44
9497,51
9498,64
9499,32
9500,18
9501,30
9502,50
9503,50
9504,42
9505,64
9506,54
9507,49
9508,57
9509,31
9510,38
9511,25
9512,23
9513,19
9514,22
9515,22
9516,43
9517,30
9518,34
9519,26
9520,36
9521,46
9522,38
9523,50
9524,22
9525,55
9526,56
9527,21
9528,35
9529,34
9530,23
9531,27
9532,43
9533,55
9534,45
9535,45
9536,47
9537,56
9538,30
9539,51
9540,54
9541,40
9542,47
9543,37
9544,44
9545,18
9546,20
9547,48
9548,26
9549,41
9550,45
9551,52
9552,20
9553,47
9554,55
9555,62
9556,61
9557,47
9558,34
9559,48
9560,51
9561,35
9562,38
9563,22
9564,58
9565,42
9566,29
9567,27
9568,51
9569,62
9570,55
9571,27
9572,52
9573,28
9574,31
9575,51
9576,18
9577,30
9578,39
9579,35
9580,22
9581,40
9582,19
9583,18
9584,63
9585,18
9586,28
9587,34
9588,32
9589,38
9590,49
9591,51
9592,64
9593,63
9594,54
9595,50
9596,44
9597,51
9598,64
9599,32
9600,18
9601,30
9602,50
9603,50
9604,42
9605,64
9606,54
9607,49
9608,57
9609,31
9610,38
9611,25
9612,23
9613,19
9614,22
9615,22
9616,43
9617,30
9618,34
9619,26
9620,36
9621,46
9622,38
9623,50
9624,22
9625,55
9626,56
9627,21
9628,35
9629,34
9630,23
9631,27
9632,43
9633,55
9634,45
9635,45
9636,47
9637,56
9638,30
9639,51
9640,54
9641,40
9642,47
9643,37
9644,44
9645,18
9646,20
9647,48
9648,26
9649,41
9650,45
9651,52
9652,20
9653,47
9654,55
9655,62
9656,61
9657,47
9658,34
9659,48
9660,51
9661,35
9662,38
9663,22
9664,58
9665,42
9666,29
9667,27
9668,51
9669,62
9670,55
9671,27
9672,52
9673,28
9674,31
9675,51
9676,18
9677,30
9678,39
9679,35
9680,22
9681,40
9682,19
9683,18
9684,63
9685,18
9686,28
9687,34
9688,32
9689,38
9690,49
9691,51
9692,64
9693,63
9694,54
9695,50
9696,44
9697,51
9698,64
9699,32
9700,18
9701,30
9702,50
9703,50
9704,42
9705,64
9706,54
9707,49
9708,57
9709,31
9710,38
9711,25
9712,23
9713,19
9714,22
9715,22
9716,43
9717,30
9718,34
9719,26
9720,36
9721,46
9722,38
9723,50
9724,22
9725,55
9726,56
9727,21
9728,35
9729,34
9730,23
9731,27
9732,43
9733,55
9734,45
9735,45
9736,47
9737,56
9738,30
9739,51
9740,54
9741,40
9742,47
9743,37
9744,44
9745,18
9746,20
9747,48
9748,26
9749,41
9750,45
9751,52
9752,20
9753,47
9754,55
9755,62
9756,61
9757,47
9758,34
9759,48
9760,51
9761,35
9762,38
9763,22
9764,58
9765,42
9766,29
9767,27
9768,51
9769,62
9770,55
9771,27
9772,52
9773,28
9774,31
9775,51
9776,18
9777,30
9778,39
9779,35
9780,22
9781,40
9782,19
9783,18
9784,63
9785,18
9786,28
9787,34
9788,32
9789,38
9790,49
9791,51
9792,64
9793,63
9794,54
9795,50
9796,44
9797,51
9798,64
9799,32
9800,18
9801,30
9802,50
9803,50
9804,42
9805,64
9806,54
9807,49
9808,57
9809,31
9810,38
9811,25
9812,23
9813,19
9814,22
9815,22
9816,43
9817,30
9818,34
9819,26
9820,36
9821,46
9822,38
9823,50
9824,22
9825,55
9826,56
9827,21
9828,35
9829,34
9830,23
9831,27
9832,43
9833,55
9834,45
9835,45
9836,47
9837,56
9838,30
9839,51
9840,54
9841,40
9842,47
9843,37
9844,44
9845,18
9846,20
9847,48
9848,26
9849,41
9850,45
9851,52
9852,20
9853,47
9854,55
9855,62
9856,61
9857,47
9858,34
9859,48
9860,51
9861,35
9862,38
9863,22
9864,58
9865,42
9866,29
9867,27
9868,51
9869,62
9870,55
9871,27
9872,52
9873,28
9874,31
9875,51
9876,18
9877,30
9878,39
9879,35
9880,22
9881,40
9882,19
9883,18
9884,63
9885,18
9886,28
9887,34
9888,32
9889,38
9890,49
9891,51
9892,64
9893,63
9894,54
9895,50
9896,44
9897,51
9898,64
9899,32
9900,18
9901,30
9902,50
9903,50
9904,42
9905,64
9906,54
9907,49
9908,57
9909,31
9910,38
9911,25
9912,23
9913,19
9914,22
9915,22
9916,43
9917,30
9918,34
9919,26
9920,36
9921,46
9922,38
9923,50
9924,22
9925,55
9926,56
9927,21
9928,35
9929,34
9930,23
9931,27
9932,43
9933,55
9934,45
9935,45
9936,47
9937,56
9938,30
9939,51
9940,54
9941,40
9942,47
9943,37
9944,44
9945,18
9946,20
9947,48
9948,26
9949,41
9950,45
9951,52
9952,20
9953,47
9954,55
9955,62
9956,61
9957,47
9958,34
9959,48
9960,51
9961,35
9962,38
9963,22
9964,58
9965,42
9966,29
9967,27
9968,51
9969,62
9970,55
9971,27
9972,52
9973,28
9974,31
9975,51
9976,18
9977,30
9978,39
9979,35
9980,22
9981,40
9982,19
9983,18
9984,63
9985,18
9986,28
9987,34
9988,32
9989,38
9990,49
9991,51
9992,64
9993,63
9994,54
9995,50
9996,44
9997,51
9998,64
9999,32
10000,18
10001,30
10002,50
10003,50
10004,42
10005,64
10006,54
10007,49
10008,57
10009,31
10010,38
10011,25
10012,23
10013,19
10014,22
10015,22
10016,43
10017,30
10018,34
10019,26
10020,36
10021,46
10022,38
10023,50
10024,22
10025,55
10026,56
10027,21
10028,35
10029,34
10030,23
10031,27
10032,43
10033,55
10034,45
10035,45
10036,47
10037,56
10038,30
10039,51
10040,54
10041,40
10042,47
10043,37
10044,44
10045,18
10046,20
10047,48
10048,26
10049,41
10050,45
10051,52
10052,20
10053,47
10054,55
10055,62
10056,61
10057,47
10058,34
10059,48
10060,51
10061,35
10062,38
10063,22
10064,58
10065,42
10066,29
10067,27
10068,51
10069,62
10070,55
10071,27
10072,52
10073,28
10074,31
10075,51
10076,18
10077,30
10078,39
10079,35
10080,22
10081,40
10082,19
10083,18
10084,63
10085,18
10086,28
10087,34
10088,32
10089,38
10090,49
10091,51
10092,64
10093,63
10094,54
10095,50
10096,44
10097,51
10098,64
10099,32
10100,18
10101,30
10102,50
10103,50
10104,42
10105,64
10106,54
10107,49
10108,57
10109,31
10110,38
10111,25
10112,23
10113,19
10114,22
10115,22
10116,43
10117,30
10118,34
10119,26
10120,36
10121,46
10122,38
10123,50
10124,22
10125,55
10126,56
10127,21
10128,35
10129,34
10130,23
10131,27
10132,43
10133,55
10134,45
10135,45
10136,47
10137,56
10138,30
10139,51
10140,54
10141,40
10142,47
10143,37
10144,44
10145,18
10146,20
10147,48
10148,26
10149,41
10150,45
10151,52
10152,20
10153,47
10154,55
10155,62
10156,61
10157,47
10158,34
10159,48
10160,51
10161,35
10162,38
10163,22
10164,58
10165,42
10166,29
10167,27
10168,51
10169,62
10170,55
10171,27
10172,52
10173,28
10174,31
10175,51
10176,18
10177,30
10178,39
10179,35
10180,22
10181,40
10182,19
10183,18
10184,63
10185,18
10186,28
10187,34
10188,32
10189,38
10190,49
10191,51
10192,64
10193,63
10194,54
10195,50
10196,44
10197,51
10198,64
10199,32
10200,18
10201,30
10202,50
10203,50
10204,42
10205,64
10206,54
10207,49
10208,57
10209,31
10210,38
10211,25
10212,23
10213,19
10214,22
10215,22
10216,43
10217,30
10218,34
10219,26
10220,36
10221,46
10222,38
10223,50
10224,22
10225,55
10226,56
10227,21
10228,35
10229,34
10230,23
10231,27
10232,43
10233,55
10234,45
10235,45
10236,47
10237,56
10238,30
10239,51
10240,54
10241,40
10242,47
10243,37
10244,44
10245,18
10246,20
10247,48
10248,26
10249,41
10250,45
10251,52
10252,20
10253,47
10254,55
10255,62
10256,61
10257,47
10258,34
10259,48
10260,51
10261,35
10262,38
10263,22
10264,58
10265,42
10266,29
10267,27
10268,51
10269,62
10270,55
10271,27
10272,52
10273,28
10274,31
10275,51
10276,18
10277,30
10278,39
10279,35
10280,22
10281,40
10282,19
10283,18
10284,63
10285,18
10286,28
10287,34
10288,32
10289,38
10290,49
10291,51
10292,64
10293,63
10294,54
10295,50
10296,44
10297,51
10298,64
10299,32
10300,18
10301,30
10302,50
10303,50
10304,42
10305,64
10306,54
10307,49
10308,57
10309,31
10310,38
10311,25
10312,23
10313,19
10314,22
10315,22
10316,43
10317,30
10318,34
10319,26
10320,36
10321,46
10322,38
10323,50
10324,22
10325,55
10326,56
10327,21
10328,35
10329,34
10330,23
10331,27
10332,43
10333,55
10334,45
10335,45
10336,47
10337,56
10338,30
10339,51
10340,54
10341,40
10342,47
10343,37
10344,44
10345,18
10346,20
10347,48
10348,26
10349,41
10350,45
10351,52
10352,20
10353,47
10354,55
10355,62
10356,61
10357,47
10358,34
10359,48
10360,51
10361,35
10362,38
10363,22
10364,58
10365,42
10366,29
10367,27
10368,51
10369,62
10370,55
10371,27
10372,52
10373,28
10374,31
10375,51
10376,18
10377,30
10378,39
10379,35
10380,22
10381,40
10382,19
10383,18
10384,63
10385,18
10386,28
10387,34
10388,32
10389,38
10390,49
10391,51
10392,64
10393,63
10394,54
10395,50
10396,44
10397,51
10398,64
10399,32
10400,18
10401,30
10402,50
10403,50
10404,42
10405,64
10406,54
10407,49
10408,57
10409,31
10410,38
10411,25
10412,23
10413,19
10414,22
10415,22
10416,43
10417,30
10418,34
10419,26
10420,36
10421,46
10422,38
10423,50
10424,22
10425,55
10426,56
10427,21
10428,35
10429,34
10430,23
10431,27
10432,43
10433,55
10434,45
10435,45
10436,47
10437,56
10438,30
10439,51
10440,54
10441,40
10442,47
10443,37
10444,44
10445,18
10446,20
10447,48
10448,26
10449,41
10450,45
10451,52
10452,20
10453,47
10454,55
10455,62
10456,61
10457,47
10458,34
10459,48
10460,51
10461,35
10462,38
10463,22
10464,58
10465,42
10466,29
10467,27
10468,51
10469,62
10470,55
10471,27
10472,52
10473,28
10474,31
10475,51
10476,18
10477,30
10478,39
10479,35
10480,22
10481,40
10482,19
10483,18
10484,63
10485,18
10486,28
10487,34
10488,32
10489,38
10490,49
10491,51
10492,64
10493,63
10494,54
10495,50
10496,44
10497,51
10498,64
10499,32
10500,18
10501,30
10502,50
10503,50
10504,42
10505,64
10506,54
10507,49
10508,57
10509,31
10510,38
10511,25
10512,23
10513,19
10514,22
10515,22
10516,43
10517,30
10518,34
10519,26
10520,36
10521,46
10522,38
10523,50
10524,22
10525,55
10526,56
10527,21
10528,35
10529,34
10530,23
10531,27
10532,43
10533,55
10534,45
10535,45
10536,47
10537,56
10538,30
10539,51
10540,54
10541,40
10542,47
10543,37
10544,44
10545,18
10546,20
10547,48
10548,26
10549,41
10550,45
10551,52
10552,20
10553,47
10554,55
10555,62
10556,61
10557,47
10558,34
10559,48
10560,51
10561,35
10562,38
10563,22
10564,58
10565,42
10566,29
10567,27
10568,51
10569,62
10570,55
10571,27
10572,52
10573,28
10574,31
10575,51
10576,18
10577,30
10578,39
10579,35
10580,22
10581,40
10582,19
10583,18
10584,63
10585,18
10586,28
10587,34
10588,32
10589,38
10590,49
10591,51
10592,64
10593,63
10594,54
10595,50
10596,44
10597,51
10598,64
10599,32
10600,18
10601,30
10602,50
10603,50
10604,42
10605,64
10606,54
10607,49
10608,57
10609,31
10610,38
10611,25
10612,23
10613,19
10614,22
10615,22
10616,43
10617,30
10618,34
10619,26
10620,36
10621,46
10622,38
10623,50
10624,22
10625,55
10626,56
10627,21
10628,35
10629,34
10630,23
10631,27
10632,43
10633,55
10634,45
10635,45
10636,47
10637,56
10638,30
10639,51
10640,54
10641,40
10642,47
10643,37
10644,44
10645,18
10646,20
10647,48
10648,26
10649,41
10650,45
10651,52
10652,20
10653,47
10654,55
10655,62
10656,61
10657,47
10658,34
10659,48
10660,51
10661,35
10662,38
10663,22
10664,58
10665,42
10666,29
10667,27
10668,51
10669,62
10670,55
10671,27
10672,52
10673,28
10674,31
10675,51
10676,18
10677,30
10678,39
10679,35
10680,22
10681,40
10682,19
10683,18
10684,63
10685,18
10686,28
10687,34
10688,32
10689,38
10690,49
10691,51
10692,64
10693,63
10694,54
10695,50
10696,44
10697,51
10698,64
10699,32
10700,18
10701,30
10702,50
10703,50
10704,42
10705,64
10706,54
10707,49
10708,57
10709,31
10710,38
10711,25
10712,23
10713,19
10714,22
10715,22
10716,43
10717,30
10718,34
10719,26
10720,36
10721,46
10722,38
10723,50
10724,22
10725,55
10726,56
10727,21
10728,35
10729,34
10730,23
10731,27
10732,43
10733,55
10734,45
10735,45
10736,47
10737,56
10738,30
10739,51
10740,54
10741,40
10742,47
10743,37
10744,44
10745,18
10746,20
10747,48
10748,26
10749,41
10750,45
10751,52
10752,20
10753,47
10754,55
10755,62
10756,61
10757,47
10758,34
10759,48
10760,51
10761,35
10762,38
10763,22
10764,58
10765,42
10766,29
10767,27
10768,51
10769,62
10770,55
10771,27
10772,52
10773,28
10774,31
10775,51
10776,18
10777,30
10778,39
10779,35
10780,22
10781,40
10782,19
10783,18
10784,63
10785,18
10786,28
10787,34
10788,32
10789,38
10790,49
10791,51
10792,64
10793,63
10794,54
10795,50
10796,44
10797,51
10798,64
10799,32
10800,18
10801,30
10802,50
10803,50
10804,42
10805,64
10806,54
10807,49
10808,57
10809,31
10810,38
10811,25
10812,23
10813,19
10814,22
10815,22
10816,43
10817,30
10818,34
10819,26
10820,36
10821,46
10822,38
10823,50
10824,22
10825,55
10826,56
10827,21
10828,35
10829,34
10830,23
10831,27
10832,43
10833,55
10834,45
10835,45
10836,47
10837,56
10838,30
10839,51
10840,54
10841,40
10842,47
10843,37
10844,44
10845,18
10846,20
10847,48
10848,26
10849,41
10850,45
10851,52
10852,20
10853,47
10854,55
10855,62
10856,61
10857,47
10858,34
10859,48
10860,51
10861,35
10862,38
10863,22
10864,58
10865,42
10866,29
10867,27
10868,51
10869,62
10870,55
10871,27
10872,52
10873,28
10874,31
10875,51
10876,18
10877,30
10878,39
10879,35
10880,22
10881,40
10882,19
10883,18
10884,63
10885,18
10886,28
10887,34
10888,32
10889,38
10890,49
10891,51
10892,64
10893,63
10894,54
10895,50
10896,44
10897,51
10898,64
10899,32
10900,18
10901,30
10902,50
10903,50
10904,42
10905,64
10906,54
10907,49
10908,57
10909,31
10910,38
10911,25
10912,23
10913,19
10914,22
10915,22
10916,43
10917,30
10918,34
10919,26
10920,36
10921,46
10922,38
10923,50
10924,22
10925,55
10926,56
10927,21
10928,35
10929,34
10930,23
10931,27
10932,43
10933,55
10934,45
10935,45
10936,47
10937,56
10938,30
10939,51
10940,54
10941,40
10942,47
10943,37
10944,44
10945,18
10946,20
10947,48
10948,26
10949,41
10950,45
10951,52
10952,20
10953,47
10954,55
10955,62
10956,61
10957,47
10958,34
10959,48
10960,51
10961,35
10962,38
10963,22
10964,58
10965,42
10966,29
10967,27
10968,51
10969,62
10970,55
10971,27
10972,52
10973,28
10974,31
10975,51
10976,18
10977,30
10978,39
10979,35
10980,22
10981,40
10982,19
10983,18
10984,63
10985,18
10986,28
10987,34
10988,32
10989,38
10990,49
10991,51
10992,64
10993,63
10994,54
10995,50
10996,44
10997,51
10998,64
10999,32
11000,18
11001,30
11002,50
11003,50
11004,42
11005,64
11006,54
11007,49
11008,57
11009,31
11010,38
11011,25
11012,23
11013,19
11014,22
11015,22
11016,43
11017,30
11018,34
11019,26
11020,36
11021,46
11022,38
11023,50
11024,22
11025,55
11026,56
11027,21
11028,35
11029,34
11030,23
11031,27
11032,43
11033,55
11034,45
11035,45
11036,47
11037,56
11038,30
11039,51
11040,54
11041,40
11042,47
11043,37
11044,44
11045,18
11046,20
11047,48
11048,26
11049,41
11050,45
11051,52
11052,20
11053,47
11054,55
11055,62
11056,61
11057,47
11058,34
11059,48
11060,51
11061,35
11062,38
11063,22
11064,58
11065,42
11066,29
11067,27
11068,51
11069,62
11070,55
11071,27
11072,52
11073,28
11074,31
11075,51
11076,18
11077,30
11078,39
11079,35
11080,22
11081,40
11082,19
11083,18
11084,63
11085,18
11086,28
11087,34
11088,32
11089,38
11090,49
11091,51
11092,64
11093,63
11094,54
11095,50
11096,44
11097,51
11098,64
11099,32
11100,18
11101,30
11102,50
11103,50
11104,42
11105,64
11106,54
11107,49
11108,57
11109,31
11110,38
11111,25
11112,23
11113,19
11114,22
11115,22
11116,43
11117,30
11118,34
11119,26
11120,36
11121,46
11122,38
11123,50
11124,22
11125,55
11126,56
11127,21
11128,35
11129,34
11130,23
11131,27
11132,43
11133,55
11134,45
11135,45
11136,47
11137,56
11138,30
11139,51
11140,54
11141,40
11142,47
11143,37
11144,44
11145,18
11146,20
11147,48
11148,26
11149,41
11150,45
11151,52
11152,20
11153,47
11154,55
11155,62
11156,61
11157,47
11158,34
11159,48
11160,51
11161,35
11162,38
11163,22
11164,58
11165,42
11166,29
11167,27
11168,51
11169,62
11170,55
11171,27
11172,52
11173,28
11174,31
11175,51
11176,18
11177,30
11178,39
11179,35
11180,22
11181,40
11182,19
11183,18
11184,63
11185,18
11186,28
11187,34
11188,32
11189,38
11190,49
11191,51
11192,64
11193,63
11194,54
11195,50
11196,44
11197,51
11198,64
11199,32
11200,18
11201,30
11202,50
11203,50
11204,42
11205,64
11206,54
11207,49
11208,57
11209,31
11210,38
11211,25
11212,23
11213,19
11214,22
11215,22
11216,43
11217,30
11218,34
11219,26
11220,36
11221,46
11222,38
11223,50
11224,22
11225,55
11226,56
11227,21
11228,35
11229,34
11230,23
11231,27
11232,43
11233,55
11234,45
11235,45
11236,47
11237,56
11238,30
11239,51
11240,54
11241,40
11242,47
11243,37
11244,44
11245,18
11246,20
11247,48
11248,26
11249,41
11250,45
11251,52
11252,20
11253,47
11254,55
11255,62
11256,61
11257,47
11258,34
11259,48
11260,51
11261,35
11262,38
11263,22
11264,58
11265,42
11266,29
11267,27
11268,51
11269,62
11270,55
11271,27
11272,52
11273,28
11274,31
11275,51
11276,18
11277,30
11278,39
11279,35
11280,22
11281,40
11282,19
11283,18
11284,63
11285,18
11286,28
11287,34
11288,32
11289,38
11290,49
11291,51
11292,64
11293,63
11294,54
11295,50
11296,44
11297,51
11298,64
11299,32
11300,18
11301,30
11302,50
11303,50
11304,42
11305,64
11306,54
11307,49
11308,57
11309,31
11310,38
11311,25
11312,23
11313,19
11314,22
11315,22
11316,43
11317,30
11318,34
11319,26
11320,36
11321,46
11322,38
11323,50
11324,22
11325,55
11326,56
11327,21
11328,35
11329,34
11330,23
11331,27
11332,43
11333,55
11334,45
11335,45
11336,47
11337,56
11338,30
11339,51
11340,54
11341,40
11342,47
11343,37
11344,44
11345,18
11346,20
11347,48
11348,26
11349,41
11350,45
11351,52
11352,20
11353,47
11354,55
11355,62
11356,61
11357,47
11358,34
11359,48
11360,51
11361,35
11362,38
11363,22
11364,58
11365,42
11366,29
11367,27
11368,51
11369,62
11370,55
11371,27
11372,52
11373,28
11374,31
11375,51
11376,18
11377,30
11378,39
11379,35
11380,22
11381,40
11382,19
11383,18
11384,63
11385,18
11386,28
11387,34
11388,32
11389,38
11390,49
11391,51
11392,64
11393,63
11394,54
11395,50
11396,44
11397,51
11398,64
11399,32
11400,18
11401,30
11402,50
11403,50
11404,42
11405,64
11406,54
11407,49
11408,57
11409,31
11410,38
11411,25
11412,23
11413,19
11414,22
11415,22
11416,43
11417,30
11418,34
11419,26
11420,36
11421,46
11422,38
11423,50
11424,22
11425,55
11426,56
11427,21
11428,35
11429,34
11430,23
11431,27
11432,43
11433,55
11434,45
11435,45
11436,47
11437,56
11438,30
11439,51
11440,54
11441,40
11442,47
11443,37
11444,44
11445,18
11446,20
11447,48
11448,26
11449,41
11450,45
11451,52
11452,20
11453,47
11454,55
11455,62
11456,61
11457,47
11458,34
11459,48
11460,51
11461,35
11462,38
11463,22
11464,58
11465,42
11466,29
11467,27
11468,51
11469,62
11470,55
11471,27
11472,52
11473,28
11474,31
11475,51
11476,18
11477,30
11478,39
11479,35
11480,22
11481,40
11482,19
11483,18
11484,63
11485,18
11486,28
11487,34
11488,32
11489,38
11490,49
11491,51
11492,64
11493,63
11494,54
11495,50
11496,44
11497,51
11498,64
11499,32
11500,18
11501,30
11502,50
11503,50
11504,42
11505,64
11506,54
11507,49
11508,57
11509,31
11510,38
11511,25
11512,23
11513,19
11514,22
11515,22
11516,43
11517,30
11518,34
11519,26
11520,36
11521,46
11522,38
11523,50
11524,22
11525,55
11526,56
11527,21
11528,35
11529,34
11530,23
11531,27
11532,43
11533,55
11534,45
11535,45
11536,47
11537,56
11538,30
11539,51
11540,54
11541,40
11542,47
11543,37
11544,44
11545,18
11546,20
11547,48
11548,26
11549,41
11550,45
11551,52
11552,20
11553,47
11554,55
11555,62
11556,61
11557,47
11558,34
11559,48
11560,51
11561,35
11562,38
11563,22
11564,58
11565,42
11566,29
11567,27
11568,51
11569,62
11570,55
11571,27
11572,52
11573,28
11574,31
11575,51
11576,18
11577,30
11578,39
11579,35
11580,22
11581,40
11582,19
11583,18
11584,63
11585,18
11586,28
11587,34
11588,32
11589,38
11590,49
11591,51
11592,64
11593,63
11594,54
11595,50
11596,44
11597,51
11598,64
11599,32
11600,18
11601,30
11602,50
11603,50
11604,42
11605,64
11606,54
11607,49
11608,57
11609,31
11610,38
11611,25
11612,23
11613,19
11614,22
11615,22
11616,43
11617,30
11618,34
11619,26
11620,36
11621,46
11622,38
11623,50
11624,22
11625,55
11626,56
11627,21
11628,35
11629,34
11630,23
11631,27
11632,43
11633,55
11634,45
11635,45
11636,47
11637,56
11638,30
11639,51
11640,54
11641,40
11642,47
11643,37
11644,44
11645,18
11646,20
11647,48
11648,26
11649,41
11650,45
11651,52
11652,20
11653,47
11654,55
11655,62
11656,61
11657,47
11658,34
11659,48
11660,51
11661,35
11662,38
11663,22
11664,58
11665,42
11666,29
11667,27
11668,51
11669,62
11670,55
11671,27
11672,52
11673,28
11674,31
11675,51
11676,18
11677,30
11678,39
11679,35
11680,22
11681,40
11682,19
11683,18
11684,63
11685,18
11686,28
11687,34
11688,32
11689,38
11690,49
11691,51
11692,64
11693,63
11694,54
11695,50
11696,44
11697,51
11698,64
11699,32
11700,18
11701,30
11702,50
11703,50
11704,42
11705,64
11706,54
11707,49
11708,57
11709,31
11710,38
11711,25
11712,23
11713,19
11714,22
11715,22
11716,43
11717,30
11718,34
11719,26
11720,36
11721,46
11722,38
11723,50
11724,22
11725,55
11726,56
11727,21
11728,35
11729,34
11730,23
11731,27
11732,43
11733,55
11734,45
11735,45
11736,47
11737,56
11738,30
11739,51
11740,54
11741,40
11742,47
11743,37
11744,44
11745,18
11746,20
11747,48
11748,26
11749,41
11750,45
11751,52
11752,20
11753,47
11754,55
11755,62
11756,61
11757,47
11758,34
11759,48
11760,51
11761,35
11762,38
11763,22
11764,58
11765,42
11766,29
11767,27
11768,51
11769,62
11770,55
11771,27
11772,52
11773,28
11774,31
11775,51
11776,18
11777,30
11778,39
11779,35
11780,22
11781,40
11782,19
11783,18
11784,63
11785,18
11786,28
11787,34
11788,32
11789,38
11790,49
11791,51
11792,64
11793,63
11794,54
11795,50
11796,44
11797,51
11798,64
11799,32
11800,18
11801,30
11802,50
11803,50
11804,42
11805,64
11806,54
11807,49
11808,57
11809,31
11810,38
11811,25
11812,23
11813,19
11814,22
11815,22
11816,43
11817,30
11818,34
11819,26
11820,36
11821,46
11822,38
11823,50
11824,22
11825,55
11826,56
11827,21
11828,35
11829,34
11830,23
11831,27
11832,43
11833,55
11834,45
11835,45
11836,47
11837,56
11838,30
11839,51
11840,54
11841,40
11842,47
11843,37
11844,44
11845,18
11846,20
11847,48
11848,26
11849,41
11850,45
11851,52
11852,20
11853,47
11854,55
11855,62
11856,61
11857,47
11858,34
11859,48
11860,51
11861,35
11862,38
11863,22
11864,58
11865,42
11866,29
11867,27
11868,51
11869,62
11870,55
11871,27
11872,52
11873,28
11874,31
11875,51
11876,18
11877,30
11878,39
11879,35
11880,22
11881,40
11882,19
11883,18
11884,63
11885,18
11886,28
11887,34
11888,32
11889,38
11890,49
11891,51
11892,64
11893,63
11894,54
11895,50
11896,44
11897,51
11898,64
11899,32
11900,18
11901,30
11902,50
11903,50
11904,42
11905,64
11906,54
11907,49
11908,57
11909,31
11910,38
11911,25
11912,23
11913,19
11914,22
11915,22
11916,43
11917,30
11918,34
11919,26
11920,36
11921,46
11922,38
11923,50
11924,22
11925,55
11926,56
11927,21
11928,35
11929,34
11930,23
11931,27
11932,43
11933,55
11934,45
11935,45
11936,47
11937,56
11938,30
11939,51
11940,54
11941,40
11942,47
11943,37
11944,44
11945,18
11946,20
11947,48
11948,26
11949,41
11950,45
11951,52
11952,20
11953,47
11954,55
11955,62
11956,61
11957,47
11958,34
11959,48
11960,51
11961,35
11962,38
11963,22
11964,58
11965,42
11966,29
11967,27
11968,51
11969,62
11970,55
11971,27
11972,52
11973,28
11974,31
11975,51
11976,18
11977,30
11978,39
11979,35
11980,22
11981,40
11982,19
11983,18
11984,63
11985,18
11986,28
11987,34
11988,32
11989,38
11990,49
11991,51
11992,64
11993,63
11994,54
11995,50
11996,44
11997,51
11998,64
11999,32
12000,18
12001,30
12002,50
12003,50
12004,42
12005,64
12006,54
12007,49
12008,57
12009,31
12010,38
12011,25
12012,23
12013,19
12014,22
12015,22
12016,43
12017,30
12018,34
12019,26
12020,36
12021,46
12022,38
12023,50
12024,22
12025,55
12026,56
12027,21
12028,35
12029,34
12030,23
12031,27
12032,43
12033,55
12034,45
12035,45
12036,47
12037,56
12038,30
12039,51
12040,54
12041,40
12042,47
12043,37
12044,44
12045,18
12046,20
12047,48
12048,26
12049,41
12050,45
12051,52
12052,20
12053,47
12054,55
12055,62
12056,61
12057,47
12058,34
12059,48
12060,51
12061,35
12062,38
12063,22
12064,58
12065,42
12066,29
12067,27
12068,51
12069,62
12070,55
12071,27
12072,52
12073,28
12074,31
12075,51
12076,18
12077,30
12078,39
12079,35
12080,22
12081,40
12082,19
12083,18
12084,63
12085,18
12086,28
12087,34
12088,32
12089,38
12090,49
12091,51
12092,64
12093,63
12094,54
12095,50
12096,44
12097,51
12098,64
12099,32
12100,18
12101,30
12102,50
12103,50
12104,42
12105,64
12106,54
12107,49
12108,57
12109,31
12110,38
12111,25
12112,23
12113,19
12114,22
12115,22
12116,43
12117,30
12118,34
12119,26
12120,36
12121,46
12122,38
12123,50
12124,22
12125,55
12126,56
12127,21
12128,35
12129,34
12130,23
12131,27
12132,43
12133,55
12134,45
12135,45
12136,47
12137,56
12138,30
12139,51
12140,54
12141,40
12142,47
12143,37
12144,44
12145,18
12146,20
12147,48
12148,26
12149,41
12150,45
12151,52
12152,20
12153,47
12154,55
12155,62
12156,61
12157,47
12158,34
12159,48
12160,51
12161,35
12162,38
12163,22
12164,58
12165,42
12166,29
12167,27
12168,51
12169,62
12170,55
12171,27
12172,52
12173,28
12174,31
12175,51
12176,18
12177,30
12178,39
12179,35
12180,22
12181,40
12182,19
12183,18
12184,63
12185,18
12186,28
12187,34
12188,32
12189,38
12190,49
12191,51
12192,64
12193,63
12194,54
12195,50
12196,44
12197,51
12198,64
12199,32
12200,18
12201,30
12202,50
12203,50
12204,42
12205,64
12206,54
12207,49
12208,57
12209,31
12210,38
12211,25
12212,23
12213,19
12214,22
12215,22
12216,43
12217,30
12218,34
12219,26
12220,36
12221,46
12222,38
12223,50
12224,22
12225,55
12226,56
12227,21
12228,35
12229,34
12230,23
12231,27
12232,43
12233,55
12234,45
12235,45
12236,47
12237,56
12238,30
12239,51
12240,54
12241,40
12242,47
12243,37
12244,44
12245,18
12246,20
12247,48
12248,26
12249,41
12250,45
12251,52
12252,20
12253,47
12254,55
12255,62
12256,61
12257,47
12258,34
12259,48
12260,51
12261,35
12262,38
12263,22
12264,58
12265,42
12266,29
12267,27
12268,51
12269,62
12270,55
12271,27
12272,52
12273,28
12274,31
12275,51
12276,18
12277,30
12278,39
12279,35
12280,22
12281,40
12282,19
12283,18
12284,63
12285,18
12286,28
12287,34
12288,32
12289,38
12290,49
12291,51
12292,64
12293,63
12294,54
12295,50
12296,44
12297,51
12298,64
12299,32
12300,18
12301,30
12302,50
12303,50
12304,42
12305,64
12306,54
12307,49
12308,57
12309,31
12310,38
12311,25
12312,23
12313,19
12314,22
12315,22
12316,43
12317,30
12318,34
12319,26
12320,36
12321,46
12322,38
12323,50
12324,22
12325,55
12326,56
12327,21
12328,35
12329,34
12330,23
12331,27
12332,43
12333,55
12334,45
12335,45
12336,47
12337,56
12338,30
12339,51
12340,54
12341,40
12342,47
12343,37
12344,44
12345,18
12346,20
12347,48
12348,26
12349,41
12350,45
12351,52
12352,20
12353,47
12354,55
12355,62
12356,61
12357,47
12358,34
12359,48
12360,51
12361,35
12362,38
12363,22
12364,58
12365,42
12366,29
12367,27
12368,51
12369,62
12370,55
12371,27
12372,52
12373,28
12374,31
12375,51
12376,18
12377,30
12378,39
12379,35
12380,22
12381,40
12382,19
12383,18
12384,63
12385,18
12386,28
12387,34
12388,32
12389,38
12390,49
12391,51
12392,64
12393,63
12394,54
12395,50
12396,44
12397,51
12398,64
12399,32
12400,18
12401,30
12402,50
12403,50
12404,42
12405,64
12406,54
12407,49
12408,57
12409,31
12410,38
12411,25
12412,23
12413,19
12414,22
12415,22
12416,43
12417,30
12418,34
12419,26
12420,36
12421,46
12422,38
12423,50
12424,22
12425,55
12426,56
12427,21
12428,35
12429,34
12430,23
12431,27
12432,43
12433,55
12434,45
12435,45
12436,47
12437,56
12438,30
12439,51
12440,54
12441,40
12442,47
12443,37
12444,44
12445,18
12446,20
12447,48
12448,26
12449,41
12450,45
12451,52
12452,20
12453,47
12454,55
12455,62
12456,61
12457,47
12458,34
12459,48
12460,51
12461,35
12462,38
12463,22
12464,58
12465,42
12466,29
12467,27
12468,51
12469,62
12470,55
12471,27
12472,52
12473,28
12474,31
12475,51
12476,18
12477,30
12478,39
12479,35
12480,22
12481,40
12482,19
12483,18
12484,63
12485,18
12486,28
12487,34
12488,32
12489,38
12490,49
12491,51
12492,64
12493,63
12494,54
12495,50
12496,44
12497,51
12498,64
12499,32
12500,18
12501,30
12502,50
12503,50
12504,42
12505,64
12506,54
12507,49
12508,57
12509,31
12510,38
12511,25
12512,23
12513,19
12514,22
12515,22
12516,43
12517,30
12518,34
12519,26
12520,36
12521,46
12522,38
12523,50
12524,22
12525,55
12526,56
12527,21
12528,35
12529,34
12530,23
12531,27
12532,43
12533,55
12534,45
12535,45
12536,47
12537,56
12538,30
12539,51
12540,54
12541,40
12542,47
12543,37
12544,44
12545,18
12546,20
12547,48
12548,26
12549,41
12550,45
12551,52
12552,20
12553,47
12554,55
12555,62
12556,61
12557,47
12558,34
12559,48
12560,51
12561,35
12562,38
12563,22
12564,58
12565,42
12566,29
12567,27
12568,51
12569,62
12570,55
12571,27
12572,52
12573,28
12574,31
12575,51
12576,18
12577,30
12578,39
12579,35
12580,22
12581,40
12582,19
12583,18
12584,63
12585,18
12586,28
12587,34
12588,32
12589,38
12590,49
12591,51
12592,64
12593,63
12594,54
12595,50
12596,44
12597,51
12598,64
12599,32
12600,18
12601,30
12602,50
12603,50
12604,42
12605,64
12606,54
12607,49
12608,57
12609,31
12610,38
12611,25
12612,23
12613,19
12614,22
12615,22
12616,43
12617,30
12618,34
12619,26
12620,36
12621,46
12622,38
12623,50
12624,22
12625,55
12626,56
12627,21
12628,35
12629,34
12630,23
12631,27
12632,43
12633,55
12634,45
12635,45
12636,47
12637,56
12638,30
12639,51
12640,54
12641,40
12642,47
12643,37
12644,44
12645,18
12646,20
12647,48
12648,26
12649,41
12650,45
12651,52
12652,20
12653,47
12654,55
12655,62
12656,61
12657,47
12658,34
12659,48
12660,51
12661,35
12662,38
12663,22
12664,58
12665,42
12666,29
12667,27
12668,51
12669,62
12670,55
12671,27
12672,52
12673,28
12674,31
12675,51
12676,18
12677,30
12678,39
12679,35
12680,22
12681,40
12682,19
12683,18
12684,63
12685,18
12686,28
12687,34
12688,32
12689,38
12690,49
12691,51
12692,64
12693,63
12694,54
12695,50
12696,44
12697,51
12698,64
12699,32
12700,18
12701,30
12702,50
12703,50
12704,42
12705,64
12706,54
12707,49
12708,57
12709,31
12710,38
12711,25
12712,23
12713,19
12714,22
12715,22
12716,43
12717,30
12718,34
12719,26
12720,36
12721,46
12722,38
12723,50
12724,22
12725,55
12726,56
12727,21
12728,35
12729,34
12730,23
12731,27
12732,43
12733,55
12734,45
12735,45
12736,47
12737,56
12738,30
12739,51
12740,54
12741,40
12742,47
12743,37
12744,44
12745,18
12746,20
12747,48
12748,26
12749,41
12750,45
12751,52
12752,20
12753,47
12754,55
12755,62
12756,61
12757,47
12758,34
12759,48
12760,51
12761,35
12762,38
12763,22
12764,58
12765,42
12766,29
12767,27
12768,51
12769,62
12770,55
12771,27
12772,52
12773,28
12774,31
12775,51
12776,18
12777,30
12778,39
12779,35
12780,22
12781,40
12782,19
12783,18
12784,63
12785,18
12786,28
12787,34
12788,32
12789,38
12790,49
12791,51
12792,64
12793,63
12794,54
12795,50
12796,44
12797,51
12798,64
12799,32
12800,18
12801,30
12802,50
12803,50
12804,42
12805,64
12806,54
12807,49
12808,57
12809,31
12810,38
12811,25
12812,23
12813,19
12814,22
12815,22
12816,43
12817,30
12818,34
12819,26
12820,36
12821,46
12822,38
12823,50
12824,22
12825,55
12826,56
12827,21
12828,35
12829,34
12830,23
12831,27
12832,43
12833,55
12834,45
12835,45
12836,47
12837,56
12838,30
12839,51
12840,54
12841,40
12842,47
12843,37
12844,44
12845,18
12846,20
12847,48
12848,26
12849,41
12850,45
12851,52
12852,20
12853,47
12854,55
12855,62
12856,61
12857,47
12858,34
12859,48
12860,51
12861,35
12862,38
12863,22
12864,58
12865,42
12866,29
12867,27
12868,51
12869,62
12870,55
12871,27
12872,52
12873,28
12874,31
12875,51
12876,18
12877,30
12878,39
12879,35
12880,22
12881,40
12882,19
12883,18
12884,63
12885,18
12886,28
12887,34
12888,32
12889,38
12890,49
12891,51
12892,64
12893,63
12894,54
12895,50
12896,44
12897,51
12898,64
12899,32
12900,18
12901,30
12902,50
12903,50
12904,42
12905,64
12906,54
12907,49
12908,57
12909,31
12910,38
12911,25
12912,23
12913,19
12914,22
12915,22
12916,43
12917,30
12918,34
12919,26
12920,36
12921,46
12922,38
12923,50
12924,22
12925,55
12926,56
12927,21
12928,35
12929,34
12930,23
12931,27
12932,43
12933,55
12934,45
12935,45
12936,47
12937,56
12938,30
12939,51
12940,54
12941,40
12942,47
12943,37
12944,44
12945,18
12946,20
12947,48
12948,26
12949,41
12950,45
12951,52
12952,20
12953,47
12954,55
12955,62
12956,61
12957,47
12958,34
12959,48
12960,51
12961,35
12962,38
12963,22
12964,58
12965,42
12966,29
12967,27
12968,51
12969,62
12970,55
12971,27
12972,52
12973,28
12974,31
12975,51
12976,18
12977,30
12978,39
12979,35
12980,22
12981,40
12982,19
12983,18
12984,63
12985,18
12986,28
12987,34
12988,32
12989,38
12990,49
12991,51
12992,64
12993,63
12994,54
12995,50
12996,44
12997,51
12998,64
12999,32
13000,18
13001,30
13002,50
13003,50
13004,42
13005,64
13006,54
13007,49
13008,57
13009,31
13010,38
13011,25
13012,23
13013,19
13014,22
13015,22
13016,43
13017,30
13018,34
13019,26
13020,36
13021,46
13022,38
13023,50
13024,22
13025,55
13026,56
13027,21
13028,35
13029,34
13030,23
13031,27
13032,43
13033,55
13034,45
13035,45
13036,47
13037,56
13038,30
13039,51
13040,54
13041,40
13042,47
13043,37
13044,44
13045,18
13046,20
13047,48
13048,26
13049,41
13050,45
13051,52
13052,20
13053,47
13054,55
13055,62
13056,61
13057,47
13058,34
13059,48
13060,51
13061,35
13062,38
13063,22
13064,58
13065,42
13066,29
13067,27
13068,51
13069,62
13070,55
13071,27
13072,52
13073,28
13074,31
13075,51
13076,18
13077,30
13078,39
13079,35
13080,22
13081,40
13082,19
13083,18
13084,63
13085,18
13086,28
13087,34
13088,32
13089,38
13090,49
13091,51
13092,64
13093,63
13094,54
13095,50
13096,44
13097,51
13098,64
13099,32
13100,18
13101,30
13102,50
13103,50
13104,42
13105,64
13106,54
13107,49
13108,57
13109,31
13110,38
13111,25
13112,23
13113,19
13114,22
13115,22
13116,43
13117,30
13118,34
13119,26
13120,36
13121,46
13122,38
13123,50
13124,22
13125,55
13126,56
13127,21
13128,35
13129,34
13130,23
13131,27
13132,43
13133,55
13134,45
13135,45
13136,47
13137,56
13138,30
13139,51
13140,54
13141,40
13142,47
13143,37
13144,44
13145,18
13146,20
13147,48
13148,26
13149,41
13150,45
13151,52
13152,20
13153,47
13154,55
13155,62
13156,61
13157,47
13158,34
13159,48
13160,51
13161,35
13162,38
13163,22
13164,58
13165,42
13166,29
13167,27
13168,51
13169,62
13170,55
13171,27
13172,52
13173,28
13174,31
13175,51
13176,18
13177,30
13178,39
13179,35
13180,22
13181,40
13182,19
13183,18
13184,63
13185,18
13186,28
13187,34
13188,32
13189,38
13190,49
13191,51
13192,64
13193,63
13194,54
13195,50
13196,44
13197,51
13198,64
13199,32
13200,18
13201,30
13202,50
13203,50
13204,42
13205,64
13206,54
13207,49
13208,57
13209,31
13210,38
13211,25
13212,23
13213,19
13214,22
13215,22
13216,43
13217,30
13218,34
13219,26
13220,36
13221,46
13222,38
13223,50
13224,22
13225,55
13226,56
13227,21
13228,35
13229,34
13230,23
13231,27
13232,43
13233,55
13234,45
13235,45
13236,47
13237,56
13238,30
13239,51
13240,54
13241,40
13242,47
13243,37
13244,44
13245,18
13246,20
13247,48
13248,26
13249,41
13250,45
13251,52
13252,20
13253,47
13254,55
13255,62
13256,61
13257,47
13258,34
13259,48
13260,51
13261,35
13262,38
13263,22
13264,58
13265,42
13266,29
13267,27
13268,51
13269,62
13270,55
13271,27
13272,52
13273,28
13274,31
13275,51
13276,18
13277,30
13278,39
13279,35
13280,22
13281,40
13282,19
13283,18
13284,63
13285,18
13286,28
13287,34
13288,32
13289,38
13290,49
13291,51
13292,64
13293,63
13294,54
13295,50
13296,44
13297,51
13298,64
13299,32
13300,18
13301,30
13302,50
13303,50
13304,42
13305,64
13306,54
13307,49
13308,57
13309,31
13310,38
13311,25
13312,23
13313,19
13314,22
13315,22
13316,43
13317,30
13318,34
13319,26
13320,36
13321,46
13322,38
13323,50
13324,22
13325,55
13326,56
13327,21
13328,35
13329,34
13330,23
13331,27
13332,43
13333,55
13334,45
13335,45
13336,47
13337,56
13338,30
13339,51
13340,54
13341,40
13342,47
13343,37
13344,44
13345,18
13346,20
13347,48
13348,26
13349,41
13350,45
13351,52
13352,20
13353,47
13354,55
13355,62
13356,61
13357,47
13358,34
13359,48
13360,51
13361,35
13362,38
13363,22
13364,58
13365,42
13366,29
13367,27
13368,51
13369,62
13370,55
13371,27
13372,52
13373,28
13374,31
13375,51
13376,18
13377,30
13378,39
13379,35
13380,22
13381,40
13382,19
13383,18
13384,63
13385,18
13386,28
13387,34
13388,32
13389,38
13390,49
13391,51
13392,64
13393,63
13394,54
13395,50
13396,44
13397,51
13398,64
13399,32
13400,18
13401,30
13402,50
13403,50
13404,42
13405,64
13406,54
13407,49
13408,57
13409,31
13410,38
13411,25
13412,23
13413,19
13414,22
13415,22
13416,43
13417,30
13418,34
13419,26
13420,36
13421,46
13422,38
13423,50
13424,22
13425,55
13426,56
13427,21
13428,35
13429,34
13430,23
13431,27
13432,43
13433,55
13434,45
13435,45
13436,47
13437,56
13438,30
13439,51
13440,54
13441,40
13442,47
13443,37
13444,44
13445,18
13446,20
13447,48
13448,26
13449,41
13450,45
13451,52
13452,20
13453,47
13454,55
13455,62
13456,61
13457,47
13458,34
13459,48
13460,51
13461,35
13462,38
13463,22
13464,58
13465,42
13466,29
13467,27
13468,51
13469,62
13470,55
13471,27
13472,52
13473,28
13474,31
13475,51
13476,18
13477,30
13478,39
13479,35
13480,22
13481,40
13482,19
13483,18
13484,63
13485,18
13486,28
13487,34
13488,32
13489,38
13490,49
13491,51
13492,64
13493,63
13494,54
13495,50
13496,44
13497,51
13498,64
13499,32
13500,18
13501,30
13502,50
13503,50
13504,42
13505,64
13506,54
13507,49
13508,57
13509,31
13510,38
13511,25
13512,23
13513,19
13514,22
13515,22
13516,43
13517,30
13518,34
13519,26
13520,36
13521,46
13522,38
13523,50
13524,22
13525,55
13526,56
13527,21
13528,35
13529,34
13530,23
13531,27
13532,43
13533,55
13534,45
13535,45
13536,47
13537,56
13538,30
13539,51
13540,54
13541,40
13542,47
13543,37
13544,44
13545,18
13546,20
13547,48
13548,26
13549,41
13550,45
13551,52
13552,20
13553,47
13554,55
13555,62
13556,61
13557,47
13558,34
13559,48
13560,51
13561,35
13562,38
13563,22
13564,58
13565,42
13566,29
13567,27
13568,51
13569,62
13570,55
13571,27
13572,52
13573,28
13574,31
13575,51
13576,18
13577,30
13578,39
13579,35
13580,22
13581,40
13582,19
13583,18
13584,63
13585,18
13586,28
13587,34
13588,32
13589,38
13590,49
13591,51
13592,64
13593,63
13594,54
13595,50
13596,44
13597,51
13598,64
13599,32
13600,18
13601,30
13602,50
13603,50
13604,42
13605,64
13606,54
13607,49
13608,57
13609,31
13610,38
13611,25
13612,23
13613,19
13614,22
13615,22
13616,43
13617,30
13618,34
13619,26
13620,36
13621,46
13622,38
13623,50
13624,22
13625,55
13626,56
13627,21
13628,35
13629,34
13630,23
13631,27
13632,43
13633,55
13634,45
13635,45
13636,47
13637,56
13638,30
13639,51
13640,54
13641,40
13642,47
13643,37
13644,44
13645,18
13646,20
13647,48
13648,26
13649,41
13650,45
13651,52
13652,20
13653,47
13654,55
13655,62
13656,61
13657,47
13658,34
13659,48
13660,51
13661,35
13662,38
13663,22
13664,58
13665,42
13666,29
13667,27
13668,51
13669,62
13670,55
13671,27
13672,52
13673,28
13674,31
13675,51
13676,18
13677,30
13678,39
13679,35
13680,22
13681,40
13682,19
13683,18
13684,63
13685,18
13686,28
13687,34
13688,32
13689,38
13690,49
13691,51
13692,64
13693,63
13694,54
13695,50
13696,44
13697,51
13698,64
13699,32
13700,18
13701,30
13702,50
13703,50
13704,42
13705,64
13706,54
13707,49
13708,57
13709,31
13710,38
13711,25
13712,23
13713,19
13714,22
13715,22
13716,43
13717,30
13718,34
13719,26
13720,36
13721,46
13722,38
13723,50
13724,22
13725,55
13726,56
13727,21
13728,35
13729,34
13730,23
13731,27
13732,43
13733,55
13734,45
13735,45
13736,47
13737,56
13738,30
13739,51
13740,54
13741,40
13742,47
13743,37
13744,44
13745,18
13746,20
13747,48
13748,26
13749,41
13750,45
13751,52
13752,20
13753,47
13754,55
13755,62
13756,61
13757,47
13758,34
13759,48
13760,51
13761,35
13762,38
13763,22
13764,58
13765,42
13766,29
13767,27
13768,51
13769,62
13770,55
13771,27
13772,52
13773,28
13774,31
13775,51
13776,18
13777,30
13778,39
13779,35
13780,22
13781,40
13782,19
13783,18
13784,63
13785,18
13786,28
13787,34
13788,32
13789,38
13790,49
13791,51
13792,64
13793,63
13794,54
13795,50
13796,44
13797,51
13798,64
13799,32
13800,18
13801,30
13802,50
13803,50
13804,42
13805,64
13806,54
13807,49
13808,57
13809,31
13810,38
13811,25
13812,23
13813,19
13814,22
13815,22
13816,43
13817,30
13818,34
13819,26
13820,36
13821,46
13822,38
13823,50
13824,22
13825,55
13826,56
13827,21
13828,35
13829,34
13830,23
13831,27
13832,43
13833,55
13834,45
13835,45
13836,47
13837,56
13838,30
13839,51
13840,54
13841,40
13842,47
13843,37
13844,44
13845,18
13846,20
13847,48
13848,26
13849,41
13850,45
13851,52
13852,20
13853,47
13854,55
13855,62
13856,61
13857,47
13858,34
13859,48
13860,51
13861,35
13862,38
13863,22
13864,58
13865,42
13866,29
13867,27
13868,51
13869,62
13870,55
13871,27
13872,52
13873,28
13874,31
13875,51
13876,18
13877,30
13878,39
13879,35
13880,22
13881,40
13882,19
13883,18
13884,63
13885,18
13886,28
13887,34
13888,32
13889,38
13890,49
13891,51
13892,64
13893,63
13894,54
13895,50
13896,44
13897,51
13898,64
13899,32
13900,18
13901,30
13902,50
13903,50
13904,42
13905,64
13906,54
13907,49
13908,57
13909,31
13910,38
13911,25
13912,23
13913,19
13914,22
13915,22
13916,43
13917,30
13918,34
13919,26
13920,36
13921,46
13922,38
13923,50
13924,22
13925,55
13926,56
13927,21
13928,35
13929,34
13930,23
13931,27
13932,43
13933,55
13934,45
13935,45
13936,47
13937,56
13938,30
13939,51
13940,54
13941,40
13942,47
13943,37
13944,44
13945,18
13946,20
13947,48
13948,26
13949,41
13950,45
13951,52
13952,20
13953,47
13954,55
13955,62
13956,61
13957,47
13958,34
13959,48
13960,51
13961,35
13962,38
13963,22
13964,58
13965,42
13966,29
13967,27
13968,51
13969,62
13970,55
13971,27
13972,52
13973,28
13974,31
13975,51
13976,18
13977,30
13978,39
13979,35
13980,22
13981,40
13982,19
13983,18
13984,63
13985,18
13986,28
13987,34
13988,32
13989,38
13990,49
13991,51
13992,64
13993,63
13994,54
13995,50
13996,44
13997,51
13998,64
13999,32
14000,18
14001,30
14002,50
14003,50
14004,42
14005,64
14006,54
14007,49
14008,57
14009,31
14010,38
14011,25
14012,23
14013,19
14014,22
14015,22
14016,43
14017,30
14018,34
14019,26
14020,36
14021,46
14022,38
14023,50
14024,22
14025,55
14026,56
14027,21
14028,35
14029,34
14030,23
14031,27
14032,43
14033,55
14034,45
14035,45
14036,47
14037,56
14038,30
14039,51
14040,54
14041,40
14042,47
14043,37
14044,44
14045,18
14046,20
14047,48
14048,26
14049,41
14050,45
14051,52
14052,20
14053,47
14054,55
14055,62
14056,61
14057,47
14058,34
14059,48
14060,51
14061,35
14062,38
14063,22
14064,58
14065,42
14066,29
14067,27
14068,51
14069,62
14070,55
14071,27
14072,52
14073,28
14074,31
14075,51
14076,18
14077,30
14078,39
14079,35
14080,22
14081,40
14082,19
14083,18
14084,63
14085,18
14086,28
14087,34
14088,32
14089,38
14090,49
14091,51
14092,64
14093,63
14094,54
14095,50
14096,44
14097,51
14098,64
14099,32
14100,18
14101,30
14102,50
14103,50
14104,42
14105,64
14106,54
14107,49
14108,57
14109,31
14110,38
14111,25
14112,23
14113,19
14114,22
14115,22
14116,43
14117,30
14118,34
14119,26
14120,36
14121,46
14122,38
14123,50
14124,22
14125,55
14126,56
14127,21
14128,35
14129,34
14130,23
14131,27
14132,43
14133,55
14134,45
14135,45
14136,47
14137,56
14138,30
14139,51
14140,54
14141,40
14142,47
14143,37
14144,44
14145,18
14146,20
14147,48
14148,26
14149,41
14150,45
14151,52
14152,20
14153,47
14154,55
14155,62
14156,61
14157,47
14158,34
14159,48
14160,51
14161,35
14162,38
14163,22
14164,58
14165,42
14166,29
14167,27
14168,51
14169,62
14170,55
14171,27
14172,52
14173,28
14174,31
14175,51
14176,18
14177,30
14178,39
14179,35
14180,22
14181,40
14182,19
14183,18
14184,63
14185,18
14186,28
14187,34
14188,32
14189,38
14190,49
14191,51
14192,64
14193,63
14194,54
14195,50
14196,44
14197,51
14198,64
14199,32
14200,18
14201,30
14202,50
14203,50
14204,42
14205,64
14206,54
14207,49
14208,57
14209,31
14210,38
14211,25
14212,23
14213,19
14214,22
14215,22
14216,43
14217,30
14218,34
14219,26
14220,36
14221,46
14222,38
14223,50
14224,22
14225,55
14226,56
14227,21
14228,35
14229,34
14230,23
14231,27
14232,43
14233,55
14234,45
14235,45
14236,47
14237,56
14238,30
14239,51
14240,54
14241,40
14242,47
14243,37
14244,44
14245,18
14246,20
14247,48
14248,26
14249,41
14250,45
14251,52
14252,20
14253,47
14254,55
14255,62
14256,61
14257,47
14258,34
14259,48
14260,51
14261,35
14262,38
14263,22
14264,58
14265,42
14266,29
14267,27
14268,51
14269,62
14270,55
14271,27
14272,52
14273,28
14274,31
14275,51
14276,18
14277,30
14278,39
14279,35
14280,22
14281,40
14282,19
14283,18
14284,63
14285,18
14286,28
14287,34
14288,32
14289,38
14290,49
14291,51
14292,64
14293,63
14294,54
14295,50
14296,44
14297,51
14298,64
14299,32
14300,18
14301,30
14302,50
14303,50
14304,42
14305,64
14306,54
14307,49
14308,57
14309,31
14310,38
14311,25
14312,23
14313,19
14314,22
14315,22
14316,43
14317,30
14318,34
14319,26
14320,36
14321,46
14322,38
14323,50
14324,22
14325,55
14326,56
14327,21
14328,35
14329,34
14330,23
14331,27
14332,43
14333,55
14334,45
14335,45
14336,47
14337,56
14338,30
14339,51
14340,54
14341,40
14342,47
14343,37
14344,44
14345,18
14346,20
14347,48
14348,26
14349,41
14350,45
14351,52
14352,20
14353,47
14354,55
14355,62
14356,61
14357,47
14358,34
14359,48
14360,51
14361,35
14362,38
14363,22
14364,58
14365,42
14366,29
14367,27
14368,51
14369,62
14370,55
14371,27
14372,52
14373,28
14374,31
14375,51
14376,18
14377,30
14378,39
14379,35
14380,22
14381,40
14382,19
14383,18
14384,63
14385,18
14386,28
14387,34
14388,32
14389,38
14390,49
14391,51
14392,64
14393,63
14394,54
14395,50
14396,44
14397,51
14398,64
14399,32
14400,18
14401,30
14402,50
14403,50
14404,42
14405,64
14406,54
14407,49
14408,57
14409,31
14410,38
14411,25
14412,23
14413,19
14414,22
14415,22
14416,43
14417,30
14418,34
14419,26
14420,36
14421,46
14422,38
14423,50
14424,22
14425,55
14426,56
14427,21
14428,35
14429,34
14430,23
14431,27
14432,43
14433,55
14434,45
14435,45
14436,47
14437,56
14438,30
14439,51
14440,54
14441,40
14442,47
14443,37
14444,44
14445,18
14446,20
14447,48
14448,26
14449,41
14450,45
14451,52
14452,20
14453,47
14454,55
14455,62
14456,61
14457,47
14458,34
14459,48
14460,51
14461,35
14462,38
14463,22
14464,58
14465,42
14466,29
14467,27
14468,51
14469,62
14470,55
14471,27
14472,52
14473,28
14474,31
14475,51
14476,18
14477,30
14478,39
14479,35
14480,22
14481,40
14482,19
14483,18
14484,63
14485,18
14486,28
14487,34
14488,32
14489,38
14490,49
14491,51
14492,64
14493,63
14494,54
14495,50
14496,44
14497,51
14498,64
14499,32
14500,18
14501,30
14502,50
14503,50
14504,42
14505,64
14506,54
14507,49
14508,57
14509,31
14510,38
14511,25
14512,23
14513,19
14514,22
14515,22
14516,43
14517,30
14518,34
14519,26
14520,36
14521,46
14522,38
14523,50
14524,22
14525,55
14526,56
14527,21
14528,35
14529,34
14530,23
14531,27
14532,43
14533,55
14534,45
14535,45
14536,47
14537,56
14538,30
14539,51
14540,54
14541,40
14542,47
14543,37
14544,44
14545,18
14546,20
14547,48
14548,26
14549,41
14550,45
14551,52
14552,20
14553,47
14554,55
14555,62
14556,61
14557,47
14558,34
14559,48
14560,51
14561,35
14562,38
14563,22
14564,58
14565,42
14566,29
14567,27
14568,51
14569,62
14570,55
14571,27
14572,52
14573,28
14574,31
14575,51
14576,18
14577,30
14578,39
14579,35
14580,22
14581,40
14582,19
14583,18
14584,63
14585,18
14586,28
14587,34
14588,32
14589,38
14590,49
14591,51
14592,64
14593,63
14594,54
14595,50
14596,44
14597,51
14598,64
14599,32
14600,18
14601,30
14602,50
14603,50
14604,42
14605,64
14606,54
14607,49
14608,57
14609,31
14610,38
14611,25
14612,23
14613,19
14614,22
14615,22
14616,43
14617,30
14618,34
14619,26
14620,36
14621,46
14622,38
14623,50
14624,22
14625,55
14626,56
14627,21
14628,35
14629,34
14630,23
14631,27
14632,43
14633,55
14634,45
14635,45
14636,47
14637,56
14638,30
14639,51
14640,54
14641,40
14642,47
14643,37
14644,44
14645,18
14646,20
14647,48
14648,26
14649,41
14650,45
14651,52
14652,20
14653,47
14654,55
14655,62
14656,61
14657,47
14658,34
14659,48
14660,51
14661,35
14662,38
14663,22
14664,58
14665,42
14666,29
14667,27
14668,51
14669,62
14670,55
14671,27
14672,52
14673,28
14674,31
14675,51
14676,18
14677,30
14678,39
14679,35
14680,22
14681,40
14682,19
14683,18
14684,63
14685,18
14686,28
14687,34
14688,32
14689,38
14690,49
14691,51
14692,64
14693,63
14694,54
14695,50
14696,44
14697,51
14698,64
14699,32
14700,18
14701,30
14702,50
14703,50
14704,42
14705,64
14706,54
14707,49
14708,57
14709,31
14710,38
14711,25
14712,23
14713,19
14714,22
14715,22
14716,43
14717,30
14718,34
14719,26
14720,36
14721,46
14722,38
14723,50
14724,22
14725,55
14726,56
14727,21
14728,35
14729,34
14730,23
14731,27
14732,43
14733,55
14734,45
14735,45
14736,47
14737,56
14738,30
14739,51
14740,54
14741,40
14742,47
14743,37
14744,44
14745,18
14746,20
14747,48
14748,26
14749,41
14750,45
14751,52
14752,20
14753,47
14754,55
14755,62
14756,61
14757,47
14758,34
14759,48
14760,51
14761,35
14762,38
14763,22
14764,58
14765,42
14766,29
14767,27
14768,51
14769,62
14770,55
14771,27
14772,52
14773,28
14774,31
14775,51
14776,18
14777,30
14778,39
14779,35
14780,22
14781,40
14782,19
14783,18
14784,63
14785,18
14786,28
14787,34
14788,32
14789,38
14790,49
14791,51
14792,64
14793,63
14794,54
14795,50
14796,44
14797,51
14798,64
14799,32
14800,18
14801,30
14802,50
14803,50
14804,42
14805,64
14806,54
14807,49
14808,57
14809,31
14810,38
14811,25
14812,23
14813,19
14814,22
14815,22
14816,43
14817,30
14818,34
14819,26
14820,36
14821,46
14822,38
14823,50
14824,22
14825,55
14826,56
14827,21
14828,35
14829,34
14830,23
14831,27
14832,43
14833,55
14834,45
14835,45
14836,47
14837,56
14838,30
14839,51
14840,54
14841,40
14842,47
14843,37
14844,44
14845,18
14846,20
14847,48
14848,26
14849,41
14850,45
14851,52
14852,20
14853,47
14854,55
14855,62
14856,61
14857,47
14858,34
14859,48
14860,51
14861,35
14862,38
14863,22
14864,58
14865,42
14866,29
14867,27
14868,51
14869,62
14870,55
14871,27
14872,52
14873,28
14874,31
14875,51
14876,18
14877,30
14878,39
14879,35
14880,22
14881,40
14882,19
14883,18
14884,63
14885,18
14886,28
14887,34
14888,32
14889,38
14890,49
14891,51
14892,64
14893,63
14894,54
14895,50
14896,44
14897,51
14898,64
14899,32
14900,18
14901,30
14902,50
14903,50
14904,42
14905,64
14906,54
14907,49
14908,57
14909,31
14910,38
14911,25
14912,23
14913,19
14914,22
14915,22
14916,43
14917,30
14918,34
14919,26
14920,36
14921,46
14922,38
14923,50
14924,22
14925,55
14926,56
14927,21
14928,35
14929,34
14930,23
14931,27
14932,43
14933,55
14934,45
14935,45
14936,47
14937,56
14938,30
14939,51
14940,54
14941,40
14942,47
14943,37
14944,44
14945,18
14946,20
14947,48
14948,26
14949,41
14950,45
14951,52
14952,20
14953,47
14954,55
14955,62
14956,61
14957,47
14958,34
14959,48
14960,51
14961,35
14962,38
14963,22
14964,58
14965,42
14966,29
14967,27
14968,51
14969,62
14970,55
14971,27
14972,52
14973,28
14974,31
14975,51
14976,18
14977,30
14978,39
14979,35
14980,22
14981,40
14982,19
14983,18
14984,63
14985,18
14986,28
14987,34
14988,32
14989,38
14990,49
14991,51
14992,64
14993,63
14994,54
14995,50
14996,44
14997,51
14998,64
14999,32
15000,18
15001,30
15002,50
15003,50
15004,42
15005,64
15006,54
15007,49
15008,57
15009,31
15010,38
15011,25
15012,23
15013,19
15014,22
15015,22
15016,43
15017,30
15018,34
15019,26
15020,36
15021,46
15022,38
15023,50
15024,22
15025,55
15026,56
15027,21
15028,35
15029,34
15030,23
15031,27
15032,43
15033,55
15034,45
15035,45
15036,47
15037,56
15038,30
15039,51
15040,54
15041,40
15042,47
15043,37
15044,44
15045,18
15046,20
15047,48
15048,26
15049,41
15050,45
15051,52
15052,20
15053,47
15054,55
15055,62
15056,61
15057,47
15058,34
15059,48
15060,51
15061,35
15062,38
15063,22
15064,58
15065,42
15066,29
15067,27
15068,51
15069,62
15070,55
15071,27
15072,52
15073,28
15074,31
15075,51
15076,18
15077,30
15078,39
15079,35
15080,22
15081,40
15082,19
15083,18
15084,63
15085,18
15086,28
15087,34
15088,32
15089,38
15090,49
15091,51
15092,64
15093,63
15094,54
15095,50
15096,44
15097,51
15098,64
15099,32
15100,18
15101,30
15102,50
15103,50
15104,42
15105,64
15106,54
15107,49
15108,57
15109,31
15110,38
15111,25
15112,23
15113,19
15114,22
15115,22
15116,43
15117,30
15118,34
15119,26
15120,36
15121,46
15122,38
15123,50
15124,22
15125,55
15126,56
15127,21
15128,35
15129,34
15130,23
15131,27
15132,43
15133,55
15134,45
15135,45
15136,47
15137,56
15138,30
15139,51
15140,54
15141,40
15142,47
15143,37
15144,44
15145,18
15146,20
15147,48
15148,26
15149,41
15150,45
15151,52
15152,20
15153,47
15154,55
15155,62
15156,61
15157,47
15158,34
15159,48
15160,51
15161,35
15162,38
15163,22
15164,58
15165,42
15166,29
15167,27
15168,51
15169,62
15170,55
15171,27
15172,52
15173,28
15174,31
15175,51
15176,18
15177,30
15178,39
15179,35
15180,22
15181,40
15182,19
15183,18
15184,63
15185,18
15186,28
15187,34
15188,32
15189,38
15190,49
15191,51
15192,64
15193,63
15194,54
15195,50
15196,44
15197,51
15198,64
15199,32
15200,18
15201,30
15202,50
15203,50
15204,42
15205,64
15206,54
15207,49
15208,57
15209,31
15210,38
15211,25
15212,23
15213,19
15214,22
15215,22
15216,43
15217,30
15218,34
15219,26
15220,36
15221,46
15222,38
15223,50
15224,22
15225,55
15226,56
15227,21
15228,35
15229,34
15230,23
15231,27
15232,43
15233,55
15234,45
15235,45
15236,47
15237,56
15238,30
15239,51
15240,54
15241,40
15242,47
15243,37
15244,44
15245,18
15246,20
15247,48
15248,26
15249,41
15250,45
15251,52
15252,20
15253,47
15254,55
15255,62
15256,61
15257,47
15258,34
15259,48
15260,51
15261,35
15262,38
15263,22
15264,58
15265,42
15266,29
15267,27
15268,51
15269,62
15270,55
15271,27
15272,52
15273,28
15274,31
15275,51
15276,18
15277,30
15278,39
15279,35
15280,22
15281,40
15282,19
15283,18
15284,63
15285,18
15286,28
15287,34
15288,32
15289,38
15290,49
15291,51
15292,64
15293,63
15294,54
15295,50
15296,44
15297,51
15298,64
15299,32
15300,18
15301,30
15302,50
15303,50
15304,42
15305,64
15306,54
15307,49
15308,57
15309,31
15310,38
15311,25
15312,23
15313,19
15314,22
15315,22
15316,43
15317,30
15318,34
15319,26
15320,36
15321,46
15322,38
15323,50
15324,22
15325,55
15326,56
15327,21
15328,35
15329,34
15330,23
15331,27
15332,43
15333,55
15334,45
15335,45
15336,47
15337,56
15338,30
15339,51
15340,54
15341,40
15342,47
15343,37
15344,44
15345,18
15346,20
15347,48
15348,26
15349,41
15350,45
15351,52
15352,20
15353,47
15354,55
15355,62
15356,61
15357,47
15358,34
15359,48
15360,51
15361,35
15362,38
15363,22
15364,58
15365,42
15366,29
15367,27
15368,51
15369,62
15370,55
15371,27
15372,52
15373,28
15374,31
15375,51
15376,18
15377,30
15378,39
15379,35
15380,22
15381,40
15382,19
15383,18
15384,63
15385,18
15386,28
15387,34
15388,32
15389,38
15390,49
15391,51
15392,64
15393,63
15394,54
15395,50
15396,44
15397,51
15398,64
15399,32
15400,18
15401,30
15402,50
15403,50
15404,42
15405,64
15406,54
15407,49
15408,57
15409,31
15410,38
15411,25
15412,23
15413,19
15414,22
15415,22
15416,43
15417,30
15418,34
15419,26
15420,36
15421,46
15422,38
15423,50
15424,22
15425,55
15426,56
15427,21
15428,35
15429,34
15430,23
15431,27
15432,43
15433,55
15434,45
15435,45
15436,47
15437,56
15438,30
15439,51
15440,54
15441,40
15442,47
15443,37
15444,44
15445,18
15446,20
15447,48
15448,26
15449,41
15450,45
15451,52
15452,20
15453,47
15454,55
15455,62
15456,61
15457,47
15458,34
15459,48
15460,51
15461,35
15462,38
15463,22
15464,58
15465,42
15466,29
15467,27
15468,51
15469,62
15470,55
15471,27
15472,52
15473,28
15474,31
15475,51
15476,18
15477,30
15478,39
15479,35
15480,22
15481,40
15482,19
15483,18
15484,63
15485,18
15486,28
15487,34
15488,32
15489,38
15490,49
15491,51
15492,64
15493,63
15494,54
15495,50
15496,44
15497,51
15498,64
15499,32
15500,18
15501,30
15502,50
15503,50
15504,42
15505,64
15506,54
15507,49
15508,57
15509,31
15510,38
15511,25
15512,23
15513,19
15514,22
15515,22
15516,43
15517,30
15518,34
15519,26
15520,36
15521,46
15522,38
15523,50
15524,22
15525,55
15526,56
15527,21
15528,35
15529,34
15530,23
15531,27
15532,43
15533,55
15534,45
15535,45
15536,47
15537,56
15538,30
15539,51
15540,54
15541,40
15542,47
15543,37
15544,44
15545,18
15546,20
15547,48
15548,26
15549,41
15550,45
15551,52
15552,20
15553,47
15554,55
15555,62
15556,61
15557,47
15558,34
15559,48
15560,51
15561,35
15562,38
15563,22
15564,58
15565,42
15566,29
15567,27
15568,51
15569,62
15570,55
15571,27
15572,52
15573,28
15574,31
15575,51
15576,18
15577,30
15578,39
15579,35
15580,22
15581,40
15582,19
15583,18
15584,63
15585,18
15586,28
15587,34
15588,32
15589,38
15590,49
15591,51
15592,64
15593,63
15594,54
15595,50
15596,44
15597,51
15598,64
15599,32
15600,18
15601,30
15602,50
15603,50
15604,42
15605,64
15606,54
15607,49
15608,57
15609,31
15610,38
15611,25
15612,23
15613,19
15614,22
15615,22
15616,43
15617,30
15618,34
15619,26
15620,36
15621,46
15622,38
15623,50
15624,22
15625,55
15626,56
15627,21
15628,35
15629,34
15630,23
15631,27
15632,43
15633,55
15634,45
15635,45
15636,47
15637,56
15638,30
15639,51
15640,54
15641,40
15642,47
15643,37
15644,44
15645,18
15646,20
15647,48
15648,26
15649,41
15650,45
15651,52
15652,20
15653,47
15654,55
15655,62
15656,61
15657,47
15658,34
15659,48
15660,51
15661,35
15662,38
15663,22
15664,58
15665,42
15666,29
15667,27
15668,51
15669,62
15670,55
15671,27
15672,52
15673,28
15674,31
15675,51
15676,18
15677,30
15678,39
15679,35
15680,22
15681,40
15682,19
15683,18
15684,63
15685,18
15686,28
15687,34
15688,32
15689,38
15690,49
15691,51
15692,64
15693,63
15694,54
15695,50
15696,44
15697,51
15698,64
15699,32
15700,18
15701,30
15702,50
15703,50
15704,42
15705,64
15706,54
15707,49
15708,57
15709,31
15710,38
15711,25
15712,23
15713,19
15714,22
15715,22
15716,43
15717,30
15718,34
15719,26
15720,36
15721,46
15722,38
15723,50
15724,22
15725,55
15726,56
15727,21
15728,35
15729,34
15730,23
15731,27
15732,43
15733,55
15734,45
15735,45
15736,47
15737,56
15738,30
15739,51
15740,54
15741,40
15742,47
15743,37
15744,44
15745,18
15746,20
15747,48
15748,26
15749,41
15750,45
15751,52
15752,20
15753,47
15754,55
15755,62
15756,61
15757,47
15758,34
15759,48
15760,51
15761,35
15762,38
15763,22
15764,58
15765,42
15766,29
15767,27
15768,51
15769,62
15770,55
15771,27
15772,52
15773,28
15774,31
15775,51
15776,18
15777,30
15778,39
15779,35
15780,22
15781,40
15782,19
15783,18
15784,63
15785,18
15786,28
15787,34
15788,32
15789,38
15790,49
15791,51
15792,64
15793,63
15794,54
15795,50
15796,44
15797,51
15798,64
15799,32
15800,18
15801,30
15802,50
15803,50
15804,42
15805,64
15806,54
15807,49
15808,57
15809,31
15810,38
15811,25
15812,23
15813,19
15814,22
15815,22
15816,43
15817,30
15818,34
15819,26
15820,36
15821,46
15822,38
15823,50
15824,22
15825,55
15826,56
15827,21
15828,35
15829,34
15830,23
15831,27
15832,43
15833,55
15834,45
15835,45
15836,47
15837,56
15838,30
15839,51
15840,54
15841,40
15842,47
15843,37
15844,44
15845,18
15846,20
15847,48
15848,26
15849,41
15850,45
15851,52
15852,20
15853,47
15854,55
15855,62
15856,61
15857,47
15858,34
15859,48
15860,51
15861,35
15862,38
15863,22
15864,58
15865,42
15866,29
15867,27
15868,51
15869,62
15870,55
15871,27
15872,52
15873,28
15874,31
15875,51
15876,18
15877,30
15878,39
15879,35
15880,22
15881,40
15882,19
15883,18
15884,63
15885,18
15886,28
15887,34
15888,32
15889,38
15890,49
15891,51
15892,64
15893,63
15894,54
15895,50
15896,44
15897,51
15898,64
15899,32
15900,18
15901,30
15902,50
15903,50
15904,42
15905,64
15906,54
15907,49
15908,57
15909,31
15910,38
15911,25
15912,23
15913,19
15914,22
15915,22
15916,43
15917,30
15918,34
15919,26
15920,36
15921,46
15922,38
15923,50
15924,22
15925,55
15926,56
15927,21
15928,35
15929,34
15930,23
15931,27
15932,43
15933,55
15934,45
15935,45
15936,47
15937,56
15938,30
15939,51
15940,54
15941,40
15942,47
15943,37
15944,44
15945,18
15946,20
15947,48
15948,26
15949,41
15950,45
15951,52
15952,20
15953,47
15954,55
15955,62
15956,61
15957,47
15958,34
15959,48
15960,51
15961,35
15962,38
15963,22
15964,58
15965,42
15966,29
15967,27
15968,51
15969,62
15970,55
15971,27
15972,52
15973,28
15974,31
15975,51
15976,18
15977,30
15978,39
15979,35
15980,22
15981,40
15982,19
15983,18
15984,63
15985,18
15986,28
15987,34
15988,32
15989,38
15990,49
15991,51
15992,64
15993,63
15994,54
15995,50
15996,44
15997,51
15998,64
15999,32
16000,18
16001,30
16002,50
16003,50
16004,42
16005,64
16006,54
16007,49
16008,57
16009,31
16010,38
16011,25
16012,23
16013,19
16014,22
16015,22
16016,43
16017,30
16018,34
16019,26
16020,36
16021,46
16022,38
16023,50
16024,22
16025,55
16026,56
16027,21
16028,35
16029,34
16030,23
16031,27
16032,43
16033,55
16034,45
16035,45
16036,47
16037,56
16038,30
16039,51
16040,54
16041,40
16042,47
16043,37
16044,44
16045,18
16046,20
16047,48
16048,26
16049,41
16050,45
16051,52
16052,20
16053,47
16054,55
16055,62
16056,61
16057,47
16058,34
16059,48
16060,51
16061,35
16062,38
16063,22
16064,58
16065,42
16066,29
16067,27
16068,51
16069,62
16070,55
16071,27
16072,52
16073,28
16074,31
16075,51
16076,18
16077,30
16078,39
16079,35
16080,22
16081,40
16082,19
16083,18
16084,63
16085,18
16086,28
16087,34
16088,32
16089,38
16090,49
16091,51
16092,64
16093,63
16094,54
16095,50
16096,44
16097,51
16098,64
16099,32
16100,18
16101,30
16102,50
16103,50
16104,42
16105,64
16106,54
16107,49
16108,57
16109,31
16110,38
16111,25
16112,23
16113,19
16114,22
16115,22
16116,43
16117,30
16118,34
16119,26
16120,36
16121,46
16122,38
16123,50
16124,22
16125,55
16126,56
16127,21
16128,35
16129,34
16130,23
16131,27
16132,43
16133,55
16134,45
16135,45
16136,47
16137,56
16138,30
16139,51
16140,54
16141,40
16142,47
16143,37
16144,44
16145,18
16146,20
16147,48
16148,26
16149,41
16150,45
16151,52
16152,20
16153,47
16154,55
16155,62
16156,61
16157,47
16158,34
16159,48
16160,51
16161,35
16162,38
16163,22
16164,58
16165,42
16166,29
16167,27
16168,51
16169,62
16170,55
16171,27
16172,52
16173,28
16174,31
16175,51
16176,18
16177,30
16178,39
16179,35
16180,22
16181,40
16182,19
16183,18
16184,63
16185,18
16186,28
16187,34
16188,32
16189,38
16190,49
16191,51
16192,64
16193,63
16194,54
16195,50
16196,44
16197,51
16198,64
16199,32
16200,18
16201,30
16202,50
16203,50
16204,42
16205,64
16206,54
16207,49
16208,57
16209,31
16210,38
16211,25
16212,23
16213,19
16214,22
16215,22
16216,43
16217,30
16218,34
16219,26
16220,36
16221,46
16222,38
16223,50
16224,22
16225,55
16226,56
16227,21
16228,35
16229,34
16230,23
16231,27
16232,43
16233,55
16234,45
16235,45
16236,47
16237,56
16238,30
16239,51
16240,54
16241,40
16242,47
16243,37
16244,44
16245,18
16246,20
16247,48
16248,26
16249,41
16250,45
16251,52
16252,20
16253,47
16254,55
16255,62
16256,61
16257,47
16258,34
16259,48
16260,51
16261,35
16262,38
16263,22
16264,58
16265,42
16266,29
16267,27
16268,51
16269,62
16270,55
16271,27
16272,52
16273,28
16274,31
16275,51
16276,18
16277,30
16278,39
16279,35
16280,22
16281,40
16282,19
16283,18
16284,63
16285,18
16286,28
16287,34
16288,32
16289,38
16290,49
16291,51
16292,64
16293,63
16294,54
16295,50
16296,44
16297,51
16298,64
16299,32
16300,18
16301,30
16302,50
16303,50
16304,42
16305,64
16306,54
16307,49
16308,57
16309,31
16310,38
16311,25
16312,23
16313,19
16314,22
16315,22
16316,43
16317,30
16318,34
16319,26
16320,36
16321,46
16322,38
16323,50
16324,22
16325,55
16326,56
16327,21
16328,35
16329,34
16330,23
16331,27
16332,43
16333,55
16334,45
16335,45
16336,47
16337,56
16338,30
16339,51
16340,54
16341,40
16342,47
16343,37
16344,44
16345,18
16346,20
16347,48
16348,26
16349,41
16350,45
16351,52
16352,20
16353,47
16354,55
16355,62
16356,61
16357,47
16358,34
16359,48
16360,51
16361,35
16362,38
16363,22
16364,58
16365,42
16366,29
16367,27
16368,51
16369,62
16370,55
16371,27
16372,52
16373,28
16374,31
16375,51
16376,18
16377,30
16378,39
16379,35
16380,22
16381,40
16382,19
16383,18
16384,63
16385,18
16386,28
16387,34
16388,32
16389,38
16390,49
16391,51
16392,64
16393,63
16394,54
16395,50
16396,44
16397,51
16398,64
16399,32
16400,18
16401,30
16402,50
16403,50
16404,42
16405,64
16406,54
16407,49
16408,57
16409,31
16410,38
16411,25
16412,23
16413,19
16414,22
16415,22
16416,43
16417,30
16418,34
16419,26
16420,36
16421,46
16422,38
16423,50
16424,22
16425,55
16426,56
16427,21
16428,35
16429,34
16430,23
16431,27
16432,43
16433,55
16434,45
16435,45
16436,47
16437,56
16438,30
16439,51
16440,54
16441,40
16442,47
16443,37
16444,44
16445,18
16446,20
16447,48
16448,26
16449,41
16450,45
16451,52
16452,20
16453,47
16454,55
16455,62
16456,61
16457,47
16458,34
16459,48
16460,51
16461,35
16462,38
16463,22
16464,58
16465,42
16466,29
16467,27
16468,51
16469,62
16470,55
16471,27
16472,52
16473,28
16474,31
16475,51
16476,18
16477,30
16478,39
16479,35
16480,22
16481,40
16482,19
16483,18
16484,63
16485,18
16486,28
16487,34
16488,32
16489,38
16490,49
16491,51
16492,64
16493,63
16494,54
16495,50
16496,44
16497,51
16498,64
16499,32
16500,18
16501,30
16502,50
16503,50
16504,42
16505,64
16506,54
16507,49
16508,57
16509,31
16510,38
16511,25
16512,23
16513,19
16514,22
16515,22
16516,43
16517,30
16518,34
16519,26
16520,36
16521,46
16522,38
16523,50
16524,22
16525,55
16526,56
16527,21
16528,35
16529,34
16530,23
16531,27
16532,43
16533,55
16534,45
16535,45
16536,47
16537,56
16538,30
16539,51
16540,54
16541,40
16542,47
16543,37
16544,44
16545,18
16546,20
16547,48
16548,26
16549,41
16550,45
16551,52
16552,20
16553,47
16554,55
16555,62
16556,61
16557,47
16558,34
16559,48
16560,51
16561,35
16562,38
16563,22
16564,58
16565,42
16566,29
16567,27
16568,51
16569,62
16570,55
16571,27
16572,52
16573,28
16574,31
16575,51
16576,18
16577,30
16578,39
16579,35
16580,22
16581,40
16582,19
16583,18
16584,63
16585,18
16586,28
16587,34
16588,32
16589,38
16590,49
16591,51
16592,64
16593,63
16594,54
16595,50
16596,44
16597,51
16598,64
16599,32
16600,18
16601,30
16602,50
16603,50
16604,42
16605,64
16606,54
16607,49
16608,57
16609,31
16610,38
16611,25
16612,23
16613,19
16614,22
16615,22
16616,43
16617,30
16618,34
16619,26
16620,36
16621,46
16622,38
16623,50
16624,22
16625,55
16626,56
16627,21
16628,35
16629,34
16630,23
16631,27
16632,43
16633,55
16634,45
16635,45
16636,47
16637,56
16638,30
16639,51
16640,54
16641,40
16642,47
16643,37
16644,44
16645,18
16646,20
16647,48
16648,26
16649,41
16650,45
16651,52
16652,20
16653,47
16654,55
16655,62
16656,61
16657,47
16658,34
16659,48
16660,51
16661,35
16662,38
16663,22
16664,58
16665,42
16666,29
16667,27
16668,51
16669,62
16670,55
16671,27
16672,52
16673,28
16674,31
16675,51
16676,18
16677,30
16678,39
16679,35
16680,22
16681,40
16682,19
16683,18
16684,63
16685,18
16686,28
16687,34
16688,32
16689,38
16690,49
16691,51
16692,64
16693,63
16694,54
16695,50
16696,44
16697,51
16698,64
16699,32
16700,18
16701,30
16702,50
16703,50
16704,42
16705,64
16706,54
16707,49
16708,57
16709,31
16710,38
16711,25
16712,23
16713,19
16714,22
16715,22
16716,43
16717,30
16718,34
16719,26
16720,36
16721,46
16722,38
16723,50
16724,22
16725,55
16726,56
16727,21
16728,35
16729,34
16730,23
16731,27
16732,43
16733,55
16734,45
16735,45
16736,47
16737,56
16738,30
16739,51
16740,54
16741,40
16742,47
16743,37
16744,44
16745,18
16746,20
16747,48
16748,26
16749,41
16750,45
16751,52
16752,20
16753,47
16754,55
16755,62
16756,61
16757,47
16758,34
16759,48
16760,51
16761,35
16762,38
16763,22
16764,58
16765,42
16766,29
16767,27
16768,51
16769,62
16770,55
16771,27
16772,52
16773,28
16774,31
16775,51
16776,18
16777,30
16778,39
16779,35
16780,22
16781,40
16782,19
16783,18
16784,63
16785,18
16786,28
16787,34
16788,32
16789,38
16790,49
16791,51
16792,64
16793,63
16794,54
16795,50
16796,44
16797,51
16798,64
16799,32
16800,18
16801,30
16802,50
16803,50
16804,42
16805,64
16806,54
16807,49
16808,57
16809,31
16810,38
16811,25
16812,23
16813,19
16814,22
16815,22
16816,43
16817,30
16818,34
16819,26
16820,36
16821,46
16822,38
16823,50
16824,22
16825,55
16826,56
16827,21
16828,35
16829,34
16830,23
16831,27
16832,43
16833,55
16834,45
16835,45
16836,47
16837,56
16838,30
16839,51
16840,54
16841,40
16842,47
16843,37
16844,44
16845,18
16846,20
16847,48
16848,26
16849,41
16850,45
16851,52
16852,20
16853,47
16854,55
16855,62
16856,61
16857,47
16858,34
16859,48
16860,51
16861,35
16862,38
16863,22
16864,58
16865,42
16866,29
16867,27
16868,51
16869,62
16870,55
16871,27
16872,52
16873,28
16874,31
16875,51
16876,18
16877,30
16878,39
16879,35
16880,22
16881,40
16882,19
16883,18
16884,63
16885,18
16886,28
16887,34
16888,32
16889,38
16890,49
16891,51
16892,64
16893,63
16894,54
16895,50
16896,44
16897,51
16898,64
16899,32
16900,18
16901,30
16902,50
16903,50
16904,42
16905,64
16906,54
16907,49
16908,57
16909,31
16910,38
16911,25
16912,23
16913,19
16914,22
16915,22
16916,43
16917,30
16918,34
16919,26
16920,36
16921,46
16922,38
16923,50
16924,22
16925,55
16926,56
16927,21
16928,35
16929,34
16930,23
16931,27
16932,43
16933,55
16934,45
16935,45
16936,47
16937,56
16938,30
16939,51
16940,54
16941,40
16942,47
16943,37
16944,44
16945,18
16946,20
16947,48
16948,26
16949,41
16950,45
16951,52
16952,20
16953,47
16954,55
16955,62
16956,61
16957,47
16958,34
16959,48
16960,51
16961,35
16962,38
16963,22
16964,58
16965,42
16966,29
16967,27
16968,51
16969,62
16970,55
16971,27
16972,52
16973,28
16974,31
16975,51
16976,18
16977,30
16978,39
16979,35
16980,22
16981,40
16982,19
16983,18
16984,63
16985,18
16986,28
16987,34
16988,32
16989,38
16990,49
16991,51
16992,64
16993,63
16994,54
16995,50
16996,44
16997,51
16998,64
16999,32
17000,18
17001,30
17002,50
17003,50
17004,42
17005,64
17006,54
17007,49
17008,57
17009,31
17010,38
17011,25
17012,23
17013,19
17014,22
17015,22
17016,43
17017,30
17018,34
17019,26
17020,36
17021,46
17022,38
17023,50
17024,22
17025,55
17026,56
17027,21
17028,35
17029,34
17030,23
17031,27
17032,43
17033,55
17034,45
17035,45
17036,47
17037,56
17038,30
17039,51
17040,54
17041,40
17042,47
17043,37
17044,44
17045,18
17046,20
17047,48
17048,26
17049,41
17050,45
17051,52
17052,20
17053,47
17054,55
17055,62
17056,61
17057,47
17058,34
17059,48
17060,51
17061,35
17062,38
17063,22
17064,58
17065,42
17066,29
17067,27
17068,51
17069,62
17070,55
17071,27
17072,52
17073,28
17074,31
17075,51
17076,18
17077,30
17078,39
17079,35
17080,22
17081,40
17082,19
17083,18
17084,63
17085,18
17086,28
17087,34
17088,32
17089,38
17090,49
17091,51
17092,64
17093,63
17094,54
17095,50
17096,44
17097,51
17098,64
17099,32
17100,18
17101,30
17102,50
17103,50
17104,42
17105,64
17106,54
17107,49
17108,57
17109,31
17110,38
17111,25
17112,23
17113,19
17114,22
17115,22
17116,43
17117,30
17118,34
17119,26
17120,36
17121,46
17122,38
17123,50
17124,22
17125,55
17126,56
17127,21
17128,35
17129,34
17130,23
17131,27
17132,43
17133,55
17134,45
17135,45
17136,47
17137,56
17138,30
17139,51
17140,54
17141,40
17142,47
17143,37
17144,44
17145,18
17146,20
17147,48
17148,26
17149,41
17150,45
17151,52
17152,20
17153,47
17154,55
17155,62
17156,61
17157,47
17158,34
17159,48
17160,51
17161,35
17162,38
17163,22
17164,58
17165,42
17166,29
17167,27
17168,51
17169,62
17170,55
17171,27
17172,52
17173,28
17174,31
17175,51
17176,18
17177,30
17178,39
17179,35
17180,22
17181,40
17182,19
17183,18
17184,63
17185,18
17186,28
17187,34
17188,32
17189,38
17190,49
17191,51
17192,64
17193,63
17194,54
17195,50
17196,44
17197,51
17198,64
17199,32
17200,18
17201,30
17202,50
17203,50
17204,42
17205,64
17206,54
17207,49
17208,57
17209,31
17210,38
17211,25
17212,23
17213,19
17214,22
17215,22
17216,43
17217,30
17218,34
17219,26
17220,36
17221,46
17222,38
17223,50
17224,22
17225,55
17226,56
17227,21
17228,35
17229,34
17230,23
17231,27
17232,43
17233,55
17234,45
17235,45
17236,47
17237,56
17238,30
17239,51
17240,54
17241,40
17242,47
17243,37
17244,44
17245,18
17246,20
17247,48
17248,26
17249,41
17250,45
17251,52
17252,20
17253,47
17254,55
17255,62
17256,61
17257,47
17258,34
17259,48
17260,51
17261,35
17262,38
17263,22
17264,58
17265,42
17266,29
17267,27
17268,51
17269,62
17270,55
17271,27
17272,52
17273,28
17274,31
17275,51
17276,18
17277,30
17278,39
17279,35
17280,22
17281,40
17282,19
17283,18
17284,63
17285,18
17286,28
17287,34
17288,32
17289,38
17290,49
17291,51
17292,64
17293,63
17294,54
17295,50
17296,44
17297,51
17298,64
17299,32
17300,18
17301,30
17302,50
17303,50
17304,42
17305,64
17306,54
17307,49
17308,57
17309,31
17310,38
17311,25
17312,23
17313,19
17314,22
17315,22
17316,43
17317,30
17318,34
17319,26
17320,36
17321,46
17322,38
17323,50
17324,22
17325,55
17326,56
17327,21
17328,35
17329,34
17330,23
17331,27
17332,43
17333,55
17334,45
17335,45
17336,47
17337,56
17338,30
17339,51
17340,54
17341,40
17342,47
17343,37
17344,44
17345,18
17346,20
17347,48
17348,26
17349,41
17350,45
17351,52
17352,20
17353,47
17354,55
17355,62
17356,61
17357,47
17358,34
17359,48
17360,51
17361,35
17362,38
17363,22
17364,58
17365,42
17366,29
17367,27
17368,51
17369,62
17370,55
17371,27
17372,52
17373,28
17374,31
17375,51
17376,18
17377,30
17378,39
17379,35
17380,22
17381,40
17382,19
17383,18
17384,63
17385,18
17386,28
17387,34
17388,32
17389,38
17390,49
17391,51
17392,64
17393,63
17394,54
17395,50
17396,44
17397,51
17398,64
17399,32
17400,18
17401,30
17402,50
17403,50
17404,42
17405,64
17406,54
17407,49
17408,57
17409,31
17410,38
17411,25
17412,23
17413,19
17414,22
17415,22
17416,43
17417,30
17418,34
17419,26
17420,36
17421,46
17422,38
17423,50
17424,22
17425,55
17426,56
17427,21
17428,35
17429,34
17430,23
17431,27
17432,43
17433,55
17434,45
17435,45
17436,47
17437,56
17438,30
17439,51
17440,54
17441,40
17442,47
17443,37
17444,44
17445,18
17446,20
17447,48
17448,26
17449,41
17450,45
17451,52
17452,20
17453,47
17454,55
17455,62
17456,61
17457,47
17458,34
17459,48
17460,51
17461,35
17462,38
17463,22
17464,58
17465,42
17466,29
17467,27
17468,51
17469,62
17470,55
17471,27
17472,52
17473,28
17474,31
17475,51
17476,18
17477,30
17478,39
17479,35
17480,22
17481,40
17482,19
17483,18
17484,63
17485,18
17486,28
17487,34
17488,32
17489,38
17490,49
17491,51
17492,64
17493,63
17494,54
17495,50
17496,44
17497,51
17498,64
17499,32
17500,18
17501,30
17502,50
17503,50
17504,42
17505,64
17506,54
17507,49
17508,57
17509,31
17510,38
17511,25
17512,23
17513,19
17514,22
17515,22
17516,43
17517,30
17518,34
17519,26
17520,36
17521,46
17522,38
17523,50
17524,22
17525,55
17526,56
17527,21
17528,35
17529,34
17530,23
17531,27
17532,43
17533,55
17534,45
17535,45
17536,47
17537,56
17538,30
17539,51
17540,54
17541,40
17542,47
17543,37
17544,44
17545,18
17546,20
17547,48
17548,26
17549,41
17550,45
17551,52
17552,20
17553,47
17554,55
17555,62
17556,61
17557,47
17558,34
17559,48
17560,51
17561,35
17562,38
17563,22
17564,58
17565,42
17566,29
17567,27
17568,51
17569,62
17570,55
17571,27
17572,52
17573,28
17574,31
17575,51
17576,18
17577,30
17578,39
17579,35
17580,22
17581,40
17582,19
17583,18
17584,63
17585,18
17586,28
17587,34
17588,32
17589,38
17590,49
17591,51
17592,64
17593,63
17594,54
17595,50
17596,44
17597,51
17598,64
17599,32
17600,18
17601,30
17602,50
17603,50
17604,42
17605,64
17606,54
17607,49
17608,57
17609,31
17610,38
17611,25
17612,23
17613,19
17614,22
17615,22
17616,43
17617,30
17618,34
17619,26
17620,36
17621,46
17622,38
17623,50
17624,22
17625,55
17626,56
17627,21
17628,35
17629,34
17630,23
17631,27
17632,43
17633,55
17634,45
17635,45
17636,47
17637,56
17638,30
17639,51
17640,54
17641,40
17642,47
17643,37
17644,44
17645,18
17646,20
17647,48
17648,26
17649,41
17650,45
17651,52
17652,20
17653,47
17654,55
17655,62
17656,61
17657,47
17658,34
17659,48
17660,51
17661,35
17662,38
17663,22
17664,58
17665,42
17666,29
17667,27
17668,51
17669,62
17670,55
17671,27
17672,52
17673,28
17674,31
17675,51
17676,18
17677,30
17678,39
17679,35
17680,22
17681,40
17682,19
17683,18
17684,63
17685,18
17686,28
17687,34
17688,32
17689,38
17690,49
17691,51
17692,64
17693,63
17694,54
17695,50
17696,44
17697,51
17698,64
17699,32
17700,18
17701,30
17702,50
17703,50
17704,42
17705,64
17706,54
17707,49
17708,57
17709,31
17710,38
17711,25
17712,23
17713,19
17714,22
17715,22
17716,43
17717,30
17718,34
17719,26
17720,36
17721,46
17722,38
17723,50
17724,22
17725,55
17726,56
17727,21
17728,35
17729,34
17730,23
17731,27
17732,43
17733,55
17734,45
17735,45
17736,47
17737,56
17738,30
17739,51
17740,54
17741,40
17742,47
17743,37
17744,44
17745,18
17746,20
17747,48
17748,26
17749,41
17750,45
17751,52
17752,20
17753,47
17754,55
17755,62
17756,61
17757,47
17758,34
17759,48
17760,51
17761,35
17762,38
17763,22
17764,58
17765,42
17766,29
17767,27
17768,51
17769,62
17770,55
17771,27
17772,52
17773,28
17774,31
17775,51
17776,18
17777,30
17778,39
17779,35
17780,22
17781,40
17782,19
17783,18
17784,63
17785,18
17786,28
17787,34
17788,32
17789,38
17790,49
17791,51
17792,64
17793,63
17794,54
17795,50
17796,44
17797,51
17798,64
17799,32
17800,18
17801,30
17802,50
17803,50
17804,42
17805,64
17806,54
17807,49
17808,57
17809,31
17810,38
17811,25
17812,23
17813,19
17814,22
17815,22
17816,43
17817,30
17818,34
17819,26
17820,36
17821,46
17822,38
17823,50
17824,22
17825,55
17826,56
17827,21
17828,35
17829,34
17830,23
17831,27
17832,43
17833,55
17834,45
17835,45
17836,47
17837,56
17838,30
17839,51
17840,54
17841,40
17842,47
17843,37
17844,44
17845,18
17846,20
17847,48
17848,26
17849,41
17850,45
17851,52
17852,20
17853,47
17854,55
17855,62
17856,61
17857,47
17858,34
17859,48
17860,51
17861,35
17862,38
17863,22
17864,58
17865,42
17866,29
17867,27
17868,51
17869,62
17870,55
17871,27
17872,52
17873,28
17874,31
17875,51
17876,18
17877,30
17878,39
17879,35
17880,22
17881,40
17882,19
17883,18
17884,63
17885,18
17886,28
17887,34
17888,32
17889,38
17890,49
17891,51
17892,64
17893,63
17894,54
17895,50
17896,44
17897,51
17898,64
17899,32
17900,18
17901,30
17902,50
17903,50
17904,42
17905,64
17906,54
17907,49
17908,57
17909,31
17910,38
17911,25
17912,23
17913,19
17914,22
17915,22
17916,43
17917,30
17918,34
17919,26
17920,36
17921,46
17922,38
17923,50
17924,22
17925,55
17926,56
17927,21
17928,35
17929,34
17930,23
17931,27
17932,43
17933,55
17934,45
17935,45
17936,47
17937,56
17938,30
17939,51
17940,54
17941,40
17942,47
17943,37
17944,44
17945,18
17946,20
17947,48
17948,26
17949,41
17950,45
17951,52
17952,20
17953,47
17954,55
17955,62
17956,61
17957,47
17958,34
17959,48
17960,51
17961,35
17962,38
17963,22
17964,58
17965,42
17966,29
17967,27
17968,51
17969,62
17970,55
17971,27
17972,52
17973,28
17974,31
17975,51
17976,18
17977,30
17978,39
17979,35
17980,22
17981,40
17982,19
17983,18
17984,63
17985,18
17986,28
17987,34
17988,32
17989,38
17990,49
17991,51
17992,64
17993,63
17994,54
17995,50
17996,44
17997,51
17998,64
17999,32
18000,18
18001,30
18002,50
18003,50
18004,42
18005,64
18006,54
18007,49
18008,57
18009,31
18010,38
18011,25
18012,23
18013,19
18014,22
18015,22
18016,43
18017,30
18018,34
18019,26
18020,36
18021,46
18022,38
18023,50
18024,22
18025,55
18026,56
18027,21
18028,35
18029,34
18030,23
18031,27
18032,43
18033,55
18034,45
18035,45
18036,47
18037,56
18038,30
18039,51
18040,54
18041,40
18042,47
18043,37
18044,44
18045,18
18046,20
18047,48
18048,26
18049,41
18050,45
18051,52
18052,20
18053,47
18054,55
18055,62
18056,61
18057,47
18058,34
18059,48
18060,51
18061,35
18062,38
18063,22
18064,58
18065,42
18066,29
18067,27
18068,51
18069,62
18070,55
18071,27
18072,52
18073,28
18074,31
18075,51
18076,18
18077,30
18078,39
18079,35
18080,22
18081,40
18082,19
18083,18
18084,63
18085,18
18086,28
18087,34
18088,32
18089,38
18090,49
18091,51
18092,64
18093,63
18094,54
18095,50
18096,44
18097,51
18098,64
18099,32
18100,18
18101,30
18102,50
18103,50
18104,42
18105,64
18106,54
18107,49
18108,57
18109,31
18110,38
18111,25
18112,23
18113,19
18114,22
18115,22
18116,43
18117,30
18118,34
18119,26
18120,36
18121,46
18122,38
18123,50
18124,22
18125,55
18126,56
18127,21
18128,35
18129,34
18130,23
18131,27
18132,43
18133,55
18134,45
18135,45
18136,47
18137,56
18138,30
18139,51
18140,54
18141,40
18142,47
18143,37
18144,44
18145,18
18146,20
18147,48
18148,26
18149,41
18150,45
18151,52
18152,20
18153,47
18154,55
18155,62
18156,61
18157,47
18158,34
18159,48
18160,51
18161,35
18162,38
18163,22
18164,58
18165,42
18166,29
18167,27
18168,51
18169,62
18170,55
18171,27
18172,52
18173,28
18174,31
18175,51
18176,18
18177,30
18178,39
18179,35
18180,22
18181,40
18182,19
18183,18
18184,63
18185,18
18186,28
18187,34
18188,32
18189,38
18190,49
18191,51
18192,64
18193,63
18194,54
18195,50
18196,44
18197,51
18198,64
18199,32
18200,18
18201,30
18202,50
18203,50
18204,42
18205,64
18206,54
18207,49
18208,57
18209,31
18210,38
18211,25
18212,23
18213,19
18214,22
18215,22
18216,43
18217,30
18218,34
18219,26
18220,36
18221,46
18222,38
18223,50
18224,22
18225,55
18226,56
18227,21
18228,35
18229,34
18230,23
18231,27
18232,43
18233,55
18234,45
18235,45
18236,47
18237,56
18238,30
18239,51
18240,54
18241,40
18242,47
18243,37
18244,44
18245,18
18246,20
18247,48
18248,26
18249,41
18250,45
18251,52
18252,20
18253,47
18254,55
18255,62
18256,61
18257,47
18258,34
18259,48
18260,51
18261,35
18262,38
18263,22
18264,58
18265,42
18266,29
18267,27
18268,51
18269,62
18270,55
18271,27
18272,52
18273,28
18274,31
18275,51
18276,18
18277,30
18278,39
18279,35
18280,22
18281,40
18282,19
18283,18
18284,63
18285,18
18286,28
18287,34
18288,32
18289,38
18290,49
18291,51
18292,64
18293,63
18294,54
18295,50
18296,44
18297,51
18298,64
18299,32
18300,18
18301,30
18302,50
18303,50
18304,42
18305,64
18306,54
18307,49
18308,57
18309,31
18310,38
18311,25
18312,23
18313,19
18314,22
18315,22
18316,43
18317,30
18318,34
18319,26
18320,36
18321,46
18322,38
18323,50
18324,22
18325,55
18326,56
18327,21
18328,35
18329,34
18330,23
18331,27
18332,43
18333,55
18334,45
18335,45
18336,47
18337,56
18338,30
18339,51
18340,54
18341,40
18342,47
18343,37
18344,44
18345,18
18346,20
18347,48
18348,26
18349,41
18350,45
18351,52
18352,20
18353,47
18354,55
18355,62
18356,61
18357,47
18358,34
18359,48
18360,51
18361,35
18362,38
18363,22
18364,58
18365,42
18366,29
18367,27
18368,51
18369,62
18370,55
18371,27
18372,52
18373,28
18374,31
18375,51
18376,18
18377,30
18378,39
18379,35
18380,22
18381,40
18382,19
18383,18
18384,63
18385,18
18386,28
18387,34
18388,32
18389,38
18390,49
18391,51
18392,64
18393,63
18394,54
18395,50
18396,44
18397,51
18398,64
18399,32
18400,18
18401,30
18402,50
18403,50
18404,42
18405,64
18406,54
18407,49
18408,57
18409,31
18410,38
18411,25
18412,23
18413,19
18414,22
18415,22
18416,43
18417,30
18418,34
18419,26
18420,36
18421,46
18422,38
18423,50
18424,22
18425,55
18426,56
18427,21
18428,35
18429,34
18430,23
18431,27
18432,43
18433,55
18434,45
18435,45
18436,47
18437,56
18438,30
18439,51
18440,54
18441,40
18442,47
18443,37
18444,44
18445,18
18446,20
18447,48
18448,26
18449,41
18450,45
18451,52
18452,20
18453,47
18454,55
18455,62
18456,61
18457,47
18458,34
18459,48
18460,51
18461,35
18462,38
18463,22
18464,58
18465,42
18466,29
18467,27
18468,51
18469,62
18470,55
18471,27
18472,52
18473,28
18474,31
18475,51
18476,18
18477,30
18478,39
18479,35
18480,22
18481,40
18482,19
18483,18
18484,63
18485,18
18486,28
18487,34
18488,32
18489,38
18490,49
18491,51
18492,64
18493,63
18494,54
18495,50
18496,44
18497,51
18498,64
18499,32
18500,18
18501,30
18502,50
18503,50
18504,42
18505,64
18506,54
18507,49
18508,57
18509,31
18510,38
18511,25
18512,23
18513,19
18514,22
18515,22
18516,43
18517,30
18518,34
18519,26
18520,36
18521,46
18522,38
18523,50
18524,22
18525,55
18526,56
18527,21
18528,35
18529,34
18530,23
18531,27
18532,43
18533,55
18534,45
18535,45
18536,47
18537,56
18538,30
18539,51
18540,54
18541,40
18542,47
18543,37
18544,44
18545,18
18546,20
18547,48
18548,26
18549,41
18550,45
18551,52
18552,20
18553,47
18554,55
18555,62
18556,61
18557,47
18558,34
18559,48
18560,51
18561,35
18562,38
18563,22
18564,58
18565,42
18566,29
18567,27
18568,51
18569,62
18570,55
18571,27
18572,52
18573,28
18574,31
18575,51
18576,18
18577,30
18578,39
18579,35
18580,22
18581,40
18582,19
18583,18
18584,63
18585,18
18586,28
18587,34
18588,32
18589,38
18590,49
18591,51
18592,64
18593,63
18594,54
18595,50
18596,44
18597,51
18598,64
18599,32
18600,18
18601,30
18602,50
18603,50
18604,42
18605,64
18606,54
18607,49
18608,57
18609,31
18610,38
18611,25
18612,23
18613,19
18614,22
18615,22
18616,43
18617,30
18618,34
18619,26
18620,36
18621,46
18622,38
18623,50
18624,22
18625,55
18626,56
18627,21
18628,35
18629,34
18630,23
18631,27
18632,43
18633,55
18634,45
18635,45
18636,47
18637,56
18638,30
18639,51
18640,54
18641,40
18642,47
18643,37
18644,44
18645,18
18646,20
18647,48
18648,26
18649,41
18650,45
18651,52
18652,20
18653,47
18654,55
18655,62
18656,61
18657,47
18658,34
18659,48
18660,51
18661,35
18662,38
18663,22
18664,58
18665,42
18666,29
18667,27
18668,51
18669,62
18670,55
18671,27
18672,52
18673,28
18674,31
18675,51
18676,18
18677,30
18678,39
18679,35
18680,22
18681,40
18682,19
18683,18
18684,63
18685,18
18686,28
18687,34
18688,32
18689,38
18690,49
18691,51
18692,64
18693,63
18694,54
18695,50
18696,44
18697,51
18698,64
18699,32
18700,18
18701,30
18702,50
18703,50
18704,42
18705,64
18706,54
18707,49
18708,57
18709,31
18710,38
18711,25
18712,23
18713,19
18714,22
18715,22
18716,43
18717,30
18718,34
18719,26
18720,36
18721,46
18722,38
18723,50
18724,22
18725,55
18726,56
18727,21
18728,35
18729,34
18730,23
18731,27
18732,43
18733,55
18734,45
18735,45
18736,47
18737,56
18738,30
18739,51
18740,54
18741,40
18742,47
18743,37
18744,44
18745,18
18746,20
18747,48
18748,26
18749,41
18750,45
18751,52
18752,20
18753,47
18754,55
18755,62
18756,61
18757,47
18758,34
18759,48
18760,51
18761,35
18762,38
18763,22
18764,58
18765,42
18766,29
18767,27
18768,51
18769,62
18770,55
18771,27
18772,52
18773,28
18774,31
18775,51
18776,18
18777,30
18778,39
18779,35
18780,22
18781,40
18782,19
18783,18
18784,63
18785,18
18786,28
18787,34
18788,32
18789,38
18790,49
18791,51
18792,64
18793,63
18794,54
18795,50
18796,44
18797,51
18798,64
18799,32
18800,18
18801,30
18802,50
18803,50
18804,42
18805,64
18806,54
18807,49
18808,57
18809,31
18810,38
18811,25
18812,23
18813,19
18814,22
18815,22
18816,43
18817,30
18818,34
18819,26
18820,36
18821,46
18822,38
18823,50
18824,22
18825,55
18826,56
18827,21
18828,35
18829,34
18830,23
18831,27
18832,43
18833,55
18834,45
18835,45
18836,47
18837,56
18838,30
18839,51
18840,54
18841,40
18842,47
18843,37
18844,44
18845,18
18846,20
18847,48
18848,26
18849,41
18850,45
18851,52
18852,20
18853,47
18854,55
18855,62
18856,61
18857,47
18858,34
18859,48
18860,51
18861,35
18862,38
18863,22
18864,58
18865,42
18866,29
18867,27
18868,51
18869,62
18870,55
18871,27
18872,52
18873,28
18874,31
18875,51
18876,18
18877,30
18878,39
18879,35
18880,22
18881,40
18882,19
18883,18
18884,63
18885,18
18886,28
18887,34
18888,32
18889,38
18890,49
18891,51
18892,64
18893,63
18894,54
18895,50
18896,44
18897,51
18898,64
18899,32
18900,18
18901,30
18902,50
18903,50
18904,42
18905,64
18906,54
18907,49
18908,57
18909,31
18910,38
18911,25
18912,23
18913,19
18914,22
18915,22
18916,43
18917,30
18918,34
18919,26
18920,36
18921,46
18922,38
18923,50
18924,22
18925,55
18926,56
18927,21
18928,35
18929,34
18930,23
18931,27
18932,43
18933,55
18934,45
18935,45
18936,47
18937,56
18938,30
18939,51
18940,54
18941,40
18942,47
18943,37
18944,44
18945,18
18946,20
18947,48
18948,26
18949,41
18950,45
18951,52
18952,20
18953,47
18954,55
18955,62
18956,61
18957,47
18958,34
18959,48
18960,51
18961,35
18962,38
18963,22
18964,58
18965,42
18966,29
18967,27
18968,51
18969,62
18970,55
18971,27
18972,52
18973,28
18974,31
18975,51
18976,18
18977,30
18978,39
18979,35
18980,22
18981,40
18982,19
18983,18
18984,63
18985,18
18986,28
18987,34
18988,32
18989,38
18990,49
18991,51
18992,64
18993,63
18994,54
18995,50
18996,44
18997,51
18998,64
18999,32
19000,18
19001,30
19002,50
19003,50
19004,42
19005,64
19006,54
19007,49
19008,57
19009,31
19010,38
19011,25
19012,23
19013,19
19014,22
19015,22
19016,43
19017,30
19018,34
19019,26
19020,36
19021,46
19022,38
19023,50
19024,22
19025,55
19026,56
19027,21
19028,35
19029,34
19030,23
19031,27
19032,43
19033,55
19034,45
19035,45
19036,47
19037,56
19038,30
19039,51
19040,54
19041,40
19042,47
19043,37
19044,44
19045,18
19046,20
19047,48
19048,26
19049,41
19050,45
19051,52
19052,20
19053,47
19054,55
19055,62
19056,61
19057,47
19058,34
19059,48
19060,51
19061,35
19062,38
19063,22
19064,58
19065,42
19066,29
19067,27
19068,51
19069,62
19070,55
19071,27
19072,52
19073,28
19074,31
19075,51
19076,18
19077,30
19078,39
19079,35
19080,22
19081,40
19082,19
19083,18
19084,63
19085,18
19086,28
19087,34
19088,32
19089,38
19090,49
19091,51
19092,64
19093,63
19094,54
19095,50
19096,44
19097,51
19098,64
19099,32
19100,18
19101,30
19102,50
19103,50
19104,42
19105,64
19106,54
19107,49
19108,57
19109,31
19110,38
19111,25
19112,23
19113,19
19114,22
19115,22
19116,43
19117,30
19118,34
19119,26
19120,36
19121,46
19122,38
19123,50
19124,22
19125,55
19126,56
19127,21
19128,35
19129,34
19130,23
19131,27
19132,43
19133,55
19134,45
19135,45
19136,47
19137,56
19138,30
19139,51
19140,54
19141,40
19142,47
19143,37
19144,44
19145,18
19146,20
19147,48
19148,26
19149,41
19150,45
19151,52
19152,20
19153,47
19154,55
19155,62
19156,61
19157,47
19158,34
19159,48
19160,51
19161,35
19162,38
19163,22
19164,58
19165,42
19166,29
19167,27
19168,51
19169,62
19170,55
19171,27
19172,52
19173,28
19174,31
19175,51
19176,18
19177,30
19178,39
19179,35
19180,22
19181,40
19182,19
19183,18
19184,63
19185,18
19186,28
19187,34
19188,32
19189,38
19190,49
19191,51
19192,64
19193,63
19194,54
19195,50
19196,44
19197,51
19198,64
19199,32
19200,18
19201,30
19202,50
19203,50
19204,42
19205,64
19206,54
19207,49
19208,57
19209,31
19210,38
19211,25
19212,23
19213,19
19214,22
19215,22
19216,43
19217,30
19218,34
19219,26
19220,36
19221,46
19222,38
19223,50
19224,22
19225,55
19226,56
19227,21
19228,35
19229,34
19230,23
19231,27
19232,43
19233,55
19234,45
19235,45
19236,47
19237,56
19238,30
19239,51
19240,54
19241,40
19242,47
19243,37
19244,44
19245,18
19246,20
19247,48
19248,26
19249,41
19250,45
19251,52
19252,20
19253,47
19254,55
19255,62
19256,61
19257,47
19258,34
19259,48
19260,51
19261,35
19262,38
19263,22
19264,58
19265,42
19266,29
19267,27
19268,51
19269,62
19270,55
19271,27
19272,52
19273,28
19274,31
19275,51
19276,18
19277,30
19278,39
19279,35
19280,22
19281,40
19282,19
19283,18
19284,63
19285,18
19286,28
19287,34
19288,32
19289,38
19290,49
19291,51
19292,64
19293,63
19294,54
19295,50
19296,44
19297,51
19298,64
19299,32
19300,18
19301,30
19302,50
19303,50
19304,42
19305,64
19306,54
19307,49
19308,57
19309,31
19310,38
19311,25
19312,23
19313,19
19314,22
19315,22
19316,43
19317,30
19318,34
19319,26
19320,36
19321,46
19322,38
19323,50
19324,22
19325,55
19326,56
19327,21
19328,35
19329,34
19330,23
19331,27
19332,43
19333,55
19334,45
19335,45
19336,47
19337,56
19338,30
19339,51
19340,54
19341,40
19342,47
19343,37
19344,44
19345,18
19346,20
19347,48
19348,26
19349,41
19350,45
19351,52
19352,20
19353,47
19354,55
19355,62
19356,61
19357,47
19358,34
19359,48
19360,51
19361,35
19362,38
19363,22
19364,58
19365,42
19366,29
19367,27
19368,51
19369,62
19370,55
19371,27
19372,52
19373,28
19374,31
19375,51
19376,18
19377,30
19378,39
19379,35
19380,22
19381,40
19382,19
19383,18
19384,63
19385,18
19386,28
19387,34
19388,32
19389,38
19390,49
19391,51
19392,64
19393,63
19394,54
19395,50
19396,44
19397,51
19398,64
19399,32
19400,18
19401,30
19402,50
19403,50
19404,42
19405,64
19406,54
19407,49
19408,57
19409,31
19410,38
19411,25
19412,23
19413,19
19414,22
19415,22
19416,43
19417,30
19418,34
19419,26
19420,36
19421,46
19422,38
19423,50
19424,22
19425,55
19426,56
19427,21
19428,35
19429,34
19430,23
19431,27
19432,43
19433,55
19434,45
19435,45
19436,47
19437,56
19438,30
19439,51
19440,54
19441,40
19442,47
19443,37
19444,44
19445,18
19446,20
19447,48
19448,26
19449,41
19450,45
19451,52
19452,20
19453,47
19454,55
19455,62
19456,61
19457,47
19458,34
19459,48
19460,51
19461,35
19462,38
19463,22
19464,58
19465,42
19466,29
19467,27
19468,51
19469,62
19470,55
19471,27
19472,52
19473,28
19474,31
19475,51
19476,18
19477,30
19478,39
19479,35
19480,22
19481,40
19482,19
19483,18
19484,63
19485,18
19486,28
19487,34
19488,32
19489,38
19490,49
19491,51
19492,64
19493,63
19494,54
19495,50
19496,44
19497,51
19498,64
19499,32
19500,18
19501,30
19502,50
19503,50
19504,42
19505,64
19506,54
19507,49
19508,57
19509,31
19510,38
19511,25
19512,23
19513,19
19514,22
19515,22
19516,43
19517,30
19518,34
19519,26
19520,36
19521,46
19522,38
19523,50
19524,22
19525,55
19526,56
19527,21
19528,35
19529,34
19530,23
19531,27
19532,43
19533,55
19534,45
19535,45
19536,47
19537,56
19538,30
19539,51
19540,54
19541,40
19542,47
19543,37
19544,44
19545,18
19546,20
19547,48
19548,26
19549,41
19550,45
19551,52
19552,20
19553,47
19554,55
19555,62
19556,61
19557,47
19558,34
19559,48
19560,51
19561,35
19562,38
19563,22
19564,58
19565,42
19566,29
19567,27
19568,51
19569,62
19570,55
19571,27
19572,52
19573,28
19574,31
19575,51
19576,18
19577,30
19578,39
19579,35
19580,22
19581,40
19582,19
19583,18
19584,63
19585,18
19586,28
19587,34
19588,32
19589,38
19590,49
19591,51
19592,64
19593,63
19594,54
19595,50
19596,44
19597,51
19598,64
19599,32
19600,18
19601,30
19602,50
19603,50
19604,42
19605,64
19606,54
19607,49
19608,57
19609,31
19610,38
19611,25
19612,23
19613,19
19614,22
19615,22
19616,43
19617,30
19618,34
19619,26
19620,36
19621,46
19622,38
19623,50
19624,22
19625,55
19626,56
19627,21
19628,35
19629,34
19630,23
19631,27
19632,43
19633,55
19634,45
19635,45
19636,47
19637,56
19638,30
19639,51
19640,54
19641,40
19642,47
19643,37
19644,44
19645,18
19646,20
19647,48
19648,26
19649,41
19650,45
19651,52
19652,20
19653,47
19654,55
19655,62
19656,61
19657,47
19658,34
19659,48
19660,51
19661,35
19662,38
19663,22
19664,58
19665,42
19666,29
19667,27
19668,51
19669,62
19670,55
19671,27
19672,52
19673,28
19674,31
19675,51
19676,18
19677,30
19678,39
19679,35
19680,22
19681,40
19682,19
19683,18
19684,63
19685,18
19686,28
19687,34
19688,32
19689,38
19690,49
19691,51
19692,64
19693,63
19694,54
19695,50
19696,44
19697,51
19698,64
19699,32
19700,18
19701,30
19702,50
19703,50
19704,42
19705,64
19706,54
19707,49
19708,57
19709,31
19710,38
19711,25
19712,23
19713,19
19714,22
19715,22
19716,43
19717,30
19718,34
19719,26
19720,36
19721,46
19722,38
19723,50
19724,22
19725,55
19726,56
19727,21
19728,35
19729,34
19730,23
19731,27
19732,43
19733,55
19734,45
19735,45
19736,47
19737,56
19738,30
19739,51
19740,54
19741,40
19742,47
19743,37
19744,44
19745,18
19746,20
19747,48
19748,26
19749,41
19750,45
19751,52
19752,20
19753,47
19754,55
19755,62
19756,61
19757,47
19758,34
19759,48
19760,51
19761,35
19762,38
19763,22
19764,58
19765,42
19766,29
19767,27
19768,51
19769,62
19770,55
19771,27
19772,52
19773,28
19774,31
19775,51
19776,18
19777,30
19778,39
19779,35
19780,22
19781,40
19782,19
19783,18
19784,63
19785,18
19786,28
19787,34
19788,32
19789,38
19790,49
19791,51
19792,64
19793,63
19794,54
19795,50
19796,44
19797,51
19798,64
19799,32
19800,18
19801,30
19802,50
19803,50
19804,42
19805,64
19806,54
19807,49
19808,57
19809,31
19810,38
19811,25
19812,23
19813,19
19814,22
19815,22
19816,43
19817,30
19818,34
19819,26
19820,36
19821,46
19822,38
19823,50
19824,22
19825,55
19826,56
19827,21
19828,35
19829,34
19830,23
19831,27
19832,43
19833,55
19834,45
19835,45
19836,47
19837,56
19838,30
19839,51
19840,54
19841,40
19842,47
19843,37
19844,44
19845,18
19846,20
19847,48
19848,26
19849,41
19850,45
19851,52
19852,20
19853,47
19854,55
19855,62
19856,61
19857,47
19858,34
19859,48
19860,51
19861,35
19862,38
19863,22
19864,58
19865,42
19866,29
19867,27
19868,51
19869,62
19870,55
19871,27
19872,52
19873,28
19874,31
19875,51
19876,18
19877,30
19878,39
19879,35
19880,22
19881,40
19882,19
19883,18
19884,63
19885,18
19886,28
19887,34
19888,32
19889,38
19890,49
19891,51
19892,64
19893,63
19894,54
19895,50
19896,44
19897,51
19898,64
19899,32
19900,18
19901,30
19902,50
19903,50
19904,42
19905,64
19906,54
19907,49
19908,57
19909,31
19910,38
19911,25
19912,23
19913,19
19914,22
19915,22
19916,43
19917,30
19918,34
19919,26
19920,36
19921,46
19922,38
19923,50
19924,22
19925,55
19926,56
19927,21
19928,35
19929,34
19930,23
19931,27
19932,43
19933,55
19934,45
19935,45
19936,47
19937,56
19938,30
19939,51
19940,54
19941,40
19942,47
19943,37
19944,44
19945,18
19946,20
19947,48
19948,26
19949,41
19950,45
19951,52
19952,20
19953,47
19954,55
19955,62
19956,61
19957,47
19958,34
19959,48
19960,51
19961,35
19962,38
19963,22
19964,58
19965,42
19966,29
19967,27
19968,51
19969,62
19970,55
19971,27
19972,52
19973,28
19974,31
19975,51
19976,18
19977,30
19978,39
19979,35
19980,22
19981,40
19982,19
19983,18
19984,63
19985,18
19986,28
19987,34
19988,32
19989,38
19990,49
19991,51
19992,64
19993,63
19994,54
19995,50
19996,44
19997,51
19998,64
19999,32
20000,18
20001,30
20002,50
20003,50
20004,42
20005,64
20006,54
20007,49
20008,57
20009,31
20010,38
20011,25
20012,23
20013,19
20014,22
20015,22
20016,43
20017,30
20018,34
20019,26
20020,36
20021,46
20022,38
20023,50
20024,22
20025,55
20026,56
20027,21
20028,35
20029,34
20030,23
20031,27
20032,43
20033,55
20034,45
20035,45
20036,47
20037,56
20038,30
20039,51
20040,54
20041,40
20042,47
20043,37
20044,44
20045,18
20046,20
20047,48
20048,26
20049,41
20050,45
20051,52
20052,20
20053,47
20054,55
20055,62
20056,61
20057,47
20058,34
20059,48
20060,51
20061,35
20062,38
20063,22
20064,58
20065,42
20066,29
20067,27
20068,51
20069,62
20070,55
20071,27
20072,52
20073,28
20074,31
20075,51
20076,18
20077,30
20078,39
20079,35
20080,22
20081,40
20082,19
20083,18
20084,63
20085,18
20086,28
20087,34
20088,32
20089,38
20090,49
20091,51
20092,64
20093,63
20094,54
20095,50
20096,44
20097,51
20098,64
20099,32
20100,18
20101,30
20102,50
20103,50
20104,42
20105,64
20106,54
20107,49
20108,57
20109,31
20110,38
20111,25
20112,23
20113,19
20114,22
20115,22
20116,43
20117,30
20118,34
20119,26
20120,36
20121,46
20122,38
20123,50
20124,22
20125,55
20126,56
20127,21
20128,35
20129,34
20130,23
20131,27
20132,43
20133,55
20134,45
20135,45
20136,47
20137,56
20138,30
20139,51
20140,54
20141,40
20142,47
20143,37
20144,44
20145,18
20146,20
20147,48
20148,26
20149,41
20150,45
20151,52
20152,20
20153,47
20154,55
20155,62
20156,61
20157,47
20158,34
20159,48
20160,51
20161,35
20162,38
20163,22
20164,58
20165,42
20166,29
20167,27
20168,51
20169,62
20170,55
20171,27
20172,52
20173,28
20174,31
20175,51
20176,18
20177,30
20178,39
20179,35
20180,22
20181,40
20182,19
20183,18
20184,63
20185,18
20186,28
20187,34
20188,32
20189,38
20190,49
20191,51
20192,64
20193,63
20194,54
20195,50
20196,44
20197,51
20198,64
20199,32
20200,18
20201,30
20202,50
20203,50
20204,42
20205,64
20206,54
20207,49
20208,57
20209,31
20210,38
20211,25
20212,23
20213,19
20214,22
20215,22
20216,43
20217,30
20218,34
20219,26
20220,36
20221,46
20222,38
20223,50
20224,22
20225,55
20226,56
20227,21
20228,35
20229,34
20230,23
20231,27
20232,43
20233,55
20234,45
20235,45
20236,47
20237,56
20238,30
20239,51
20240,54
20241,40
20242,47
20243,37
20244,44
20245,18
20246,20
20247,48
20248,26
20249,41
20250,45
20251,52
20252,20
20253,47
20254,55
20255,62
20256,61
20257,47
20258,34
20259,48
20260,51
20261,35
20262,38
20263,22
20264,58
20265,42
20266,29
20267,27
20268,51
20269,62
20270,55
20271,27
20272,52
20273,28
20274,31
20275,51
20276,18
20277,30
20278,39
20279,35
20280,22
20281,40
20282,19
20283,18
20284,63
20285,18
20286,28
20287,34
20288,32
20289,38
20290,49
20291,51
20292,64
20293,63
20294,54
20295,50
20296,44
20297,51
20298,64
20299,32
20300,18
20301,30
20302,50
20303,50
20304,42
20305,64
20306,54
20307,49
20308,57
20309,31
20310,38
20311,25
20312,23
20313,19
20314,22
20315,22
20316,43
20317,30
20318,34
20319,26
20320,36
20321,46
20322,38
20323,50
20324,22
20325,55
20326,56
20327,21
20328,35
20329,34
20330,23
20331,27
20332,43
20333,55
20334,45
20335,45
20336,47
20337,56
20338,30
20339,51
20340,54
20341,40
20342,47
20343,37
20344,44
20345,18
20346,20
20347,48
20348,26
20349,41
20350,45
20351,52
20352,20
20353,47
20354,55
20355,62
20356,61
20357,47
20358,34
20359,48
20360,51
20361,35
20362,38
20363,22
20364,58
20365,42
20366,29
20367,27
20368,51
20369,62
20370,55
20371,27
20372,52
20373,28
20374,31
20375,51
20376,18
20377,30
20378,39
20379,35
20380,22
20381,40
20382,19
20383,18
20384,63
20385,18
20386,28
20387,34
20388,32
20389,38
20390,49
20391,51
20392,64
20393,63
20394,54
20395,50
20396,44
20397,51
20398,64
20399,32
20400,18
20401,30
20402,50
20403,50
20404,42
20405,64
20406,54
20407,49
20408,57
20409,31
20410,38
20411,25
20412,23
20413,19
20414,22
20415,22
20416,43
20417,30
20418,34
20419,26
20420,36
20421,46
20422,38
20423,50
20424,22
20425,55
20426,56
20427,21
20428,35
20429,34
20430,23
20431,27
20432,43
20433,55
20434,45
20435,45
20436,47
20437,56
20438,30
20439,51
20440,54
20441,40
20442,47
20443,37
20444,44
20445,18
20446,20
20447,48
20448,26
20449,41
20450,45
20451,52
20452,20
20453,47
20454,55
20455,62
20456,61
20457,47
20458,34
20459,48
20460,51
20461,35
20462,38
20463,22
20464,58
20465,42
20466,29
20467,27
20468,51
20469,62
20470,55
20471,27
20472,52
20473,28
20474,31
20475,51
20476,18
20477,30
20478,39
20479,35
20480,22
20481,40
20482,19
20483,18
20484,63
20485,18
20486,28
20487,34
20488,32
20489,38
20490,49
20491,51
20492,64
20493,63
20494,54
20495,50
20496,44
20497,51
20498,64
20499,32
20500,18
20501,30
20502,50
20503,50
20504,42
20505,64
20506,54
20507,49
20508,57
20509,31
20510,38
20511,25
20512,23
20513,19
20514,22
20515,22
20516,43
20517,30
20518,34
20519,26
20520,36
20521,46
20522,38
20523,50
20524,22
20525,55
20526,56
20527,21
20528,35
20529,34
20530,23
20531,27
20532,43
20533,55
20534,45
20535,45
20536,47
20537,56
20538,30
20539,51
20540,54
20541,40
20542,47
20543,37
20544,44
20545,18
20546,20
20547,48
20548,26
20549,41
20550,45
20551,52
20552,20
20553,47
20554,55
20555,62
20556,61
20557,47
20558,34
20559,48
20560,51
20561,35
20562,38
20563,22
20564,58
20565,42
20566,29
20567,27
20568,51
20569,62
20570,55
20571,27
20572,52
20573,28
20574,31
20575,51
20576,18
20577,30
20578,39
20579,35
20580,22
20581,40
20582,19
20583,18
20584,63
20585,18
20586,28
20587,34
20588,32
20589,38
20590,49
20591,51
20592,64
20593,63
20594,54
20595,50
20596,44
20597,51
20598,64
20599,32
20600,18
20601,30
20602,50
20603,50
20604,42
20605,64
20606,54
20607,49
20608,57
20609,31
20610,38
20611,25
20612,23
20613,19
20614,22
20615,22
20616,43
20617,30
20618,34
20619,26
20620,36
20621,46
20622,38
20623,50
20624,22
20625,55
20626,56
20627,21
20628,35
20629,34
20630,23
20631,27
20632,43
20633,55
20634,45
20635,45
20636,47
20637,56
20638,30
20639,51
20640,54
20641,40
20642,47
20643,37
20644,44
20645,18
20646,20
20647,48
20648,26
20649,41
20650,45
20651,52
20652,20
20653,47
20654,55
20655,62
20656,61
20657,47
20658,34
20659,48
20660,51
20661,35
20662,38
20663,22
20664,58
20665,42
20666,29
20667,27
20668,51
20669,62
20670,55
20671,27
20672,52
20673,28
20674,31
20675,51
20676,18
20677,30
20678,39
20679,35
20680,22
20681,40
20682,19
20683,18
20684,63
20685,18
20686,28
20687,34
20688,32
20689,38
20690,49
20691,51
20692,64
20693,63
20694,54
20695,50
20696,44
20697,51
20698,64
20699,32
20700,18
20701,30
20702,50
20703,50
20704,42
20705,64
20706,54
20707,49
20708,57
20709,31
20710,38
20711,25
20712,23
20713,19
20714,22
20715,22
20716,43
20717,30
20718,34
20719,26
20720,36
20721,46
20722,38
20723,50
20724,22
20725,55
20726,56
20727,21
20728,35
20729,34
20730,23
20731,27
20732,43
20733,55
20734,45
20735,45
20736,47
20737,56
20738,30
20739,51
20740,54
20741,40
20742,47
20743,37
20744,44
20745,18
20746,20
20747,48
20748,26
20749,41
20750,45
20751,52
20752,20
20753,47
20754,55
20755,62
20756,61
20757,47
20758,34
20759,48
20760,51
20761,35
20762,38
20763,22
20764,58
20765,42
20766,29
20767,27
20768,51
20769,62
20770,55
20771,27
20772,52
20773,28
20774,31
20775,51
20776,18
20777,30
20778,39
20779,35
20780,22
20781,40
20782,19
20783,18
20784,63
20785,18
20786,28
20787,34
20788,32
20789,38
20790,49
20791,51
20792,64
20793,63
20794,54
20795,50
20796,44
20797,51
20798,64
20799,32
20800,18
20801,30
20802,50
20803,50
20804,42
20805,64
20806,54
20807,49
20808,57
20809,31
20810,38
20811,25
20812,23
20813,19
20814,22
20815,22
20816,43
20817,30
20818,34
20819,26
20820,36
20821,46
20822,38
20823,50
20824,22
20825,55
20826,56
20827,21
20828,35
20829,34
20830,23
20831,27
20832,43
20833,55
20834,45
20835,45
20836,47
20837,56
20838,30
20839,51
20840,54
20841,40
20842,47
20843,37
20844,44
20845,18
20846,20
20847,48
20848,26
20849,41
20850,45
20851,52
20852,20
20853,47
20854,55
20855,62
20856,61
20857,47
20858,34
20859,48
20860,51
20861,35
20862,38
20863,22
20864,58
20865,42
20866,29
20867,27
20868,51
20869,62
20870,55
20871,27
20872,52
20873,28
20874,31
20875,51
20876,18
20877,30
20878,39
20879,35
20880,22
20881,40
20882,19
20883,18
20884,63
20885,18
20886,28
20887,34
20888,32
20889,38
20890,49
20891,51
20892,64
20893,63
20894,54
20895,50
20896,44
20897,51
20898,64
20899,32
20900,18
20901,30
20902,50
20903,50
20904,42
20905,64
20906,54
20907,49
20908,57
20909,31
20910,38
20911,25
20912,23
20913,19
20914,22
20915,22
20916,43
20917,30
20918,34
20919,26
20920,36
20921,46
20922,38
20923,50
20924,22
20925,55
20926,56
20927,21
20928,35
20929,34
20930,23
20931,27
20932,43
20933,55
20934,45
20935,45
20936,47
20937,56
20938,30
20939,51
20940,54
20941,40
20942,47
20943,37
20944,44
20945,18
20946,20
20947,48
20948,26
20949,41
20950,45
20951,52
20952,20
20953,47
20954,55
20955,62
20956,61
20957,47
20958,34
20959,48
20960,51
20961,35
20962,38
20963,22
20964,58
20965,42
20966,29
20967,27
20968,51
20969,62
20970,55
20971,27
20972,52
20973,28
20974,31
20975,51
20976,18
20977,30
20978,39
20979,35
20980,22
20981,40
20982,19
20983,18
20984,63
20985,18
20986,28
20987,34
20988,32
20989,38
20990,49
20991,51
20992,64
20993,63
20994,54
20995,50
20996,44
20997,51
20998,64
20999,32
21000,18
21001,30
21002,50
21003,50
21004,42
21005,64
21006,54
21007,49
21008,57
21009,31
21010,38
21011,25
21012,23
21013,19
21014,22
21015,22
21016,43
21017,30
21018,34
21019,26
21020,36
21021,46
21022,38
21023,50
21024,22
21025,55
21026,56
21027,21
21028,35
21029,34
21030,23
21031,27
21032,43
21033,55
21034,45
21035,45
21036,47
21037,56
21038,30
21039,51
21040,54
21041,40
21042,47
21043,37
21044,44
21045,18
21046,20
21047,48
21048,26
21049,41
21050,45
21051,52
21052,20
21053,47
21054,55
21055,62
21056,61
21057,47
21058,34
21059,48
21060,51
21061,35
21062,38
21063,22
21064,58
21065,42
21066,29
21067,27
21068,51
21069,62
21070,55
21071,27
21072,52
21073,28
21074,31
21075,51
21076,18
21077,30
21078,39
21079,35
21080,22
21081,40
21082,19
21083,18
21084,63
21085,18
21086,28
21087,34
21088,32
21089,38
21090,49
21091,51
21092,64
21093,63
21094,54
21095,50
21096,44
21097,51
21098,64
21099,32
21100,18
21101,30
21102,50
21103,50
21104,42
21105,64
21106,54
21107,49
21108,57
21109,31
21110,38
21111,25
21112,23
21113,19
21114,22
21115,22
21116,43
21117,30
21118,34
21119,26
21120,36
21121,46
21122,38
21123,50
21124,22
21125,55
21126,56
21127,21
21128,35
21129,34
21130,23
21131,27
21132,43
21133,55
21134,45
21135,45
21136,47
21137,56
21138,30
21139,51
21140,54
21141,40
21142,47
21143,37
21144,44
21145,18
21146,20
21147,48
21148,26
21149,41
21150,45
21151,52
21152,20
21153,47
21154,55
21155,62
21156,61
21157,47
21158,34
21159,48
21160,51
21161,35
21162,38
21163,22
21164,58
21165,42
21166,29
21167,27
21168,51
21169,62
21170,55
21171,27
21172,52
21173,28
21174,31
21175,51
21176,18
21177,30
21178,39
21179,35
21180,22
21181,40
21182,19
21183,18
21184,63
21185,18
21186,28
21187,34
21188,32
21189,38
21190,49
21191,51
21192,64
21193,63
21194,54
21195,50
21196,44
21197,51
21198,64
21199,32
21200,18
21201,30
21202,50
21203,50
21204,42
21205,64
21206,54
21207,49
21208,57
21209,31
21210,38
21211,25
21212,23
21213,19
21214,22
21215,22
21216,43
21217,30
21218,34
21219,26
21220,36
21221,46
21222,38
21223,50
21224,22
21225,55
21226,56
21227,21
21228,35
21229,34
21230,23
21231,27
21232,43
21233,55
21234,45
21235,45
21236,47
21237,56
21238,30
21239,51
21240,54
21241,40
21242,47
21243,37
21244,44
21245,18
21246,20
21247,48
21248,26
21249,41
21250,45
21251,52
21252,20
21253,47
21254,55
21255,62
21256,61
21257,47
21258,34
21259,48
21260,51
21261,35
21262,38
21263,22
21264,58
21265,42
21266,29
21267,27
21268,51
21269,62
21270,55
21271,27
21272,52
21273,28
21274,31
21275,51
21276,18
21277,30
21278,39
21279,35
21280,22
21281,40
21282,19
21283,18
21284,63
21285,18
21286,28
21287,34
21288,32
21289,38
21290,49
21291,51
21292,64
21293,63
21294,54
21295,50
21296,44
21297,51
21298,64
21299,32
21300,18
21301,30
21302,50
21303,50
21304,42
21305,64
21306,54
21307,49
21308,57
21309,31
21310,38
21311,25
21312,23
21313,19
21314,22
21315,22
21316,43
21317,30
21318,34
21319,26
21320,36
21321,46
21322,38
21323,50
21324,22
21325,55
21326,56
21327,21
21328,35
21329,34
21330,23
21331,27
21332,43
21333,55
21334,45
21335,45
21336,47
21337,56
21338,30
21339,51
21340,54
21341,40
21342,47
21343,37
21344,44
21345,18
21346,20
21347,48
21348,26
21349,41
21350,45
21351,52
21352,20
21353,47
21354,55
21355,62
21356,61
21357,47
21358,34
21359,48
21360,51
21361,35
21362,38
21363,22
21364,58
21365,42
21366,29
21367,27
21368,51
21369,62
21370,55
21371,27
21372,52
21373,28
21374,31
21375,51
21376,18
21377,30
21378,39
21379,35
21380,22
21381,40
21382,19
21383,18
21384,63
21385,18
21386,28
21387,34
21388,32
21389,38
21390,49
21391,51
21392,64
21393,63
21394,54
21395,50
21396,44
21397,51
21398,64
21399,32
21400,18
21401,30
21402,50
21403,50
21404,42
21405,64
21406,54
21407,49
21408,57
21409,31
21410,38
21411,25
21412,23
21413,19
21414,22
21415,22
21416,43
21417,30
21418,34
21419,26
21420,36
21421,46
21422,38
21423,50
21424,22
21425,55
21426,56
21427,21
21428,35
21429,34
21430,23
21431,27
21432,43
21433,55
21434,45
21435,45
21436,47
21437,56
21438,30
21439,51
21440,54
21441,40
21442,47
21443,37
21444,44
21445,18
21446,20
21447,48
21448,26
21449,41
21450,45
21451,52
21452,20
21453,47
21454,55
21455,62
21456,61
21457,47
21458,34
21459,48
21460,51
21461,35
21462,38
21463,22
21464,58
21465,42
21466,29
21467,27
21468,51
21469,62
21470,55
21471,27
21472,52
21473,28
21474,31
21475,51
21476,18
21477,30
21478,39
21479,35
21480,22
21481,40
21482,19
21483,18
21484,63
21485,18
21486,28
21487,34
21488,32
21489,38
21490,49
21491,51
21492,64
21493,63
21494,54
21495,50
21496,44
21497,51
21498,64
21499,32
21500,18
21501,30
21502,50
21503,50
21504,42
21505,64
21506,54
21507,49
21508,57
21509,31
21510,38
21511,25
21512,23
21513,19
21514,22
21515,22
21516,43
21517,30
21518,34
21519,26
21520,36
21521,46
21522,38
21523,50
21524,22
21525,55
21526,56
21527,21
21528,35
21529,34
21530,23
21531,27
21532,43
21533,55
21534,45
21535,45
21536,47
21537,56
21538,30
21539,51
21540,54
21541,40
21542,47
21543,37
21544,44
21545,18
21546,20
21547,48
21548,26
21549,41
21550,45
21551,52
21552,20
21553,47
21554,55
21555,62
21556,61
21557,47
21558,34
21559,48
21560,51
21561,35
21562,38
21563,22
21564,58
21565,42
21566,29
21567,27
21568,51
21569,62
21570,55
21571,27
21572,52
21573,28
21574,31
21575,51
21576,18
21577,30
21578,39
21579,35
21580,22
21581,40
21582,19
21583,18
21584,63
21585,18
21586,28
21587,34
21588,32
21589,38
21590,49
21591,51
21592,64
21593,63
21594,54
21595,50
21596,44
21597,51
21598,64
21599,32
21600,18
21601,30
21602,50
21603,50
21604,42
21605,64
21606,54
21607,49
21608,57
21609,31
21610,38
21611,25
21612,23
21613,19
21614,22
21615,22
21616,43
21617,30
21618,34
21619,26
21620,36
21621,46
21622,38
21623,50
21624,22
21625,55
21626,56
21627,21
21628,35
21629,34
21630,23
21631,27
21632,43
21633,55
21634,45
21635,45
21636,47
21637,56
21638,30
21639,51
21640,54
21641,40
21642,47
21643,37
21644,44
21645,18
21646,20
21647,48
21648,26
21649,41
21650,45
21651,52
21652,20
21653,47
21654,55
21655,62
21656,61
21657,47
21658,34
21659,48
21660,51
21661,35
21662,38
21663,22
21664,58
21665,42
21666,29
21667,27
21668,51
21669,62
21670,55
21671,27
21672,52
21673,28
21674,31
21675,51
21676,18
21677,30
21678,39
21679,35
21680,22
21681,40
21682,19
21683,18
21684,63
21685,18
21686,28
21687,34
21688,32
21689,38
21690,49
21691,51
21692,64
21693,63
21694,54
21695,50
21696,44
21697,51
21698,64
21699,32
21700,18
21701,30
21702,50
21703,50
21704,42
21705,64
21706,54
21707,49
21708,57
21709,31
21710,38
21711,25
21712,23
21713,19
21714,22
21715,22
21716,43
21717,30
21718,34
21719,26
21720,36
21721,46
21722,38
21723,50
21724,22
21725,55
21726,56
21727,21
21728,35
21729,34
21730,23
21731,27
21732,43
21733,55
21734,45
21735,45
21736,47
21737,56
21738,30
21739,51
21740,54
21741,40
21742,47
21743,37
21744,44
21745,18
21746,20
21747,48
21748,26
21749,41
21750,45
21751,52
21752,20
21753,47
21754,55
21755,62
21756,61
21757,47
21758,34
21759,48
21760,51
21761,35
21762,38
21763,22
21764,58
21765,42
21766,29
21767,27
21768,51
21769,62
21770,55
21771,27
21772,52
21773,28
21774,31
21775,51
21776,18
21777,30
21778,39
21779,35
21780,22
21781,40
21782,19
21783,18
21784,63
21785,18
21786,28
21787,34
21788,32
21789,38
21790,49
21791,51
21792,64
21793,63
21794,54
21795,50
21796,44
21797,51
21798,64
21799,32
21800,18
21801,30
21802,50
21803,50
21804,42
21805,64
21806,54
21807,49
21808,57
21809,31
21810,38
21811,25
21812,23
21813,19
21814,22
21815,22
21816,43
21817,30
21818,34
21819,26
21820,36
21821,46
21822,38
21823,50
21824,22
21825,55
21826,56
21827,21
21828,35
21829,34
21830,23
21831,27
21832,43
21833,55
21834,45
21835,45
21836,47
21837,56
21838,30
21839,51
21840,54
21841,40
21842,47
21843,37
21844,44
21845,18
21846,20
21847,48
21848,26
21849,41
21850,45
21851,52
21852,20
21853,47
21854,55
21855,62
21856,61
21857,47
21858,34
21859,48
21860,51
21861,35
21862,38
21863,22
21864,58
21865,42
21866,29
21867,27
21868,51
21869,62
21870,55
21871,27
21872,52
21873,28
21874,31
21875,51
21876,18
21877,30
21878,39
21879,35
21880,22
21881,40
21882,19
21883,18
21884,63
21885,18
21886,28
21887,34
21888,32
21889,38
21890,49
21891,51
21892,64
21893,63
21894,54
21895,50
21896,44
21897,51
21898,64
21899,32
21900,18
21901,30
21902,50
21903,50
21904,42
21905,64
21906,54
21907,49
21908,57
21909,31
21910,38
21911,25
21912,23
21913,19
21914,22
21915,22
21916,43
21917,30
21918,34
21919,26
21920,36
21921,46
21922,38
21923,50
21924,22
21925,55
21926,56
21927,21
21928,35
21929,34
21930,23
21931,27
21932,43
21933,55
21934,45
21935,45
21936,47
21937,56
21938,30
21939,51
21940,54
21941,40
21942,47
21943,37
21944,44
21945,18
21946,20
21947,48
21948,26
21949,41
21950,45
21951,52
21952,20
21953,47
21954,55
21955,62
21956,61
21957,47
21958,34
21959,48
21960,51
21961,35
21962,38
21963,22
21964,58
21965,42
21966,29
21967,27
21968,51
21969,62
21970,55
21971,27
21972,52
21973,28
21974,31
21975,51
21976,18
21977,30
21978,39
21979,35
21980,22
21981,40
21982,19
21983,18
21984,63
21985,18
21986,28
21987,34
21988,32
21989,38
21990,49
21991,51
21992,64
21993,63
21994,54
21995,50
21996,44
21997,51
21998,64
21999,32
22000,18
22001,30
22002,50
22003,50
22004,42
22005,64
22006,54
22007,49
22008,57
22009,31
22010,38
22011,25
22012,23
22013,19
22014,22
22015,22
22016,43
22017,30
22018,34
22019,26
22020,36
22021,46
22022,38
22023,50
22024,22
22025,55
22026,56
22027,21
22028,35
22029,34
22030,23
22031,27
22032,43
22033,55
22034,45
22035,45
22036,47
22037,56
22038,30
22039,51
22040,54
22041,40
22042,47
22043,37
22044,44
22045,18
22046,20
22047,48
22048,26
22049,41
22050,45
22051,52
22052,20
22053,47
22054,55
22055,62
22056,61
22057,47
22058,34
22059,48
22060,51
22061,35
22062,38
22063,22
22064,58
22065,42
22066,29
22067,27
22068,51
22069,62
22070,55
22071,27
22072,52
22073,28
22074,31
22075,51
22076,18
22077,30
22078,39
22079,35
22080,22
22081,40
22082,19
22083,18
22084,63
22085,18
22086,28
22087,34
22088,32
22089,38
22090,49
22091,51
22092,64
22093,63
22094,54
22095,50
22096,44
22097,51
22098,64
22099,32
22100,18
22101,30
22102,50
22103,50
22104,42
22105,64
22106,54
22107,49
22108,57
22109,31
22110,38
22111,25
22112,23
22113,19
22114,22
22115,22
22116,43
22117,30
22118,34
22119,26
22120,36
22121,46
22122,38
22123,50
22124,22
22125,55
22126,56
22127,21
22128,35
22129,34
22130,23
22131,27
22132,43
22133,55
22134,45
22135,45
22136,47
22137,56
22138,30
22139,51
22140,54
22141,40
22142,47
22143,37
22144,44
22145,18
22146,20
22147,48
22148,26
22149,41
22150,45
22151,52
22152,20
22153,47
22154,55
22155,62
22156,61
22157,47
22158,34
22159,48
22160,51
22161,35
22162,38
22163,22
22164,58
22165,42
22166,29
22167,27
22168,51
22169,62
22170,55
22171,27
22172,52
22173,28
22174,31
22175,51
22176,18
22177,30
22178,39
22179,35
22180,22
22181,40
22182,19
22183,18
22184,63
22185,18
22186,28
22187,34
22188,32
22189,38
22190,49
22191,51
22192,64
22193,63
22194,54
22195,50
22196,44
22197,51
22198,64
22199,32
22200,18
22201,30
22202,50
22203,50
22204,42
22205,64
22206,54
22207,49
22208,57
22209,31
22210,38
22211,25
22212,23
22213,19
22214,22
22215,22
22216,43
22217,30
22218,34
22219,26
22220,36
22221,46
22222,38
22223,50
22224,22
22225,55
22226,56
22227,21
22228,35
22229,34
22230,23
22231,27
22232,43
22233,55
22234,45
22235,45
22236,47
22237,56
22238,30
22239,51
22240,54
22241,40
22242,47
22243,37
22244,44
22245,18
22246,20
22247,48
22248,26
22249,41
22250,45
22251,52
22252,20
22253,47
22254,55
22255,62
22256,61
22257,47
22258,34
22259,48
22260,51
22261,35
22262,38
22263,22
22264,58
22265,42
22266,29
22267,27
22268,51
22269,62
22270,55
22271,27
22272,52
22273,28
22274,31
22275,51
22276,18
22277,30
22278,39
22279,35
22280,22
22281,40
22282,19
22283,18
22284,63
22285,18
22286,28
22287,34
22288,32
22289,38
22290,49
22291,51
22292,64
22293,63
22294,54
22295,50
22296,44
22297,51
22298,64
22299,32
22300,18
22301,30
22302,50
22303,50
22304,42
22305,64
22306,54
22307,49
22308,57
22309,31
22310,38
22311,25
22312,23
22313,19
22314,22
22315,22
22316,43
22317,30
22318,34
22319,26
22320,36
22321,46
22322,38
22323,50
22324,22
22325,55
22326,56
22327,21
22328,35
22329,34
22330,23
22331,27
22332,43
22333,55
22334,45
22335,45
22336,47
22337,56
22338,30
22339,51
22340,54
22341,40
22342,47
22343,37
22344,44
22345,18
22346,20
22347,48
22348,26
22349,41
22350,45
22351,52
22352,20
22353,47
22354,55
22355,62
22356,61
22357,47
22358,34
22359,48
22360,51
22361,35
22362,38
22363,22
22364,58
22365,42
22366,29
22367,27
22368,51
22369,62
22370,55
22371,27
22372,52
22373,28
22374,31
22375,51
22376,18
22377,30
22378,39
22379,35
22380,22
22381,40
22382,19
22383,18
22384,63
22385,18
22386,28
22387,34
22388,32
22389,38
22390,49
22391,51
22392,64
22393,63
22394,54
22395,50
22396,44
22397,51
22398,64
22399,32
22400,18
22401,30
22402,50
22403,50
22404,42
22405,64
22406,54
22407,49
22408,57
22409,31
22410,38
22411,25
22412,23
22413,19
22414,22
22415,22
22416,43
22417,30
22418,34
22419,26
22420,36
22421,46
22422,38
22423,50
22424,22
22425,55
22426,56
22427,21
22428,35
22429,34
22430,23
22431,27
22432,43
22433,55
22434,45
22435,45
22436,47
22437,56
22438,30
22439,51
22440,54
22441,40
22442,47
22443,37
22444,44
22445,18
22446,20
22447,48
22448,26
22449,41
22450,45
22451,52
22452,20
22453,47
22454,55
22455,62
22456,61
22457,47
22458,34
22459,48
22460,51
22461,35
22462,38
22463,22
22464,58
22465,42
22466,29
22467,27
22468,51
22469,62
22470,55
22471,27
22472,52
22473,28
22474,31
22475,51
22476,18
22477,30
22478,39
22479,35
22480,22
22481,40
22482,19
22483,18
22484,63
22485,18
22486,28
22487,34
22488,32
22489,38
22490,49
22491,51
22492,64
22493,63
22494,54
22495,50
22496,44
22497,51
22498,64
22499,32
22500,18
22501,30
22502,50
22503,50
22504,42
22505,64
22506,54
22507,49
22508,57
22509,31
22510,38
22511,25
22512,23
22513,19
22514,22
22515,22
22516,43
22517,30
22518,34
22519,26
22520,36
22521,46
22522,38
22523,50
22524,22
22525,55
22526,56
22527,21
22528,35
22529,34
22530,23
22531,27
22532,43
22533,55
22534,45
22535,45
22536,47
22537,56
22538,30
22539,51
22540,54
22541,40
22542,47
22543,37
22544,44
22545,18
22546,20
22547,48
22548,26
22549,41
22550,45
22551,52
22552,20
22553,47
22554,55
22555,62
22556,61
22557,47
22558,34
22559,48
22560,51
22561,35
22562,38
22563,22
22564,58
22565,42
22566,29
22567,27
22568,51
22569,62
22570,55
22571,27
22572,52
22573,28
22574,31
22575,51
22576,18
22577,30
22578,39
22579,35
22580,22
22581,40
22582,19
22583,18
22584,63
22585,18
22586,28
22587,34
22588,32
22589,38
22590,49
22591,51
22592,64
22593,63
22594,54
22595,50
22596,44
22597,51
22598,64
22599,32
22600,18
22601,30
22602,50
22603,50
22604,42
22605,64
22606,54
22607,49
22608,57
22609,31
22610,38
22611,25
22612,23
22613,19
22614,22
22615,22
22616,43
22617,30
22618,34
22619,26
22620,36
22621,46
22622,38
22623,50
22624,22
22625,55
22626,56
22627,21
22628,35
22629,34
22630,23
22631,27
22632,43
22633,55
22634,45
22635,45
22636,47
22637,56
22638,30
22639,51
22640,54
22641,40
22642,47
22643,37
22644,44
22645,18
22646,20
22647,48
22648,26
22649,41
22650,45
22651,52
22652,20
22653,47
22654,55
22655,62
22656,61
22657,47
22658,34
22659,48
22660,51
22661,35
22662,38
22663,22
22664,58
22665,42
22666,29
22667,27
22668,51
22669,62
22670,55
22671,27
22672,52
22673,28
22674,31
22675,51
22676,18
22677,30
22678,39
22679,35
22680,22
22681,40
22682,19
22683,18
22684,63
22685,18
22686,28
22687,34
22688,32
22689,38
22690,49
22691,51
22692,64
22693,63
22694,54
22695,50
22696,44
22697,51
22698,64
22699,32
22700,18
22701,30
22702,50
22703,50
22704,42
22705,64
22706,54
22707,49
22708,57
22709,31
22710,38
22711,25
22712,23
22713,19
22714,22
22715,22
22716,43
22717,30
22718,34
22719,26
22720,36
22721,46
22722,38
22723,50
22724,22
22725,55
22726,56
22727,21
22728,35
22729,34
22730,23
22731,27
22732,43
22733,55
22734,45
22735,45
22736,47
22737,56
22738,30
22739,51
22740,54
22741,40
22742,47
22743,37
22744,44
22745,18
22746,20
22747,48
22748,26
22749,41
22750,45
22751,52
22752,20
22753,47
22754,55
22755,62
22756,61
22757,47
22758,34
22759,48
22760,51
22761,35
22762,38
22763,22
22764,58
22765,42
22766,29
22767,27
22768,51
22769,62
22770,55
22771,27
22772,52
22773,28
22774,31
22775,51
22776,18
22777,30
22778,39
22779,35
22780,22
22781,40
22782,19
22783,18
22784,63
22785,18
22786,28
22787,34
22788,32
22789,38
22790,49
22791,51
22792,64
22793,63
22794,54
22795,50
22796,44
22797,51
22798,64
22799,32
22800,18
22801,30
22802,50
22803,50
22804,42
22805,64
22806,54
22807,49
22808,57
22809,31
22810,38
22811,25
22812,23
22813,19
22814,22
22815,22
22816,43
22817,30
22818,34
22819,26
22820,36
22821,46
22822,38
22823,50
22824,22
22825,55
22826,56
22827,21
22828,35
22829,34
22830,23
22831,27
22832,43
22833,55
22834,45
22835,45
22836,47
22837,56
22838,30
22839,51
22840,54
22841,40
22842,47
22843,37
22844,44
22845,18
22846,20
22847,48
22848,26
22849,41
22850,45
22851,52
22852,20
22853,47
22854,55
22855,62
22856,61
22857,47
22858,34
22859,48
22860,51
22861,35
22862,38
22863,22
22864,58
22865,42
22866,29
22867,27
22868,51
22869,62
22870,55
22871,27
22872,52
22873,28
22874,31
22875,51
22876,18
22877,30
22878,39
22879,35
22880,22
22881,40
22882,19
22883,18
22884,63
22885,18
22886,28
22887,34
22888,32
22889,38
22890,49
22891,51
22892,64
22893,63
22894,54
22895,50
22896,44
22897,51
22898,64
22899,32
22900,18
22901,30
22902,50
22903,50
22904,42
22905,64
22906,54
22907,49
22908,57
22909,31
22910,38
22911,25
22912,23
22913,19
22914,22
22915,22
22916,43
22917,30
22918,34
22919,26
22920,36
22921,46
22922,38
22923,50
22924,22
22925,55
22926,56
22927,21
22928,35
22929,34
22930,23
22931,27
22932,43
22933,55
22934,45
22935,45
22936,47
22937,56
22938,30
22939,51
22940,54
22941,40
22942,47
22943,37
22944,44
22945,18
22946,20
22947,48
22948,26
22949,41
22950,45
22951,52
22952,20
22953,47
22954,55
22955,62
22956,61
22957,47
22958,34
22959,48
22960,51
22961,35
22962,38
22963,22
22964,58
22965,42
22966,29
22967,27
22968,51
22969,62
22970,55
22971,27
22972,52
22973,28
22974,31
22975,51
22976,18
22977,30
22978,39
22979,35
22980,22
22981,40
22982,19
22983,18
22984,63
22985,18
22986,28
22987,34
22988,32
22989,38
22990,49
22991,51
22992,64
22993,63
22994,54
22995,50
22996,44
22997,51
22998,64
22999,32
23000,18
23001,30
23002,50
23003,50
23004,42
23005,64
23006,54
23007,49
23008,57
23009,31
23010,38
23011,25
23012,23
23013,19
23014,22
23015,22
23016,43
23017,30
23018,34
23019,26
23020,36
23021,46
23022,38
23023,50
23024,22
23025,55
23026,56
23027,21
23028,35
23029,34
23030,23
23031,27
23032,43
23033,55
23034,45
23035,45
23036,47
23037,56
23038,30
23039,51
23040,54
23041,40
23042,47
23043,37
23044,44
23045,18
23046,20
23047,48
23048,26
23049,41
23050,45
23051,52
23052,20
23053,47
23054,55
23055,62
23056,61
23057,47
23058,34
23059,48
23060,51
23061,35
23062,38
23063,22
23064,58
23065,42
23066,29
23067,27
23068,51
23069,62
23070,55
23071,27
23072,52
23073,28
23074,31
23075,51
23076,18
23077,30
23078,39
23079,35
23080,22
23081,40
23082,19
23083,18
23084,63
23085,18
23086,28
23087,34
23088,32
23089,38
23090,49
23091,51
23092,64
23093,63
23094,54
23095,50
23096,44
23097,51
23098,64
23099,32
23100,18
23101,30
23102,50
23103,50
23104,42
23105,64
23106,54
23107,49
23108,57
23109,31
23110,38
23111,25
23112,23
23113,19
23114,22
23115,22
23116,43
23117,30
23118,34
23119,26
23120,36
23121,46
23122,38
23123,50
23124,22
23125,55
23126,56
23127,21
23128,35
23129,34
23130,23
23131,27
23132,43
23133,55
23134,45
23135,45
23136,47
23137,56
23138,30
23139,51
23140,54
23141,40
23142,47
23143,37
23144,44
23145,18
23146,20
23147,48
23148,26
23149,41
23150,45
23151,52
23152,20
23153,47
23154,55
23155,62
23156,61
23157,47
23158,34
23159,48
23160,51
23161,35
23162,38
23163,22
23164,58
23165,42
23166,29
23167,27
23168,51
23169,62
23170,55
23171,27
23172,52
23173,28
23174,31
23175,51
23176,18
23177,30
23178,39
23179,35
23180,22
23181,40
23182,19
23183,18
23184,63
23185,18
23186,28
23187,34
23188,32
23189,38
23190,49
23191,51
23192,64
23193,63
23194,54
23195,50
23196,44
23197,51
23198,64
23199,32
23200,18
23201,30
23202,50
23203,50
23204,42
23205,64
23206,54
23207,49
23208,57
23209,31
23210,38
23211,25
23212,23
23213,19
23214,22
23215,22
23216,43
23217,30
23218,34
23219,26
23220,36
23221,46
23222,38
23223,50
23224,22
23225,55
23226,56
23227,21
23228,35
23229,34
23230,23
23231,27
23232,43
23233,55
23234,45
23235,45
23236,47
23237,56
23238,30
23239,51
23240,54
23241,40
23242,47
23243,37
23244,44
23245,18
23246,20
23247,48
23248,26
23249,41
23250,45
23251,52
23252,20
23253,47
23254,55
23255,62
23256,61
23257,47
23258,34
23259,48
23260,51
23261,35
23262,38
23263,22
23264,58
23265,42
23266,29
23267,27
23268,51
23269,62
23270,55
23271,27
23272,52
23273,28
23274,31
23275,51
23276,18
23277,30
23278,39
23279,35
23280,22
23281,40
23282,19
23283,18
23284,63
23285,18
23286,28
23287,34
23288,32
23289,38
23290,49
23291,51
23292,64
23293,63
23294,54
23295,50
23296,44
23297,51
23298,64
23299,32
23300,18
23301,30
23302,50
23303,50
23304,42
23305,64
23306,54
23307,49
23308,57
23309,31
23310,38
23311,25
23312,23
23313,19
23314,22
23315,22
23316,43
23317,30
23318,34
23319,26
23320,36
23321,46
23322,38
23323,50
23324,22
23325,55
23326,56
23327,21
23328,35
23329,34
23330,23
23331,27
23332,43
23333,55
23334,45
23335,45
23336,47
23337,56
23338,30
23339,51
23340,54
23341,40
23342,47
23343,37
23344,44
23345,18
23346,20
23347,48
23348,26
23349,41
23350,45
23351,52
23352,20
23353,47
23354,55
23355,62
23356,61
23357,47
23358,34
23359,48
23360,51
23361,35
23362,38
23363,22
23364,58
23365,42
23366,29
23367,27
23368,51
23369,62
23370,55
23371,27
23372,52
23373,28
23374,31
23375,51
23376,18
23377,30
23378,39
23379,35
23380,22
23381,40
23382,19
23383,18
23384,63
23385,18
23386,28
23387,34
23388,32
23389,38
23390,49
23391,51
23392,64
23393,63
23394,54
23395,50
23396,44
23397,51
23398,64
23399,32
23400,18
23401,30
23402,50
23403,50
23404,42
23405,64
23406,54
23407,49
23408,57
23409,31
23410,38
23411,25
23412,23
23413,19
23414,22
23415,22
23416,43
23417,30
23418,34
23419,26
23420,36
23421,46
23422,38
23423,50
23424,22
23425,55
23426,56
23427,21
23428,35
23429,34
23430,23
23431,27
23432,43
23433,55
23434,45
23435,45
23436,47
23437,56
23438,30
23439,51
23440,54
23441,40
23442,47
23443,37
23444,44
23445,18
23446,20
23447,48
23448,26
23449,41
23450,45
23451,52
23452,20
23453,47
23454,55
23455,62
23456,61
23457,47
23458,34
23459,48
23460,51
23461,35
23462,38
23463,22
23464,58
23465,42
23466,29
23467,27
23468,51
23469,62
23470,55
23471,27
23472,52
23473,28
23474,31
23475,51
23476,18
23477,30
23478,39
23479,35
23480,22
23481,40
23482,19
23483,18
23484,63
23485,18
23486,28
23487,34
23488,32
23489,38
23490,49
23491,51
23492,64
23493,63
23494,54
23495,50
23496,44
23497,51
23498,64
23499,32
23500,18
23501,30
23502,50
23503,50
23504,42
23505,64
23506,54
23507,49
23508,57
23509,31
23510,38
23511,25
23512,23
23513,19
23514,22
23515,22
23516,43
23517,30
23518,34
23519,26
23520,36
23521,46
23522,38
23523,50
23524,22
23525,55
23526,56
23527,21
23528,35
23529,34
23530,23
23531,27
23532,43
23533,55
23534,45
23535,45
23536,47
23537,56
23538,30
23539,51
23540,54
23541,40
23542,47
23543,37
23544,44
23545,18
23546,20
23547,48
23548,26
23549,41
23550,45
23551,52
23552,20
23553,47
23554,55
23555,62
23556,61
23557,47
23558,34
23559,48
23560,51
23561,35
23562,38
23563,22
23564,58
23565,42
23566,29
23567,27
23568,51
23569,62
23570,55
23571,27
23572,52
23573,28
23574,31
23575,51
23576,18
23577,30
23578,39
23579,35
23580,22
23581,40
23582,19
23583,18
23584,63
23585,18
23586,28
23587,34
23588,32
23589,38
23590,49
23591,51
23592,64
23593,63
23594,54
23595,50
23596,44
23597,51
23598,64
23599,32
23600,18
23601,30
23602,50
23603,50
23604,42
23605,64
23606,54
23607,49
23608,57
23609,31
23610,38
23611,25
23612,23
23613,19
23614,22
23615,22
23616,43
23617,30
23618,34
23619,26
23620,36
23621,46
23622,38
23623,50
23624,22
23625,55
23626,56
23627,21
23628,35
23629,34
23630,23
23631,27
23632,43
23633,55
23634,45
23635,45
23636,47
23637,56
23638,30
23639,51
23640,54
23641,40
23642,47
23643,37
23644,44
23645,18
23646,20
23647,48
23648,26
23649,41
23650,45
23651,52
23652,20
23653,47
23654,55
23655,62
23656,61
23657,47
23658,34
23659,48
23660,51
23661,35
23662,38
23663,22
23664,58
23665,42
23666,29
23667,27
23668,51
23669,62
23670,55
23671,27
23672,52
23673,28
23674,31
23675,51
23676,18
23677,30
23678,39
23679,35
23680,22
23681,40
23682,19
23683,18
23684,63
23685,18
23686,28
23687,34
23688,32
23689,38
23690,49
23691,51
23692,64
23693,63
23694,54
23695,50
23696,44
23697,51
23698,64
23699,32
23700,18
23701,30
23702,50
23703,50
23704,42
23705,64
23706,54
23707,49
23708,57
23709,31
23710,38
23711,25
23712,23
23713,19
23714,22
23715,22
23716,43
23717,30
23718,34
23719,26
23720,36
23721,46
23722,38
23723,50
23724,22
23725,55
23726,56
23727,21
23728,35
23729,34
23730,23
23731,27
23732,43
23733,55
23734,45
23735,45
23736,47
23737,56
23738,30
23739,51
23740,54
23741,40
23742,47
23743,37
23744,44
23745,18
23746,20
23747,48
23748,26
23749,41
23750,45
23751,52
23752,20
23753,47
23754,55
23755,62
23756,61
23757,47
23758,34
23759,48
23760,51
23761,35
23762,38
23763,22
23764,58
23765,42
23766,29
23767,27
23768,51
23769,62
23770,55
23771,27
23772,52
23773,28
23774,31
23775,51
23776,18
23777,30
23778,39
23779,35
23780,22
23781,40
23782,19
23783,18
23784,63
23785,18
23786,28
23787,34
23788,32
23789,38
23790,49
23791,51
23792,64
23793,63
23794,54
23795,50
23796,44
23797,51
23798,64
23799,32
23800,18
23801,30
23802,50
23803,50
23804,42
23805,64
23806,54
23807,49
23808,57
23809,31
23810,38
23811,25
23812,23
23813,19
23814,22
23815,22
23816,43
23817,30
23818,34
23819,26
23820,36
23821,46
23822,38
23823,50
23824,22
23825,55
23826,56
23827,21
23828,35
23829,34
23830,23
23831,27
23832,43
23833,55
23834,45
23835,45
23836,47
23837,56
23838,30
23839,51
23840,54
23841,40
23842,47
23843,37
23844,44
23845,18
23846,20
23847,48
23848,26
23849,41
23850,45
23851,52
23852,20
23853,47
23854,55
23855,62
23856,61
23857,47
23858,34
23859,48
23860,51
23861,35
23862,38
23863,22
23864,58
23865,42
23866,29
23867,27
23868,51
23869,62
23870,55
23871,27
23872,52
23873,28
23874,31
23875,51
23876,18
23877,30
23878,39
23879,35
23880,22
23881,40
23882,19
23883,18
23884,63
23885,18
23886,28
23887,34
23888,32
23889,38
23890,49
23891,51
23892,64
23893,63
23894,54
23895,50
23896,44
23897,51
23898,64
23899,32
23900,18
23901,30
23902,50
23903,50
23904,42
23905,64
23906,54
23907,49
23908,57
23909,31
23910,38
23911,25
23912,23
23913,19
23914,22
23915,22
23916,43
23917,30
23918,34
23919,26
23920,36
23921,46
23922,38
23923,50
23924,22
23925,55
23926,56
23927,21
23928,35
23929,34
23930,23
23931,27
23932,43
23933,55
23934,45
23935,45
23936,47
23937,56
23938,30
23939,51
23940,54
23941,40
23942,47
23943,37
23944,44
23945,18
23946,20
23947,48
23948,26
23949,41
23950,45
23951,52
23952,20
23953,47
23954,55
23955,62
23956,61
23957,47
23958,34
23959,48
23960,51
23961,35
23962,38
23963,22
23964,58
23965,42
23966,29
23967,27
23968,51
23969,62
23970,55
23971,27
23972,52
23973,28
23974,31
23975,51
23976,18
23977,30
23978,39
23979,35
23980,22
23981,40
23982,19
23983,18
23984,63
23985,18
23986,28
23987,34
23988,32
23989,38
23990,49
23991,51
23992,64
23993,63
23994,54
23995,50
23996,44
23997,51
23998,64
23999,32
24000,18
24001,30
24002,50
24003,50
24004,42
24005,64
24006,54
24007,49
24008,57
24009,31
24010,38
24011,25
24012,23
24013,19
24014,22
24015,22
24016,43
24017,30
24018,34
24019,26
24020,36
24021,46
24022,38
24023,50
24024,22
24025,55
24026,56
24027,21
24028,35
24029,34
24030,23
24031,27
24032,43
24033,55
24034,45
24035,45
24036,47
24037,56
24038,30
24039,51
24040,54
24041,40
24042,47
24043,37
24044,44
24045,18
24046,20
24047,48
24048,26
24049,41
24050,45
24051,52
24052,20
24053,47
24054,55
24055,62
24056,61
24057,47
24058,34
24059,48
24060,51
24061,35
24062,38
24063,22
24064,58
24065,42
24066,29
24067,27
24068,51
24069,62
24070,55
24071,27
24072,52
24073,28
24074,31
24075,51
24076,18
24077,30
24078,39
24079,35
24080,22
24081,40
24082,19
24083,18
24084,63
24085,18
24086,28
24087,34
24088,32
24089,38
24090,49
24091,51
24092,64
24093,63
24094,54
24095,50
24096,44
24097,51
24098,64
24099,32
24100,18
24101,30
24102,50
24103,50
24104,42
24105,64
24106,54
24107,49
24108,57
24109,31
24110,38
24111,25
24112,23
24113,19
24114,22
24115,22
24116,43
24117,30
24118,34
24119,26
24120,36
24121,46
24122,38
24123,50
24124,22
24125,55
24126,56
24127,21
24128,35
24129,34
24130,23
24131,27
24132,43
24133,55
24134,45
24135,45
24136,47
24137,56
24138,30
24139,51
24140,54
24141,40
24142,47
24143,37
24144,44
24145,18
24146,20
24147,48
24148,26
24149,41
24150,45
24151,52
24152,20
24153,47
24154,55
24155,62
24156,61
24157,47
24158,34
24159,48
24160,51
24161,35
24162,38
24163,22
24164,58
24165,42
24166,29
24167,27
24168,51
24169,62
24170,55
24171,27
24172,52
24173,28
24174,31
24175,51
24176,18
24177,30
24178,39
24179,35
24180,22
24181,40
24182,19
24183,18
24184,63
24185,18
24186,28
24187,34
24188,32
24189,38
24190,49
24191,51
24192,64
24193,63
24194,54
24195,50
24196,44
24197,51
24198,64
24199,32
24200,18
24201,30
24202,50
24203,50
24204,42
24205,64
24206,54
24207,49
24208,57
24209,31
24210,38
24211,25
24212,23
24213,19
24214,22
24215,22
24216,43
24217,30
24218,34
24219,26
24220,36
24221,46
24222,38
24223,50
24224,22
24225,55
24226,56
24227,21
24228,35
24229,34
24230,23
24231,27
24232,43
24233,55
24234,45
24235,45
24236,47
24237,56
24238,30
24239,51
24240,54
24241,40
24242,47
24243,37
24244,44
24245,18
24246,20
24247,48
24248,26
24249,41
24250,45
24251,52
24252,20
24253,47
24254,55
24255,62
24256,61
24257,47
24258,34
24259,48
24260,51
24261,35
24262,38
24263,22
24264,58
24265,42
24266,29
24267,27
24268,51
24269,62
24270,55
24271,27
24272,52
24273,28
24274,31
24275,51
24276,18
24277,30
24278,39
24279,35
24280,22
24281,40
24282,19
24283,18
24284,63
24285,18
24286,28
24287,34
24288,32
24289,38
24290,49
24291,51
24292,64
24293,63
24294,54
24295,50
24296,44
24297,51
24298,64
24299,32
24300,18
24301,30
24302,50
24303,50
24304,42
24305,64
24306,54
24307,49
24308,57
24309,31
24310,38
24311,25
24312,23
24313,19
24314,22
24315,22
24316,43
24317,30
24318,34
24319,26
24320,36
24321,46
24322,38
24323,50
24324,22
24325,55
24326,56
24327,21
24328,35
24329,34
24330,23
24331,27
24332,43
24333,55
24334,45
24335,45
24336,47
24337,56
24338,30
24339,51
24340,54
24341,40
24342,47
24343,37
24344,44
24345,18
24346,20
24347,48
24348,26
24349,41
24350,45
24351,52
24352,20
24353,47
24354,55
24355,62
24356,61
24357,47
24358,34
24359,48
24360,51
24361,35
24362,38
24363,22
24364,58
24365,42
24366,29
24367,27
24368,51
24369,62
24370,55
24371,27
24372,52
24373,28
24374,31
24375,51
24376,18
24377,30
24378,39
24379,35
24380,22
24381,40
24382,19
24383,18
24384,63
24385,18
24386,28
24387,34
24388,32
24389,38
24390,49
24391,51
24392,64
24393,63
24394,54
24395,50
24396,44
24397,51
24398,64
24399,32
24400,18
24401,30
24402,50
24403,50
24404,42
24405,64
24406,54
24407,49
24408,57
24409,31
24410,38
24411,25
24412,23
24413,19
24414,22
24415,22
24416,43
24417,30
24418,34
24419,26
24420,36
24421,46
24422,38
24423,50
24424,22
24425,55
24426,56
24427,21
24428,35
24429,34
24430,23
24431,27
24432,43
24433,55
24434,45
24435,45
24436,47
24437,56
24438,30
24439,51
24440,54
24441,40
24442,47
24443,37
24444,44
24445,18
24446,20
24447,48
24448,26
24449,41
24450,45
24451,52
24452,20
24453,47
24454,55
24455,62
24456,61
24457,47
24458,34
24459,48
24460,51
24461,35
24462,38
24463,22
24464,58
24465,42
24466,29
24467,27
24468,51
24469,62
24470,55
24471,27
24472,52
24473,28
24474,31
24475,51
24476,18
24477,30
24478,39
24479,35
24480,22
24481,40
24482,19
24483,18
24484,63
24485,18
24486,28
24487,34
24488,32
24489,38
24490,49
24491,51
24492,64
24493,63
24494,54
24495,50
24496,44
24497,51
24498,64
24499,32
24500,18
24501,30
24502,50
24503,50
24504,42
24505,64
24506,54
24507,49
24508,57
24509,31
24510,38
24511,25
24512,23
24513,19
24514,22
24515,22
24516,43
24517,30
24518,34
24519,26
24520,36
24521,46
24522,38
24523,50
24524,22
24525,55
24526,56
24527,21
24528,35
24529,34
24530,23
24531,27
24532,43
24533,55
24534,45
24535,45
24536,47
24537,56
24538,30
24539,51
24540,54
24541,40
24542,47
24543,37
24544,44
24545,18
24546,20
24547,48
24548,26
24549,41
24550,45
24551,52
24552,20
24553,47
24554,55
24555,62
24556,61
24557,47
24558,34
24559,48
24560,51
24561,35
24562,38
24563,22
24564,58
24565,42
24566,29
24567,27
24568,51
24569,62
24570,55
24571,27
24572,52
24573,28
24574,31
24575,51
24576,18
24577,30
24578,39
24579,35
24580,22
24581,40
24582,19
24583,18
24584,63
24585,18
24586,28
24587,34
24588,32
24589,38
24590,49
24591,51
24592,64
24593,63
24594,54
24595,50
24596,44
24597,51
24598,64
24599,32
24600,18
24601,30
24602,50
24603,50
24604,42
24605,64
24606,54
24607,49
24608,57
24609,31
24610,38
24611,25
24612,23
24613,19
24614,22
24615,22
24616,43
24617,30
24618,34
24619,26
24620,36
24621,46
24622,38
24623,50
24624,22
24625,55
24626,56
24627,21
24628,35
24629,34
24630,23
24631,27
24632,43
24633,55
24634,45
24635,45
24636,47
24637,56
24638,30
24639,51
24640,54
24641,40
24642,47
24643,37
24644,44
24645,18
24646,20
24647,48
24648,26
24649,41
24650,45
24651,52
24652,20
24653,47
24654,55
24655,62
24656,61
24657,47
24658,34
24659,48
24660,51
24661,35
24662,38
24663,22
24664,58
24665,42
24666,29
24667,27
24668,51
24669,62
24670,55
24671,27
24672,52
24673,28
24674,31
24675,51
24676,18
24677,30
24678,39
24679,35
24680,22
24681,40
24682,19
24683,18
24684,63
24685,18
24686,28
24687,34
24688,32
24689,38
24690,49
24691,51
24692,64
24693,63
24694,54
24695,50
24696,44
24697,51
24698,64
24699,32
24700,18
24701,30
24702,50
24703,50
24704,42
24705,64
24706,54
24707,49
24708,57
24709,31
24710,38
24711,25
24712,23
24713,19
24714,22
24715,22
24716,43
24717,30
24718,34
24719,26
24720,36
24721,46
24722,38
24723,50
24724,22
24725,55
24726,56
24727,21
24728,35
24729,34
24730,23
24731,27
24732,43
24733,55
24734,45
24735,45
24736,47
24737,56
24738,30
24739,51
24740,54
24741,40
24742,47
24743,37
24744,44
24745,18
24746,20
24747,48
24748,26
24749,41
24750,45
24751,52
24752,20
24753,47
24754,55
24755,62
24756,61
24757,47
24758,34
24759,48
24760,51
24761,35
24762,38
24763,22
24764,58
24765,42
24766,29
24767,27
24768,51
24769,62
24770,55
24771,27
24772,52
24773,28
24774,31
24775,51
24776,18
24777,30
24778,39
24779,35
24780,22
24781,40
24782,19
24783,18
24784,63
24785,18
24786,28
24787,34
24788,32
24789,38
24790,49
24791,51
24792,64
24793,63
24794,54
24795,50
24796,44
24797,51
24798,64
24799,32
24800,18
24801,30
24802,50
24803,50
24804,42
24805,64
24806,54
24807,49
24808,57
24809,31
24810,38
24811,25
24812,23
24813,19
24814,22
24815,22
24816,43
24817,30
24818,34
24819,26
24820,36
24821,46
24822,38
24823,50
24824,22
24825,55
24826,56
24827,21
24828,35
24829,34
24830,23
24831,27
24832,43
24833,55
24834,45
24835,45
24836,47
24837,56
24838,30
24839,51
24840,54
24841,40
24842,47
24843,37
24844,44
24845,18
24846,20
24847,48
24848,26
24849,41
24850,45
24851,52
24852,20
24853,47
24854,55
24855,62
24856,61
24857,47
24858,34
24859,48
24860,51
24861,35
24862,38
24863,22
24864,58
24865,42
24866,29
24867,27
24868,51
24869,62
24870,55
24871,27
24872,52
24873,28
24874,31
24875,51
24876,18
24877,30
24878,39
24879,35
24880,22
24881,40
24882,19
24883,18
24884,63
24885,18
24886,28
24887,34
24888,32
24889,38
24890,49
24891,51
24892,64
24893,63
24894,54
24895,50
24896,44
24897,51
24898,64
24899,32
24900,18
24901,30
24902,50
24903,50
24904,42
24905,64
24906,54
24907,49
24908,57
24909,31
24910,38
24911,25
24912,23
24913,19
24914,22
24915,22
24916,43
24917,30
24918,34
24919,26
24920,36
24921,46
24922,38
24923,50
24924,22
24925,55
24926,56
24927,21
24928,35
24929,34
24930,23
24931,27
24932,43
24933,55
24934,45
24935,45
24936,47
24937,56
24938,30
24939,51
24940,54
24941,40
24942,47
24943,37
24944,44
24945,18
24946,20
24947,48
24948,26
24949,41
24950,45
24951,52
24952,20
24953,47
24954,55
24955,62
24956,61
24957,47
24958,34
24959,48
24960,51
24961,35
24962,38
24963,22
24964,58
24965,42
24966,29
24967,27
24968,51
24969,62
24970,55
24971,27
24972,52
24973,28
24974,31
24975,51
24976,18
24977,30
24978,39
24979,35
24980,22
24981,40
24982,19
24983,18
24984,63
24985,18
24986,28
24987,34
24988,32
24989,38
24990,49
24991,51
24992,64
24993,63
24994,54
24995,50
24996,44
24997,51
24998,64
24999,32
25000,18
25001,30
25002,50
25003,50
25004,42
25005,64
25006,54
25007,49
25008,57
25009,31
25010,38
25011,25
25012,23
25013,19
25014,22
25015,22
25016,43
25017,30
25018,34
25019,26
25020,36
25021,46
25022,38
25023,50
25024,22
25025,55
25026,56
25027,21
25028,35
25029,34
25030,23
25031,27
25032,43
25033,55
25034,45
25035,45
25036,47
25037,56
25038,30
25039,51
25040,54
25041,40
25042,47
25043,37
25044,44
25045,18
25046,20
25047,48
25048,26
25049,41
25050,45
25051,52
25052,20
25053,47
25054,55
25055,62
25056,61
25057,47
25058,34
25059,48
25060,51
25061,35
25062,38
25063,22
25064,58
25065,42
25066,29
25067,27
25068,51
25069,62
25070,55
25071,27
25072,52
25073,28
25074,31
25075,51
25076,18
25077,30
25078,39
25079,35
25080,22
25081,40
25082,19
25083,18
25084,63
25085,18
25086,28
25087,34
25088,32
25089,38
25090,49
25091,51
25092,64
25093,63
25094,54
25095,50
25096,44
25097,51
25098,64
25099,32
25100,18
25101,30
25102,50
25103,50
25104,42
25105,64
25106,54
25107,49
25108,57
25109,31
25110,38
25111,25
25112,23
25113,19
25114,22
25115,22
25116,43
25117,30
25118,34
25119,26
25120,36
25121,46
25122,38
25123,50
25124,22
25125,55
25126,56
25127,21
25128,35
25129,34
25130,23
25131,27
25132,43
25133,55
25134,45
25135,45
25136,47
25137,56
25138,30
25139,51
25140,54
25141,40
25142,47
25143,37
25144,44
25145,18
25146,20
25147,48
25148,26
25149,41
25150,45
25151,52
25152,20
25153,47
25154,55
25155,62
25156,61
25157,47
25158,34
25159,48
25160,51
25161,35
25162,38
25163,22
25164,58
25165,42
25166,29
25167,27
25168,51
25169,62
25170,55
25171,27
25172,52
25173,28
25174,31
25175,51
25176,18
25177,30
25178,39
25179,35
25180,22
25181,40
25182,19
25183,18
25184,63
25185,18
25186,28
25187,34
25188,32
25189,38
25190,49
25191,51
25192,64
25193,63
25194,54
25195,50
25196,44
25197,51
25198,64
25199,32
25200,18
25201,30
25202,50
25203,50
25204,42
25205,64
25206,54
25207,49
25208,57
25209,31
25210,38
25211,25
25212,23
25213,19
25214,22
25215,22
25216,43
25217,30
25218,34
25219,26
25220,36
25221,46
25222,38
25223,50
25224,22
25225,55
25226,56
25227,21
25228,35
25229,34
25230,23
25231,27
25232,43
25233,55
25234,45
25235,45
25236,47
25237,56
25238,30
25239,51
25240,54
25241,40
25242,47
25243,37
25244,44
25245,18
25246,20
25247,48
25248,26
25249,41
25250,45
25251,52
25252,20
25253,47
25254,55
25255,62
25256,61
25257,47
25258,34
25259,48
25260,51
25261,35
25262,38
25263,22
25264,58
25265,42
25266,29
25267,27
25268,51
25269,62
25270,55
25271,27
25272,52
25273,28
25274,31
25275,51
25276,18
25277,30
25278,39
25279,35
25280,22
25281,40
25282,19
25283,18
25284,63
25285,18
25286,28
25287,34
25288,32
25289,38
25290,49
25291,51
25292,64
25293,63
25294,54
25295,50
25296,44
25297,51
25298,64
25299,32
25300,18
25301,30
25302,50
25303,50
25304,42
25305,64
25306,54
25307,49
25308,57
25309,31
25310,38
25311,25
25312,23
25313,19
25314,22
25315,22
25316,43
25317,30
25318,34
25319,26
25320,36
25321,46
25322,38
25323,50
25324,22
25325,55
25326,56
25327,21
25328,35
25329,34
25330,23
25331,27
25332,43
25333,55
25334,45
25335,45
25336,47
25337,56
25338,30
25339,51
25340,54
25341,40
25342,47
25343,37
25344,44
25345,18
25346,20
25347,48
25348,26
25349,41
25350,45
25351,52
25352,20
25353,47
25354,55
25355,62
25356,61
25357,47
25358,34
25359,48
25360,51
25361,35
25362,38
25363,22
25364,58
25365,42
25366,29
25367,27
25368,51
25369,62
25370,55
25371,27
25372,52
25373,28
25374,31
25375,51
25376,18
25377,30
25378,39
25379,35
25380,22
25381,40
25382,19
25383,18
25384,63
25385,18
25386,28
25387,34
25388,32
25389,38
25390,49
25391,51
25392,64
25393,63
25394,54
25395,50
25396,44
25397,51
25398,64
25399,32
25400,18
25401,30
25402,50
25403,50
25404,42
25405,64
25406,54
25407,49
25408,57
25409,31
25410,38
25411,25
25412,23
25413,19
25414,22
25415,22
25416,43
25417,30
25418,34
25419,26
25420,36
25421,46
25422,38
25423,50
25424,22
25425,55
25426,56
25427,21
25428,35
25429,34
25430,23
25431,27
25432,43
25433,55
25434,45
25435,45
25436,47
25437,56
25438,30
25439,51
25440,54
25441,40
25442,47
25443,37
25444,44
25445,18
25446,20
25447,48
25448,26
25449,41
25450,45
25451,52
25452,20
25453,47
25454,55
25455,62
25456,61
25457,47
25458,34
25459,48
25460,51
25461,35
25462,38
25463,22
25464,58
25465,42
25466,29
25467,27
25468,51
25469,62
25470,55
25471,27
25472,52
25473,28
25474,31
25475,51
25476,18
25477,30
25478,39
25479,35
25480,22
25481,40
25482,19
25483,18
25484,63
25485,18
25486,28
25487,34
25488,32
25489,38
25490,49
25491,51
25492,64
25493,63
25494,54
25495,50
25496,44
25497,51
25498,64
25499,32
25500,18
25501,30
25502,50
25503,50
25504,42
25505,64
25506,54
25507,49
25508,57
25509,31
25510,38
25511,25
25512,23
25513,19
25514,22
25515,22
25516,43
25517,30
25518,34
25519,26
25520,36
25521,46
25522,38
25523,50
25524,22
25525,55
25526,56
25527,21
25528,35
25529,34
25530,23
25531,27
25532,43
25533,55
25534,45
25535,45
25536,47
25537,56
25538,30
25539,51
25540,54
25541,40
25542,47
25543,37
25544,44
25545,18
25546,20
25547,48
25548,26
25549,41
25550,45
25551,52
25552,20
25553,47
25554,55
25555,62
25556,61
25557,47
25558,34
25559,48
25560,51
25561,35
25562,38
25563,22
25564,58
25565,42
25566,29
25567,27
25568,51
25569,62
25570,55
25571,27
25572,52
25573,28
25574,31
25575,51
25576,18
25577,30
25578,39
25579,35
25580,22
25581,40
25582,19
25583,18
25584,63
25585,18
25586,28
25587,34
25588,32
25589,38
25590,49
25591,51
25592,64
25593,63
25594,54
25595,50
25596,44
25597,51
25598,64
25599,32
25600,18
25601,30
25602,50
25603,50
25604,42
25605,64
25606,54
25607,49
25608,57
25609,31
25610,38
25611,25
25612,23
25613,19
25614,22
25615,22
25616,43
25617,30
25618,34
25619,26
25620,36
25621,46
25622,38
25623,50
25624,22
25625,55
25626,56
25627,21
25628,35
25629,34
25630,23
25631,27
25632,43
25633,55
25634,45
25635,45
25636,47
25637,56
25638,30
25639,51
25640,54
25641,40
25642,47
25643,37
25644,44
25645,18
25646,20
25647,48
25648,26
25649,41
25650,45
25651,52
25652,20
25653,47
25654,55
25655,62
25656,61
25657,47
25658,34
25659,48
25660,51
25661,35
25662,38
25663,22
25664,58
25665,42
25666,29
25667,27
25668,51
25669,62
25670,55
25671,27
25672,52
25673,28
25674,31
25675,51
25676,18
25677,30
25678,39
25679,35
25680,22
25681,40
25682,19
25683,18
25684,63
25685,18
25686,28
25687,34
25688,32
25689,38
25690,49
25691,51
25692,64
25693,63
25694,54
25695,50
25696,44
25697,51
25698,64
25699,32
25700,18
25701,30
25702,50
25703,50
25704,42
25705,64
25706,54
25707,49
25708,57
25709,31
25710,38
25711,25
25712,23
25713,19
25714,22
25715,22
25716,43
25717,30
25718,34
25719,26
25720,36
25721,46
25722,38
25723,50
25724,22
25725,55
25726,56
25727,21
25728,35
25729,34
25730,23
25731,27
25732,43
25733,55
25734,45
25735,45
25736,47
25737,56
25738,30
25739,51
25740,54
25741,40
25742,47
25743,37
25744,44
25745,18
25746,20
25747,48
25748,26
25749,41
25750,45
25751,52
25752,20
25753,47
25754,55
25755,62
25756,61
25757,47
25758,34
25759,48
25760,51
25761,35
25762,38
25763,22
25764,58
25765,42
25766,29
25767,27
25768,51
25769,62
25770,55
25771,27
25772,52
25773,28
25774,31
25775,51
25776,18
25777,30
25778,39
25779,35
25780,22
25781,40
25782,19
25783,18
25784,63
25785,18
25786,28
25787,34
25788,32
25789,38
25790,49
25791,51
25792,64
25793,63
25794,54
25795,50
25796,44
25797,51
25798,64
25799,32
25800,18
25801,30
25802,50
25803,50
25804,42
25805,64
25806,54
25807,49
25808,57
25809,31
25810,38
25811,25
25812,23
25813,19
25814,22
25815,22
25816,43
25817,30
25818,34
25819,26
25820,36
25821,46
25822,38
25823,50
25824,22
25825,55
25826,56
25827,21
25828,35
25829,34
25830,23
25831,27
25832,43
25833,55
25834,45
25835,45
25836,47
25837,56
25838,30
25839,51
25840,54
25841,40
25842,47
25843,37
25844,44
25845,18
25846,20
25847,48
25848,26
25849,41
25850,45
25851,52
25852,20
25853,47
25854,55
25855,62
25856,61
25857,47
25858,34
25859,48
25860,51
25861,35
25862,38
25863,22
25864,58
25865,42
25866,29
25867,27
25868,51
25869,62
25870,55
25871,27
25872,52
25873,28
25874,31
25875,51
25876,18
25877,30
25878,39
25879,35
25880,22
25881,40
25882,19
25883,18
25884,63
25885,18
25886,28
25887,34
25888,32
25889,38
25890,49
25891,51
25892,64
25893,63
25894,54
25895,50
25896,44
25897,51
25898,64
25899,32
25900,18
25901,30
25902,50
25903,50
25904,42
25905,64
25906,54
25907,49
25908,57
25909,31
25910,38
25911,25
25912,23
25913,19
25914,22
25915,22
25916,43
25917,30
25918,34
25919,26
25920,36
25921,46
25922,38
25923,50
25924,22
25925,55
25926,56
25927,21
25928,35
25929,34
25930,23
25931,27
25932,43
25933,55
25934,45
25935,45
25936,47
25937,56
25938,30
25939,51
25940,54
25941,40
25942,47
25943,37
25944,44
25945,18
25946,20
25947,48
25948,26
25949,41
25950,45
25951,52
25952,20
25953,47
25954,55
25955,62
25956,61
25957,47
25958,34
25959,48
25960,51
25961,35
25962,38
25963,22
25964,58
25965,42
25966,29
25967,27
25968,51
25969,62
25970,55
25971,27
25972,52
25973,28
25974,31
25975,51
25976,18
25977,30
25978,39
25979,35
25980,22
25981,40
25982,19
25983,18
25984,63
25985,18
25986,28
25987,34
25988,32
25989,38
25990,49
25991,51
25992,64
25993,63
25994,54
25995,50
25996,44
25997,51
25998,64
25999,32
26000,18
26001,30
26002,50
26003,50
26004,42
26005,64
26006,54
26007,49
26008,57
26009,31
26010,38
26011,25
26012,23
26013,19
26014,22
26015,22
26016,43
26017,30
26018,34
26019,26
26020,36
26021,46
26022,38
26023,50
26024,22
26025,55
26026,56
26027,21
26028,35
26029,34
26030,23
26031,27
26032,43
26033,55
26034,45
26035,45
26036,47
26037,56
26038,30
26039,51
26040,54
26041,40
26042,47
26043,37
26044,44
26045,18
26046,20
26047,48
26048,26
26049,41
26050,45
26051,52
26052,20
26053,47
26054,55
26055,62
26056,61
26057,47
26058,34
26059,48
26060,51
26061,35
26062,38
26063,22
26064,58
26065,42
26066,29
26067,27
26068,51
26069,62
26070,55
26071,27
26072,52
26073,28
26074,31
26075,51
26076,18
26077,30
26078,39
26079,35
26080,22
26081,40
26082,19
26083,18
26084,63
26085,18
26086,28
26087,34
26088,32
26089,38
26090,49
26091,51
26092,64
26093,63
26094,54
26095,50
26096,44
26097,51
26098,64
26099,32
26100,18
26101,30
26102,50
26103,50
26104,42
26105,64
26106,54
26107,49
26108,57
26109,31
26110,38
26111,25
26112,23
26113,19
26114,22
26115,22
26116,43
26117,30
26118,34
26119,26
26120,36
26121,46
26122,38
26123,50
26124,22
26125,55
26126,56
26127,21
26128,35
26129,34
26130,23
26131,27
26132,43
26133,55
26134,45
26135,45
26136,47
26137,56
26138,30
26139,51
26140,54
26141,40
26142,47
26143,37
26144,44
26145,18
26146,20
26147,48
26148,26
26149,41
26150,45
26151,52
26152,20
26153,47
26154,55
26155,62
26156,61
26157,47
26158,34
26159,48
26160,51
26161,35
26162,38
26163,22
26164,58
26165,42
26166,29
26167,27
26168,51
26169,62
26170,55
26171,27
26172,52
26173,28
26174,31
26175,51
26176,18
26177,30
26178,39
26179,35
26180,22
26181,40
26182,19
26183,18
26184,63
26185,18
26186,28
26187,34
26188,32
26189,38
26190,49
26191,51
26192,64
26193,63
26194,54
26195,50
26196,44
26197,51
26198,64
26199,32
26200,18
26201,30
26202,50
26203,50
26204,42
26205,64
26206,54
26207,49
26208,57
26209,31
26210,38
26211,25
26212,23
26213,19
26214,22
26215,22
26216,43
26217,30
26218,34
26219,26
26220,36
26221,46
26222,38
26223,50
26224,22
26225,55
26226,56
26227,21
26228,35
26229,34
26230,23
26231,27
26232,43
26233,55
26234,45
26235,45
26236,47
26237,56
26238,30
26239,51
26240,54
26241,40
26242,47
26243,37
26244,44
26245,18
26246,20
26247,48
26248,26
26249,41
26250,45
26251,52
26252,20
26253,47
26254,55
26255,62
26256,61
26257,47
26258,34
26259,48
26260,51
26261,35
26262,38
26263,22
26264,58
26265,42
26266,29
26267,27
26268,51
26269,62
26270,55
26271,27
26272,52
26273,28
26274,31
26275,51
26276,18
26277,30
26278,39
26279,35
26280,22
26281,40
26282,19
26283,18
26284,63
26285,18
26286,28
26287,34
26288,32
26289,38
26290,49
26291,51
26292,64
26293,63
26294,54
26295,50
26296,44
26297,51
26298,64
26299,32
26300,18
26301,30
26302,50
26303,50
26304,42
26305,64
26306,54
26307,49
26308,57
26309,31
26310,38
26311,25
26312,23
26313,19
26314,22
26315,22
26316,43
26317,30
26318,34
26319,26
26320,36
26321,46
26322,38
26323,50
26324,22
26325,55
26326,56
26327,21
26328,35
26329,34
26330,23
26331,27
26332,43
26333,55
26334,45
26335,45
26336,47
26337,56
26338,30
26339,51
26340,54
26341,40
26342,47
26343,37
26344,44
26345,18
26346,20
26347,48
26348,26
26349,41
26350,45
26351,52
26352,20
26353,47
26354,55
26355,62
26356,61
26357,47
26358,34
26359,48
26360,51
26361,35
26362,38
26363,22
26364,58
26365,42
26366,29
26367,27
26368,51
26369,62
26370,55
26371,27
26372,52
26373,28
26374,31
26375,51
26376,18
26377,30
26378,39
26379,35
26380,22
26381,40
26382,19
26383,18
26384,63
26385,18
26386,28
26387,34
26388,32
26389,38
26390,49
26391,51
26392,64
26393,63
26394,54
26395,50
26396,44
26397,51
26398,64
26399,32
26400,18
26401,30
26402,50
26403,50
26404,42
26405,64
26406,54
26407,49
26408,57
26409,31
26410,38
26411,25
26412,23
26413,19
26414,22
26415,22
26416,43
26417,30
26418,34
26419,26
26420,36
26421,46
26422,38
26423,50
26424,22
26425,55
26426,56
26427,21
26428,35
26429,34
26430,23
26431,27
26432,43
26433,55
26434,45
26435,45
26436,47
26437,56
26438,30
26439,51
26440,54
26441,40
26442,47
26443,37
26444,44
26445,18
26446,20
26447,48
26448,26
26449,41
26450,45
26451,52
26452,20
26453,47
26454,55
26455,62
26456,61
26457,47
26458,34
26459,48
26460,51
26461,35
26462,38
26463,22
26464,58
26465,42
26466,29
26467,27
26468,51
26469,62
26470,55
26471,27
26472,52
26473,28
26474,31
26475,51
26476,18
26477,30
26478,39
26479,35
26480,22
26481,40
26482,19
26483,18
26484,63
26485,18
26486,28
26487,34
26488,32
26489,38
26490,49
26491,51
26492,64
26493,63
26494,54
26495,50
26496,44
26497,51
26498,64
26499,32
26500,18
26501,30
26502,50
26503,50
26504,42
26505,64
26506,54
26507,49
26508,57
26509,31
26510,38
26511,25
26512,23
26513,19
26514,22
26515,22
26516,43
26517,30
26518,34
26519,26
26520,36
26521,46
26522,38
26523,50
26524,22
26525,55
26526,56
26527,21
26528,35
26529,34
26530,23
26531,27
26532,43
26533,55
26534,45
26535,45
26536,47
26537,56
26538,30
26539,51
26540,54
26541,40
26542,47
26543,37
26544,44
26545,18
26546,20
26547,48
26548,26
26549,41
26550,45
26551,52
26552,20
26553,47
26554,55
26555,62
26556,61
26557,47
26558,34
26559,48
26560,51
26561,35
26562,38
26563,22
26564,58
26565,42
26566,29
26567,27
26568,51
26569,62
26570,55
26571,27
26572,52
26573,28
26574,31
26575,51
26576,18
26577,30
26578,39
26579,35
26580,22
26581,40
26582,19
26583,18
26584,63
26585,18
26586,28
26587,34
26588,32
26589,38
26590,49
26591,51
26592,64
26593,63
26594,54
26595,50
26596,44
26597,51
26598,64
26599,32
26600,18
26601,30
26602,50
26603,50
26604,42
26605,64
26606,54
26607,49
26608,57
26609,31
26610,38
26611,25
26612,23
26613,19
26614,22
26615,22
26616,43
26617,30
26618,34
26619,26
26620,36
26621,46
26622,38
26623,50
26624,22
26625,55
26626,56
26627,21
26628,35
26629,34
26630,23
26631,27
26632,43
26633,55
26634,45
26635,45
26636,47
26637,56
26638,30
26639,51
26640,54
26641,40
26642,47
26643,37
26644,44
26645,18
26646,20
26647,48
26648,26
26649,41
26650,45
26651,52
26652,20
26653,47
26654,55
26655,62
26656,61
26657,47
26658,34
26659,48
26660,51
26661,35
26662,38
26663,22
26664,58
26665,42
26666,29
26667,27
26668,51
26669,62
26670,55
26671,27
26672,52
26673,28
26674,31
26675,51
26676,18
26677,30
26678,39
26679,35
26680,22
26681,40
26682,19
26683,18
26684,63
26685,18
26686,28
26687,34
26688,32
26689,38
26690,49
26691,51
26692,64
26693,63
26694,54
26695,50
26696,44
26697,51
26698,64
26699,32
26700,18
26701,30
26702,50
26703,50
26704,42
26705,64
26706,54
26707,49
26708,57
26709,31
26710,38
26711,25
26712,23
26713,19
26714,22
26715,22
26716,43
26717,30
26718,34
26719,26
26720,36
26721,46
26722,38
26723,50
26724,22
26725,55
26726,56
26727,21
26728,35
26729,34
26730,23
26731,27
26732,43
26733,55
26734,45
26735,45
26736,47
26737,56
26738,30
26739,51
26740,54
26741,40
26742,47
26743,37
26744,44
26745,18
26746,20
26747,48
26748,26
26749,41
26750,45
26751,52
26752,20
26753,47
26754,55
26755,62
26756,61
26757,47
26758,34
26759,48
26760,51
26761,35
26762,38
26763,22
26764,58
26765,42
26766,29
26767,27
26768,51
26769,62
26770,55
26771,27
26772,52
26773,28
26774,31
26775,51
26776,18
26777,30
26778,39
26779,35
26780,22
26781,40
26782,19
26783,18
26784,63
26785,18
26786,28
26787,34
26788,32
26789,38
26790,49
26791,51
26792,64
26793,63
26794,54
26795,50
26796,44
26797,51
26798,64
26799,32
26800,18
26801,30
26802,50
26803,50
26804,42
26805,64
26806,54
26807,49
26808,57
26809,31
26810,38
26811,25
26812,23
26813,19
26814,22
26815,22
26816,43
26817,30
26818,34
26819,26
26820,36
26821,46
26822,38
26823,50
26824,22
26825,55
26826,56
26827,21
26828,35
26829,34
26830,23
26831,27
26832,43
26833,55
26834,45
26835,45
26836,47
26837,56
26838,30
26839,51
26840,54
26841,40
26842,47
26843,37
26844,44
26845,18
26846,20
26847,48
26848,26
26849,41
26850,45
26851,52
26852,20
26853,47
26854,55
26855,62
26856,61
26857,47
26858,34
26859,48
26860,51
26861,35
26862,38
26863,22
26864,58
26865,42
26866,29
26867,27
26868,51
26869,62
26870,55
26871,27
26872,52
26873,28
26874,31
26875,51
26876,18
26877,30
26878,39
26879,35
26880,22
26881,40
26882,19
26883,18
26884,63
26885,18
26886,28
26887,34
26888,32
26889,38
26890,49
26891,51
26892,64
26893,63
26894,54
26895,50
26896,44
26897,51
26898,64
26899,32
26900,18
26901,30
26902,50
26903,50
26904,42
26905,64
26906,54
26907,49
26908,57
26909,31
26910,38
26911,25
26912,23
26913,19
26914,22
26915,22
26916,43
26917,30
26918,34
26919,26
26920,36
26921,46
26922,38
26923,50
26924,22
26925,55
26926,56
26927,21
26928,35
26929,34
26930,23
26931,27
26932,43
26933,55
26934,45
26935,45
26936,47
26937,56
26938,30
26939,51
26940,54
26941,40
26942,47
26943,37
26944,44
26945,18
26946,20
26947,48
26948,26
26949,41
26950,45
26951,52
26952,20
26953,47
26954,55
26955,62
26956,61
26957,47
26958,34
26959,48
26960,51
26961,35
26962,38
26963,22
26964,58
26965,42
26966,29
26967,27
26968,51
26969,62
26970,55
26971,27
26972,52
26973,28
26974,31
26975,51
26976,18
26977,30
26978,39
26979,35
26980,22
26981,40
26982,19
26983,18
26984,63
26985,18
26986,28
26987,34
26988,32
26989,38
26990,49
26991,51
26992,64
26993,63
26994,54
26995,50
26996,44
26997,51
26998,64
26999,32
27000,18
27001,30
27002,50
27003,50
27004,42
27005,64
27006,54
27007,49
27008,57
27009,31
27010,38
27011,25
27012,23
27013,19
27014,22
27015,22
27016,43
27017,30
27018,34
27019,26
27020,36
27021,46
27022,38
27023,50
27024,22
27025,55
27026,56
27027,21
27028,35
27029,34
27030,23
27031,27
27032,43
27033,55
27034,45
27035,45
27036,47
27037,56
27038,30
27039,51
27040,54
27041,40
27042,47
27043,37
27044,44
27045,18
27046,20
27047,48
27048,26
27049,41
27050,45
27051,52
27052,20
27053,47
27054,55
27055,62
27056,61
27057,47
27058,34
27059,48
27060,51
27061,35
27062,38
27063,22
27064,58
27065,42
27066,29
27067,27
27068,51
27069,62
27070,55
27071,27
27072,52
27073,28
27074,31
27075,51
27076,18
27077,30
27078,39
27079,35
27080,22
27081,40
27082,19
27083,18
27084,63
27085,18
27086,28
27087,34
27088,32
27089,38
27090,49
27091,51
27092,64
27093,63
27094,54
27095,50
27096,44
27097,51
27098,64
27099,32
27100,18
27101,30
27102,50
27103,50
27104,42
27105,64
27106,54
27107,49
27108,57
27109,31
27110,38
27111,25
27112,23
27113,19
27114,22
27115,22
27116,43
27117,30
27118,34
27119,26
27120,36
27121,46
27122,38
27123,50
27124,22
27125,55
27126,56
27127,21
27128,35
27129,34
27130,23
27131,27
27132,43
27133,55
27134,45
27135,45
27136,47
27137,56
27138,30
27139,51
27140,54
27141,40
27142,47
27143,37
27144,44
27145,18
27146,20
27147,48
27148,26
27149,41
27150,45
27151,52
27152,20
27153,47
27154,55
27155,62
27156,61
27157,47
27158,34
27159,48
27160,51
27161,35
27162,38
27163,22
27164,58
27165,42
27166,29
27167,27
27168,51
27169,62
27170,55
27171,27
27172,52
27173,28
27174,31
27175,51
27176,18
27177,30
27178,39
27179,35
27180,22
27181,40
27182,19
27183,18
27184,63
27185,18
27186,28
27187,34
27188,32
27189,38
27190,49
27191,51
27192,64
27193,63
27194,54
27195,50
27196,44
27197,51
27198,64
27199,32
27200,18
27201,30
27202,50
27203,50
27204,42
27205,64
27206,54
27207,49
27208,57
27209,31
27210,38
27211,25
27212,23
27213,19
27214,22
27215,22
27216,43
27217,30
27218,34
27219,26
27220,36
27221,46
27222,38
27223,50
27224,22
27225,55
27226,56
27227,21
27228,35
27229,34
27230,23
27231,27
27232,43
27233,55
27234,45
27235,45
27236,47
27237,56
27238,30
27239,51
27240,54
27241,40
27242,47
27243,37
27244,44
27245,18
27246,20
27247,48
27248,26
27249,41
27250,45
27251,52
27252,20
27253,47
27254,55
27255,62
27256,61
27257,47
27258,34
27259,48
27260,51
27261,35
27262,38
27263,22
27264,58
27265,42
27266,29
27267,27
27268,51
27269,62
27270,55
27271,27
27272,52
27273,28
27274,31
27275,51
27276,18
27277,30
27278,39
27279,35
27280,22
27281,40
27282,19
27283,18
27284,63
27285,18
27286,28
27287,34
27288,32
27289,38
27290,49
27291,51
27292,64
27293,63
27294,54
27295,50
27296,44
27297,51
27298,64
27299,32
27300,18
27301,30
27302,50
27303,50
27304,42
27305,64
27306,54
27307,49
27308,57
27309,31
27310,38
27311,25
27312,23
27313,19
27314,22
27315,22
27316,43
27317,30
27318,34
27319,26
27320,36
27321,46
27322,38
27323,50
27324,22
27325,55
27326,56
27327,21
27328,35
27329,34
27330,23
27331,27
27332,43
27333,55
27334,45
27335,45
27336,47
27337,56
27338,30
27339,51
27340,54
27341,40
27342,47
27343,37
27344,44
27345,18
27346,20
27347,48
27348,26
27349,41
27350,45
27351,52
27352,20
27353,47
27354,55
27355,62
27356,61
27357,47
27358,34
27359,48
27360,51
27361,35
27362,38
27363,22
27364,58
27365,42
27366,29
27367,27
27368,51
27369,62
27370,55
27371,27
27372,52
27373,28
27374,31
27375,51
27376,18
27377,30
27378,39
27379,35
27380,22
27381,40
27382,19
27383,18
27384,63
27385,18
27386,28
27387,34
27388,32
27389,38
27390,49
27391,51
27392,64
27393,63
27394,54
27395,50
27396,44
27397,51
27398,64
27399,32
27400,18
27401,30
27402,50
27403,50
27404,42
27405,64
27406,54
27407,49
27408,57
27409,31
27410,38
27411,25
27412,23
27413,19
27414,22
27415,22
27416,43
27417,30
27418,34
27419,26
27420,36
27421,46
27422,38
27423,50
27424,22
27425,55
27426,56
27427,21
27428,35
27429,34
27430,23
27431,27
27432,43
27433,55
27434,45
27435,45
27436,47
27437,56
27438,30
27439,51
27440,54
27441,40
27442,47
27443,37
27444,44
27445,18
27446,20
27447,48
27448,26
27449,41
27450,45
27451,52
27452,20
27453,47
27454,55
27455,62
27456,61
27457,47
27458,34
27459,48
27460,51
27461,35
27462,38
27463,22
27464,58
27465,42
27466,29
27467,27
27468,51
27469,62
27470,55
27471,27
27472,52
27473,28
27474,31
27475,51
27476,18
27477,30
27478,39
27479,35
27480,22
27481,40
27482,19
27483,18
27484,63
27485,18
27486,28
27487,34
27488,32
27489,38
27490,49
27491,51
27492,64
27493,63
27494,54
27495,50
27496,44
27497,51
27498,64
27499,32
27500,18
27501,30
27502,50
27503,50
27504,42
27505,64
27506,54
27507,49
27508,57
27509,31
27510,38
27511,25
27512,23
27513,19
27514,22
27515,22
27516,43
27517,30
27518,34
27519,26
27520,36
27521,46
27522,38
27523,50
27524,22
27525,55
27526,56
27527,21
27528,35
27529,34
27530,23
27531,27
27532,43
27533,55
27534,45
27535,45
27536,47
27537,56
27538,30
27539,51
27540,54
27541,40
27542,47
27543,37
27544,44
27545,18
27546,20
27547,48
27548,26
27549,41
27550,45
27551,52
27552,20
27553,47
27554,55
27555,62
27556,61
27557,47
27558,34
27559,48
27560,51
27561,35
27562,38
27563,22
27564,58
27565,42
27566,29
27567,27
27568,51
27569,62
27570,55
27571,27
27572,52
27573,28
27574,31
27575,51
27576,18
27577,30
27578,39
27579,35
27580,22
27581,40
27582,19
27583,18
27584,63
27585,18
27586,28
27587,34
27588,32
27589,38
27590,49
27591,51
27592,64
27593,63
27594,54
27595,50
27596,44
27597,51
27598,64
27599,32
27600,18
27601,30
27602,50
27603,50
27604,42
27605,64
27606,54
27607,49
27608,57
27609,31
27610,38
27611,25
27612,23
27613,19
27614,22
27615,22
27616,43
27617,30
27618,34
27619,26
27620,36
27621,46
27622,38
27623,50
27624,22
27625,55
27626,56
27627,21
27628,35
27629,34
27630,23
27631,27
27632,43
27633,55
27634,45
27635,45
27636,47
27637,56
27638,30
27639,51
27640,54
27641,40
27642,47
27643,37
27644,44
27645,18
27646,20
27647,48
27648,26
27649,41
27650,45
27651,52
27652,20
27653,47
27654,55
27655,62
27656,61
27657,47
27658,34
27659,48
27660,51
27661,35
27662,38
27663,22
27664,58
27665,42
27666,29
27667,27
27668,51
27669,62
27670,55
27671,27
27672,52
27673,28
27674,31
27675,51
27676,18
27677,30
27678,39
27679,35
27680,22
27681,40
27682,19
27683,18
27684,63
27685,18
27686,28
27687,34
27688,32
27689,38
27690,49
27691,51
27692,64
27693,63
27694,54
27695,50
27696,44
27697,51
27698,64
27699,32
27700,18
27701,30
27702,50
27703,50
27704,42
27705,64
27706,54
27707,49
27708,57
27709,31
27710,38
27711,25
27712,23
27713,19
27714,22
27715,22
27716,43
27717,30
27718,34
27719,26
27720,36
27721,46
27722,38
27723,50
27724,22
27725,55
27726,56
27727,21
27728,35
27729,34
27730,23
27731,27
27732,43
27733,55
27734,45
27735,45
27736,47
27737,56
27738,30
27739,51
27740,54
27741,40
27742,47
27743,37
27744,44
27745,18
27746,20
27747,48
27748,26
27749,41
27750,45
27751,52
27752,20
27753,47
27754,55
27755,62
27756,61
27757,47
27758,34
27759,48
27760,51
27761,35
27762,38
27763,22
27764,58
27765,42
27766,29
27767,27
27768,51
27769,62
27770,55
27771,27
27772,52
27773,28
27774,31
27775,51
27776,18
27777,30
27778,39
27779,35
27780,22
27781,40
27782,19
27783,18
27784,63
27785,18
27786,28
27787,34
27788,32
27789,38
27790,49
27791,51
27792,64
27793,63
27794,54
27795,50
27796,44
27797,51
27798,64
27799,32
27800,18
27801,30
27802,50
27803,50
27804,42
27805,64
27806,54
27807,49
27808,57
27809,31
27810,38
27811,25
27812,23
27813,19
27814,22
27815,22
27816,43
27817,30
27818,34
27819,26
27820,36
27821,46
27822,38
27823,50
27824,22
27825,55
27826,56
27827,21
27828,35
27829,34
27830,23
27831,27
27832,43
27833,55
27834,45
27835,45
27836,47
27837,56
27838,30
27839,51
27840,54
27841,40
27842,47
27843,37
27844,44
27845,18
27846,20
27847,48
27848,26
27849,41
27850,45
27851,52
27852,20
27853,47
27854,55
27855,62
27856,61
27857,47
27858,34
27859,48
27860,51
27861,35
27862,38
27863,22
27864,58
27865,42
27866,29
27867,27
27868,51
27869,62
27870,55
27871,27
27872,52
27873,28
27874,31
27875,51
27876,18
27877,30
27878,39
27879,35
27880,22
27881,40
27882,19
27883,18
27884,63
27885,18
27886,28
27887,34
27888,32
27889,38
27890,49
27891,51
27892,64
27893,63
27894,54
27895,50
27896,44
27897,51
27898,64
27899,32
27900,18
27901,30
27902,50
27903,50
27904,42
27905,64
27906,54
27907,49
27908,57
27909,31
27910,38
27911,25
27912,23
27913,19
27914,22
27915,22
27916,43
27917,30
27918,34
27919,26
27920,36
27921,46
27922,38
27923,50
27924,22
27925,55
27926,56
27927,21
27928,35
27929,34
27930,23
27931,27
27932,43
27933,55
27934,45
27935,45
27936,47
27937,56
27938,30
27939,51
27940,54
27941,40
27942,47
27943,37
27944,44
27945,18
27946,20
27947,48
27948,26
27949,41
27950,45
27951,52
27952,20
27953,47
27954,55
27955,62
27956,61
27957,47
27958,34
27959,48
27960,51
27961,35
27962,38
27963,22
27964,58
27965,42
27966,29
27967,27
27968,51
27969,62
27970,55
27971,27
27972,52
27973,28
27974,31
27975,51
27976,18
27977,30
27978,39
27979,35
27980,22
27981,40
27982,19
27983,18
27984,63
27985,18
27986,28
27987,34
27988,32
27989,38
27990,49
27991,51
27992,64
27993,63
27994,54
27995,50
27996,44
27997,51
27998,64
27999,32
28000,18
28001,30
28002,50
28003,50
28004,42
28005,64
28006,54
28007,49
28008,57
28009,31
28010,38
28011,25
28012,23
28013,19
28014,22
28015,22
28016,43
28017,30
28018,34
28019,26
28020,36
28021,46
28022,38
28023,50
28024,22
28025,55
28026,56
28027,21
28028,35
28029,34
28030,23
28031,27
28032,43
28033,55
28034,45
28035,45
28036,47
28037,56
28038,30
28039,51
28040,54
28041,40
28042,47
28043,37
28044,44
28045,18
28046,20
28047,48
28048,26
28049,41
28050,45
28051,52
28052,20
28053,47
28054,55
28055,62
28056,61
28057,47
28058,34
28059,48
28060,51
28061,35
28062,38
28063,22
28064,58
28065,42
28066,29
28067,27
28068,51
28069,62
28070,55
28071,27
28072,52
28073,28
28074,31
28075,51
28076,18
28077,30
28078,39
28079,35
28080,22
28081,40
28082,19
28083,18
28084,63
28085,18
28086,28
28087,34
28088,32
28089,38
28090,49
28091,51
28092,64
28093,63
28094,54
28095,50
28096,44
28097,51
28098,64
28099,32
28100,18
28101,30
28102,50
28103,50
28104,42
28105,64
28106,54
28107,49
28108,57
28109,31
28110,38
28111,25
28112,23
28113,19
28114,22
28115,22
28116,43
28117,30
28118,34
28119,26
28120,36
28121,46
28122,38
28123,50
28124,22
28125,55
28126,56
28127,21
28128,35
28129,34
28130,23
28131,27
28132,43
28133,55
28134,45
28135,45
28136,47
28137,56
28138,30
28139,51
28140,54
28141,40
28142,47
28143,37
28144,44
28145,18
28146,20
28147,48
28148,26
28149,41
28150,45
28151,52
28152,20
28153,47
28154,55
28155,62
28156,61
28157,47
28158,34
28159,48
28160,51
28161,35
28162,38
28163,22
28164,58
28165,42
28166,29
28167,27
28168,51
28169,62
28170,55
28171,27
28172,52
28173,28
28174,31
28175,51
28176,18
28177,30
28178,39
28179,35
28180,22
28181,40
28182,19
28183,18
28184,63
28185,18
28186,28
28187,34
28188,32
28189,38
28190,49
28191,51
28192,64
28193,63
28194,54
28195,50
28196,44
28197,51
28198,64
28199,32
28200,18
28201,30
28202,50
28203,50
28204,42
28205,64
28206,54
28207,49
28208,57
28209,31
28210,38
28211,25
28212,23
28213,19
28214,22
28215,22
28216,43
28217,30
28218,34
28219,26
28220,36
28221,46
28222,38
28223,50
28224,22
28225,55
28226,56
28227,21
28228,35
28229,34
28230,23
28231,27
28232,43
28233,55
28234,45
28235,45
28236,47
28237,56
28238,30
28239,51
28240,54
28241,40
28242,47
28243,37
28244,44
28245,18
28246,20
28247,48
28248,26
28249,41
28250,45
28251,52
28252,20
28253,47
28254,55
28255,62
28256,61
28257,47
28258,34
28259,48
28260,51
28261,35
28262,38
28263,22
28264,58
28265,42
28266,29
28267,27
28268,51
28269,62
28270,55
28271,27
28272,52
28273,28
28274,31
28275,51
28276,18
28277,30
28278,39
28279,35
28280,22
28281,40
28282,19
28283,18
28284,63
28285,18
28286,28
28287,34
28288,32
28289,38
28290,49
28291,51
28292,64
28293,63
28294,54
28295,50
28296,44
28297,51
28298,64
28299,32
28300,18
28301,30
28302,50
28303,50
28304,42
28305,64
28306,54
28307,49
28308,57
28309,31
28310,38
28311,25
28312,23
28313,19
28314,22
28315,22
28316,43
28317,30
28318,34
28319,26
28320,36
28321,46
28322,38
28323,50
28324,22
28325,55
28326,56
28327,21
28328,35
28329,34
28330,23
28331,27
28332,43
28333,55
28334,45
28335,45
28336,47
28337,56
28338,30
28339,51
28340,54
28341,40
28342,47
28343,37
28344,44
28345,18
28346,20
28347,48
28348,26
28349,41
28350,45
28351,52
28352,20
28353,47
28354,55
28355,62
28356,61
28357,47
28358,34
28359,48
28360,51
28361,35
28362,38
28363,22
28364,58
28365,42
28366,29
28367,27
28368,51
28369,62
28370,55
28371,27
28372,52
28373,28
28374,31
28375,51
28376,18
28377,30
28378,39
28379,35
28380,22
28381,40
28382,19
28383,18
28384,63
28385,18
28386,28
28387,34
28388,32
28389,38
28390,49
28391,51
28392,64
28393,63
28394,54
28395,50
28396,44
28397,51
28398,64
28399,32
28400,18
28401,30
28402,50
28403,50
28404,42
28405,64
28406,54
28407,49
28408,57
28409,31
28410,38
28411,25
28412,23
28413,19
28414,22
28415,22
28416,43
28417,30
28418,34
28419,26
28420,36
28421,46
28422,38
28423,50
28424,22
28425,55
28426,56
28427,21
28428,35
28429,34
28430,23
28431,27
28432,43
28433,55
28434,45
28435,45
28436,47
28437,56
28438,30
28439,51
28440,54
28441,40
28442,47
28443,37
28444,44
28445,18
28446,20
28447,48
28448,26
28449,41
28450,45
28451,52
28452,20
28453,47
28454,55
28455,62
28456,61
28457,47
28458,34
28459,48
28460,51
28461,35
28462,38
28463,22
28464,58
28465,42
28466,29
28467,27
28468,51
28469,62
28470,55
28471,27
28472,52
28473,28
28474,31
28475,51
28476,18
28477,30
28478,39
28479,35
28480,22
28481,40
28482,19
28483,18
28484,63
28485,18
28486,28
28487,34
28488,32
28489,38
28490,49
28491,51
28492,64
28493,63
28494,54
28495,50
28496,44
28497,51
28498,64
28499,32
28500,18
28501,30
28502,50
28503,50
28504,42
28505,64
28506,54
28507,49
28508,57
28509,31
28510,38
28511,25
28512,23
28513,19
28514,22
28515,22
28516,43
28517,30
28518,34
28519,26
28520,36
28521,46
28522,38
28523,50
28524,22
28525,55
28526,56
28527,21
28528,35
28529,34
28530,23
28531,27
28532,43
28533,55
28534,45
28535,45
28536,47
28537,56
28538,30
28539,51
28540,54
28541,40
28542,47
28543,37
28544,44
28545,18
28546,20
28547,48
28548,26
28549,41
28550,45
28551,52
28552,20
28553,47
28554,55
28555,62
28556,61
28557,47
28558,34
28559,48
28560,51
28561,35
28562,38
28563,22
28564,58
28565,42
28566,29
28567,27
28568,51
28569,62
28570,55
28571,27
28572,52
28573,28
28574,31
28575,51
28576,18
28577,30
28578,39
28579,35
28580,22
28581,40
28582,19
28583,18
28584,63
28585,18
28586,28
28587,34
28588,32
28589,38
28590,49
28591,51
28592,64
28593,63
28594,54
28595,50
28596,44
28597,51
28598,64
28599,32
28600,18
28601,30
28602,50
28603,50
28604,42
28605,64
28606,54
28607,49
28608,57
28609,31
28610,38
28611,25
28612,23
28613,19
28614,22
28615,22
28616,43
28617,30
28618,34
28619,26
28620,36
28621,46
28622,38
28623,50
28624,22
28625,55
28626,56
28627,21
28628,35
28629,34
28630,23
28631,27
28632,43
28633,55
28634,45
28635,45
28636,47
28637,56
28638,30
28639,51
28640,54
28641,40
28642,47
28643,37
28644,44
28645,18
28646,20
28647,48
28648,26
28649,41
28650,45
28651,52
28652,20
28653,47
28654,55
28655,62
28656,61
28657,47
28658,34
28659,48
28660,51
28661,35
28662,38
28663,22
28664,58
28665,42
28666,29
28667,27
28668,51
28669,62
28670,55
28671,27
28672,52
28673,28
28674,31
28675,51
28676,18
28677,30
28678,39
28679,35
28680,22
28681,40
28682,19
28683,18
28684,63
28685,18
28686,28
28687,34
28688,32
28689,38
28690,49
28691,51
28692,64
28693,63
28694,54
28695,50
28696,44
28697,51
28698,64
28699,32
28700,18
28701,30
28702,50
28703,50
28704,42
28705,64
28706,54
28707,49
28708,57
28709,31
28710,38
28711,25
28712,23
28713,19
28714,22
28715,22
28716,43
28717,30
28718,34
28719,26
28720,36
28721,46
28722,38
28723,50
28724,22
28725,55
28726,56
28727,21
28728,35
28729,34
28730,23
28731,27
28732,43
28733,55
28734,45
28735,45
28736,47
28737,56
28738,30
28739,51
28740,54
28741,40
28742,47
28743,37
28744,44
28745,18
28746,20
28747,48
28748,26
28749,41
28750,45
28751,52
28752,20
28753,47
28754,55
28755,62
28756,61
28757,47
28758,34
28759,48
28760,51
28761,35
28762,38
28763,22
28764,58
28765,42
28766,29
28767,27
28768,51
28769,62
28770,55
28771,27
28772,52
28773,28
28774,31
28775,51
28776,18
28777,30
28778,39
28779,35
28780,22
28781,40
28782,19
28783,18
28784,63
28785,18
28786,28
28787,34
28788,32
28789,38
28790,49
28791,51
28792,64
28793,63
28794,54
28795,50
28796,44
28797,51
28798,64
28799,32
28800,18
28801,30
28802,50
28803,50
28804,42
28805,64
28806,54
28807,49
28808,57
28809,31
28810,38
28811,25
28812,23
28813,19
28814,22
28815,22
28816,43
28817,30
28818,34
28819,26
28820,36
28821,46
28822,38
28823,50
28824,22
28825,55
28826,56
28827,21
28828,35
28829,34
28830,23
28831,27
28832,43
28833,55
28834,45
28835,45
28836,47
28837,56
28838,30
28839,51
28840,54
28841,40
28842,47
28843,37
28844,44
28845,18
28846,20
28847,48
28848,26
28849,41
28850,45
28851,52
28852,20
28853,47
28854,55
28855,62
28856,61
28857,47
28858,34
28859,48
28860,51
28861,35
28862,38
28863,22
28864,58
28865,42
28866,29
28867,27
28868,51
28869,62
28870,55
28871,27
28872,52
28873,28
28874,31
28875,51
28876,18
28877,30
28878,39
28879,35
28880,22
28881,40
28882,19
28883,18
28884,63
28885,18
28886,28
28887,34
28888,32
28889,38
28890,49
28891,51
28892,64
28893,63
28894,54
28895,50
28896,44
28897,51
28898,64
28899,32
28900,18
28901,30
28902,50
28903,50
28904,42
28905,64
28906,54
28907,49
28908,57
28909,31
28910,38
28911,25
28912,23
28913,19
28914,22
28915,22
28916,43
28917,30
28918,34
28919,26
28920,36
28921,46
28922,38
28923,50
28924,22
28925,55
28926,56
28927,21
28928,35
28929,34
28930,23
28931,27
28932,43
28933,55
28934,45
28935,45
28936,47
28937,56
28938,30
28939,51
28940,54
28941,40
28942,47
28943,37
28944,44
28945,18
28946,20
28947,48
28948,26
28949,41
28950,45
28951,52
28952,20
28953,47
28954,55
28955,62
28956,61
28957,47
28958,34
28959,48
28960,51
28961,35
28962,38
28963,22
28964,58
28965,42
28966,29
28967,27
28968,51
28969,62
28970,55
28971,27
28972,52
28973,28
28974,31
28975,51
28976,18
28977,30
28978,39
28979,35
28980,22
28981,40
28982,19
28983,18
28984,63
28985,18
28986,28
28987,34
28988,32
28989,38
28990,49
28991,51
28992,64
28993,63
28994,54
28995,50
28996,44
28997,51
28998,64
28999,32
29000,18
29001,30
29002,50
29003,50
29004,42
29005,64
29006,54
29007,49
29008,57
29009,31
29010,38
29011,25
29012,23
29013,19
29014,22
29015,22
29016,43
29017,30
29018,34
29019,26
29020,36
29021,46
29022,38
29023,50
29024,22
29025,55
29026,56
29027,21
29028,35
29029,34
29030,23
29031,27
29032,43
29033,55
29034,45
29035,45
29036,47
29037,56
29038,30
29039,51
29040,54
29041,40
29042,47
29043,37
29044,44
29045,18
29046,20
29047,48
29048,26
29049,41
29050,45
29051,52
29052,20
29053,47
29054,55
29055,62
29056,61
29057,47
29058,34
29059,48
29060,51
29061,35
29062,38
29063,22
29064,58
29065,42
29066,29
29067,27
29068,51
29069,62
29070,55
29071,27
29072,52
29073,28
29074,31
29075,51
29076,18
29077,30
29078,39
29079,35
29080,22
29081,40
29082,19
29083,18
29084,63
29085,18
29086,28
29087,34
29088,32
29089,38
29090,49
29091,51
29092,64
29093,63
29094,54
29095,50
29096,44
29097,51
29098,64
29099,32
29100,18
29101,30
29102,50
29103,50
29104,42
29105,64
29106,54
29107,49
29108,57
29109,31
29110,38
29111,25
29112,23
29113,19
29114,22
29115,22
29116,43
29117,30
29118,34
29119,26
29120,36
29121,46
29122,38
29123,50
29124,22
29125,55
29126,56
29127,21
29128,35
29129,34
29130,23
29131,27
29132,43
29133,55
29134,45
29135,45
29136,47
29137,56
29138,30
29139,51
29140,54
29141,40
29142,47
29143,37
29144,44
29145,18
29146,20
29147,48
29148,26
29149,41
29150,45
29151,52
29152,20
29153,47
29154,55
29155,62
29156,61
29157,47
29158,34
29159,48
29160,51
29161,35
29162,38
29163,22
29164,58
29165,42
29166,29
29167,27
29168,51
29169,62
29170,55
29171,27
29172,52
29173,28
29174,31
29175,51
29176,18
29177,30
29178,39
29179,35
29180,22
29181,40
29182,19
29183,18
29184,63
29185,18
29186,28
29187,34
29188,32
29189,38
29190,49
29191,51
29192,64
29193,63
29194,54
29195,50
29196,44
29197,51
29198,64
29199,32
29200,18
29201,30
29202,50
29203,50
29204,42
29205,64
29206,54
29207,49
29208,57
29209,31
29210,38
29211,25
29212,23
29213,19
29214,22
29215,22
29216,43
29217,30
29218,34
29219,26
29220,36
29221,46
29222,38
29223,50
29224,22
29225,55
29226,56
29227,21
29228,35
29229,34
29230,23
29231,27
29232,43
29233,55
29234,45
29235,45
29236,47
29237,56
29238,30
29239,51
29240,54
29241,40
29242,47
29243,37
29244,44
29245,18
29246,20
29247,48
29248,26
29249,41
29250,45
29251,52
29252,20
29253,47
29254,55
29255,62
29256,61
29257,47
29258,34
29259,48
29260,51
29261,35
29262,38
29263,22
29264,58
29265,42
29266,29
29267,27
29268,51
29269,62
29270,55
29271,27
29272,52
29273,28
29274,31
29275,51
29276,18
29277,30
29278,39
29279,35
29280,22
29281,40
29282,19
29283,18
29284,63
29285,18
29286,28
29287,34
29288,32
29289,38
29290,49
29291,51
29292,64
29293,63
29294,54
29295,50
29296,44
29297,51
29298,64
29299,32
29300,18
29301,30
29302,50
29303,50
29304,42
29305,64
29306,54
29307,49
29308,57
29309,31
29310,38
29311,25
29312,23
29313,19
29314,22
29315,22
29316,43
29317,30
29318,34
29319,26
29320,36
29321,46
29322,38
29323,50
29324,22
29325,55
29326,56
29327,21
29328,35
29329,34
29330,23
29331,27
29332,43
29333,55
29334,45
29335,45
29336,47
29337,56
29338,30
29339,51
29340,54
29341,40
29342,47
29343,37
29344,44
29345,18
29346,20
29347,48
29348,26
29349,41
29350,45
29351,52
29352,20
29353,47
29354,55
29355,62
29356,61
29357,47
29358,34
29359,48
29360,51
29361,35
29362,38
29363,22
29364,58
29365,42
29366,29
29367,27
29368,51
29369,62
29370,55
29371,27
29372,52
29373,28
29374,31
29375,51
29376,18
29377,30
29378,39
29379,35
29380,22
29381,40
29382,19
29383,18
29384,63
29385,18
29386,28
29387,34
29388,32
29389,38
29390,49
29391,51
29392,64
29393,63
29394,54
29395,50
29396,44
29397,51
29398,64
29399,32
29400,18
29401,30
29402,50
29403,50
29404,42
29405,64
29406,54
29407,49
29408,57
29409,31
29410,38
29411,25
29412,23
29413,19
29414,22
29415,22
29416,43
29417,30
29418,34
29419,26
29420,36
29421,46
29422,38
29423,50
29424,22
29425,55
29426,56
29427,21
29428,35
29429,34
29430,23
29431,27
29432,43
29433,55
29434,45
29435,45
29436,47
29437,56
29438,30
29439,51
29440,54
29441,40
29442,47
29443,37
29444,44
29445,18
29446,20
29447,48
29448,26
29449,41
29450,45
29451,52
29452,20
29453,47
29454,55
29455,62
29456,61
29457,47
29458,34
29459,48
29460,51
29461,35
29462,38
29463,22
29464,58
29465,42
29466,29
29467,27
29468,51
29469,62
29470,55
29471,27
29472,52
29473,28
29474,31
29475,51
29476,18
29477,30
29478,39
29479,35
29480,22
29481,40
29482,19
29483,18
29484,63
29485,18
29486,28
29487,34
29488,32
29489,38
29490,49
29491,51
29492,64
29493,63
29494,54
29495,50
29496,44
29497,51
29498,64
29499,32
29500,18
29501,30
29502,50
29503,50
29504,42
29505,64
29506,54
29507,49
29508,57
29509,31
29510,38
29511,25
29512,23
29513,19
29514,22
29515,22
29516,43
29517,30
29518,34
29519,26
29520,36
29521,46
29522,38
29523,50
29524,22
29525,55
29526,56
29527,21
29528,35
29529,34
29530,23
29531,27
29532,43
29533,55
29534,45
29535,45
29536,47
29537,56
29538,30
29539,51
29540,54
29541,40
29542,47
29543,37
29544,44
29545,18
29546,20
29547,48
29548,26
29549,41
29550,45
29551,52
29552,20
29553,47
29554,55
29555,62
29556,61
29557,47
29558,34
29559,48
29560,51
29561,35
29562,38
29563,22
29564,58
29565,42
29566,29
29567,27
29568,51
29569,62
29570,55
29571,27
29572,52
29573,28
29574,31
29575,51
29576,18
29577,30
29578,39
29579,35
29580,22
29581,40
29582,19
29583,18
29584,63
29585,18
29586,28
29587,34
29588,32
29589,38
29590,49
29591,51
29592,64
29593,63
29594,54
29595,50
29596,44
29597,51
29598,64
29599,32
29600,18
29601,30
29602,50
29603,50
29604,42
29605,64
29606,54
29607,49
29608,57
29609,31
29610,38
29611,25
29612,23
29613,19
29614,22
29615,22
29616,43
29617,30
29618,34
29619,26
29620,36
29621,46
29622,38
29623,50
29624,22
29625,55
29626,56
29627,21
29628,35
29629,34
29630,23
29631,27
29632,43
29633,55
29634,45
29635,45
29636,47
29637,56
29638,30
29639,51
29640,54
29641,40
29642,47
29643,37
29644,44
29645,18
29646,20
29647,48
29648,26
29649,41
29650,45
29651,52
29652,20
29653,47
29654,55
29655,62
29656,61
29657,47
29658,34
29659,48
29660,51
29661,35
29662,38
29663,22
29664,58
29665,42
29666,29
29667,27
29668,51
29669,62
29670,55
29671,27
29672,52
29673,28
29674,31
29675,51
29676,18
29677,30
29678,39
29679,35
29680,22
29681,40
29682,19
29683,18
29684,63
29685,18
29686,28
29687,34
29688,32
29689,38
29690,49
29691,51
29692,64
29693,63
29694,54
29695,50
29696,44
29697,51
29698,64
29699,32
29700,18
29701,30
29702,50
29703,50
29704,42
29705,64
29706,54
29707,49
29708,57
29709,31
29710,38
29711,25
29712,23
29713,19
29714,22
29715,22
29716,43
29717,30
29718,34
29719,26
29720,36
29721,46
29722,38
29723,50
29724,22
29725,55
29726,56
29727,21
29728,35
29729,34
29730,23
29731,27
29732,43
29733,55
29734,45
29735,45
29736,47
29737,56
29738,30
29739,51
29740,54
29741,40
29742,47
29743,37
29744,44
29745,18
29746,20
29747,48
29748,26
29749,41
29750,45
29751,52
29752,20
29753,47
29754,55
29755,62
29756,61
29757,47
29758,34
29759,48
29760,51
29761,35
29762,38
29763,22
29764,58
29765,42
29766,29
29767,27
29768,51
29769,62
29770,55
29771,27
29772,52
29773,28
29774,31
29775,51
29776,18
29777,30
29778,39
29779,35
29780,22
29781,40
29782,19
29783,18
29784,63
29785,18
29786,28
29787,34
29788,32
29789,38
29790,49
29791,51
29792,64
29793,63
29794,54
29795,50
29796,44
29797,51
29798,64
29799,32
29800,18
29801,30
29802,50
29803,50
29804,42
29805,64
29806,54
29807,49
29808,57
29809,31
29810,38
29811,25
29812,23
29813,19
29814,22
29815,22
29816,43
29817,30
29818,34
29819,26
29820,36
29821,46
29822,38
29823,50
29824,22
29825,55
29826,56
29827,21
29828,35
29829,34
29830,23
29831,27
29832,43
29833,55
29834,45
29835,45
29836,47
29837,56
29838,30
29839,51
29840,54
29841,40
29842,47
29843,37
29844,44
29845,18
29846,20
29847,48
29848,26
29849,41
29850,45
29851,52
29852,20
29853,47
29854,55
29855,62
29856,61
29857,47
29858,34
29859,48
29860,51
29861,35
29862,38
29863,22
29864,58
29865,42
29866,29
29867,27
29868,51
29869,62
29870,55
29871,27
29872,52
29873,28
29874,31
29875,51
29876,18
29877,30
29878,39
29879,35
29880,22
29881,40
29882,19
29883,18
29884,63
29885,18
29886,28
29887,34
29888,32
29889,38
29890,49
29891,51
29892,64
29893,63
29894,54
29895,50
29896,44
29897,51
29898,64
29899,32
29900,18
29901,30
29902,50
29903,50
29904,42
29905,64
29906,54
29907,49
29908,57
29909,31
29910,38
29911,25
29912,23
29913,19
29914,22
29915,22
29916,43
29917,30
29918,34
29919,26
29920,36
29921,46
29922,38
29923,50
29924,22
29925,55
29926,56
29927,21
29928,35
29929,34
29930,23
29931,27
29932,43
29933,55
29934,45
29935,45
29936,47
29937,56
29938,30
29939,51
29940,54
29941,40
29942,47
29943,37
29944,44
29945,18
29946,20
29947,48
29948,26
29949,41
29950,45
29951,52
29952,20
29953,47
29954,55
29955,62
29956,61
29957,47
29958,34
29959,48
29960,51
29961,35
29962,38
29963,22
29964,58
29965,42
29966,29
29967,27
29968,51
29969,62
29970,55
29971,27
29972,52
29973,28
29974,31
29975,51
29976,18
29977,30
29978,39
29979,35
29980,22
29981,40
29982,19
29983,18
29984,63
29985,18
29986,28
29987,34
29988,32
29989,38
29990,49
29991,51
29992,64
29993,63
29994,54
29995,50
29996,44
29997,51
29998,64
29999,32
30000,18
30001,30
30002,50
30003,50
30004,42
30005,64
30006,54
30007,49
30008,57
30009,31
30010,38
30011,25
30012,23
30013,19
30014,22
30015,22
30016,43
30017,30
30018,34
30019,26
30020,36
30021,46
30022,38
30023,50
30024,22
30025,55
30026,56
30027,21
30028,35
30029,34
30030,23
30031,27
30032,43
30033,55
30034,45
30035,45
30036,47
30037,56
30038,30
30039,51
30040,54
30041,40
30042,47
30043,37
30044,44
30045,18
30046,20
30047,48
30048,26
30049,41
30050,45
30051,52
30052,20
30053,47
30054,55
30055,62
30056,61
30057,47
30058,34
30059,48
30060,51
30061,35
30062,38
30063,22
30064,58
30065,42
30066,29
30067,27
30068,51
30069,62
30070,55
30071,27
30072,52
30073,28
30074,31
30075,51
30076,18
30077,30
30078,39
30079,35
30080,22
30081,40
30082,19
30083,18
30084,63
30085,18
30086,28
30087,34
30088,32
30089,38
30090,49
30091,51
30092,64
30093,63
30094,54
30095,50
30096,44
30097,51
30098,64
30099,32
30100,18
30101,30
30102,50
30103,50
30104,42
30105,64
30106,54
30107,49
30108,57
30109,31
30110,38
30111,25
30112,23
30113,19
30114,22
30115,22
30116,43
30117,30
30118,34
30119,26
30120,36
30121,46
30122,38
30123,50
30124,22
30125,55
30126,56
30127,21
30128,35
30129,34
30130,23
30131,27
30132,43
30133,55
30134,45
30135,45
30136,47
30137,56
30138,30
30139,51
30140,54
30141,40
30142,47
30143,37
30144,44
30145,18
30146,20
30147,48
30148,26
30149,41
30150,45
30151,52
30152,20
30153,47
30154,55
30155,62
30156,61
30157,47
30158,34
30159,48
30160,51
30161,35
30162,38
30163,22
30164,58
30165,42
30166,29
30167,27
30168,51
30169,62
30170,55
30171,27
30172,52
30173,28
30174,31
30175,51
30176,18
30177,30
30178,39
30179,35
30180,22
30181,40
30182,19
30183,18
30184,63
30185,18
30186,28
30187,34
30188,32
30189,38
30190,49
30191,51
30192,64
30193,63
30194,54
30195,50
30196,44
30197,51
30198,64
30199,32
30200,18
30201,30
30202,50
30203,50
30204,42
30205,64
30206,54
30207,49
30208,57
30209,31
30210,38
30211,25
30212,23
30213,19
30214,22
30215,22
30216,43
30217,30
30218,34
30219,26
30220,36
30221,46
30222,38
30223,50
30224,22
30225,55
30226,56
30227,21
30228,35
30229,34
30230,23
30231,27
30232,43
30233,55
30234,45
30235,45
30236,47
30237,56
30238,30
30239,51
30240,54
30241,40
30242,47
30243,37
30244,44
30245,18
30246,20
30247,48
30248,26
30249,41
30250,45
30251,52
30252,20
30253,47
30254,55
30255,62
30256,61
30257,47
30258,34
30259,48
30260,51
30261,35
30262,38
30263,22
30264,58
30265,42
30266,29
30267,27
30268,51
30269,62
30270,55
30271,27
30272,52
30273,28
30274,31
30275,51
30276,18
30277,30
30278,39
30279,35
30280,22
30281,40
30282,19
30283,18
30284,63
30285,18
30286,28
30287,34
30288,32
30289,38
30290,49
30291,51
30292,64
30293,63
30294,54
30295,50
30296,44
30297,51
30298,64
30299,32
30300,18
30301,30
30302,50
30303,50
30304,42
30305,64
30306,54
30307,49
30308,57
30309,31
30310,38
30311,25
30312,23
30313,19
30314,22
30315,22
30316,43
30317,30
30318,34
30319,26
30320,36
30321,46
30322,38
30323,50
30324,22
30325,55
30326,56
30327,21
30328,35
30329,34
30330,23
30331,27
30332,43
30333,55
30334,45
30335,45
30336,47
30337,56
30338,30
30339,51
30340,54
30341,40
30342,47
30343,37
30344,44
30345,18
30346,20
30347,48
30348,26
30349,41
30350,45
30351,52
30352,20
30353,47
30354,55
30355,62
30356,61
30357,47
30358,34
30359,48
30360,51
30361,35
30362,38
30363,22
30364,58
30365,42
30366,29
30367,27
30368,51
30369,62
30370,55
30371,27
30372,52
30373,28
30374,31
30375,51
30376,18
30377,30
30378,39
30379,35
30380,22
30381,40
30382,19
30383,18
30384,63
30385,18
30386,28
30387,34
30388,32
30389,38
30390,49
30391,51
30392,64
30393,63
30394,54
30395,50
30396,44
30397,51
30398,64
30399,32
30400,18
30401,30
30402,50
30403,50
30404,42
30405,64
30406,54
30407,49
30408,57
30409,31
30410,38
30411,25
30412,23
30413,19
30414,22
30415,22
30416,43
30417,30
30418,34
30419,26
30420,36
30421,46
30422,38
30423,50
30424,22
30425,55
30426,56
30427,21
30428,35
30429,34
30430,23
30431,27
30432,43
30433,55
30434,45
30435,45
30436,47
30437,56
30438,30
30439,51
30440,54
30441,40
30442,47
30443,37
30444,44
30445,18
30446,20
30447,48
30448,26
30449,41
30450,45
30451,52
30452,20
30453,47
30454,55
30455,62
30456,61
30457,47
30458,34
30459,48
30460,51
30461,35
30462,38
30463,22
30464,58
30465,42
30466,29
30467,27
30468,51
30469,62
30470,55
30471,27
30472,52
30473,28
30474,31
30475,51
30476,18
30477,30
30478,39
30479,35
30480,22
30481,40
30482,19
30483,18
30484,63
30485,18
30486,28
30487,34
30488,32
30489,38
30490,49
30491,51
30492,64
30493,63
30494,54
30495,50
30496,44
30497,51
30498,64
30499,32
30500,18
30501,30
30502,50
30503,50
30504,42
30505,64
30506,54
30507,49
30508,57
30509,31
30510,38
30511,25
30512,23
30513,19
30514,22
30515,22
30516,43
30517,30
30518,34
30519,26
30520,36
30521,46
30522,38
30523,50
30524,22
30525,55
30526,56
30527,21
30528,35
30529,34
30530,23
30531,27
30532,43
30533,55
30534,45
30535,45
30536,47
30537,56
30538,30
30539,51
30540,54
30541,40
30542,47
30543,37
30544,44
30545,18
30546,20
30547,48
30548,26
30549,41
30550,45
30551,52
30552,20
30553,47
30554,55
30555,62
30556,61
30557,47
30558,34
30559,48
30560,51
30561,35
30562,38
30563,22
30564,58
30565,42
30566,29
30567,27
30568,51
30569,62
30570,55
30571,27
30572,52
30573,28
30574,31
30575,51
30576,18
30577,30
30578,39
30579,35
30580,22
30581,40
30582,19
30583,18
30584,63
30585,18
30586,28
30587,34
30588,32
30589,38
30590,49
30591,51
30592,64
30593,63
30594,54
30595,50
30596,44
30597,51
30598,64
30599,32
30600,18
30601,30
30602,50
30603,50
30604,42
30605,64
30606,54
30607,49
30608,57
30609,31
30610,38
30611,25
30612,23
30613,19
30614,22
30615,22
30616,43
30617,30
30618,34
30619,26
30620,36
30621,46
30622,38
30623,50
30624,22
30625,55
30626,56
30627,21
30628,35
30629,34
30630,23
30631,27
30632,43
30633,55
30634,45
30635,45
30636,47
30637,56
30638,30
30639,51
30640,54
30641,40
30642,47
30643,37
30644,44
30645,18
30646,20
30647,48
30648,26
30649,41
30650,45
30651,52
30652,20
30653,47
30654,55
30655,62
30656,61
30657,47
30658,34
30659,48
30660,51
30661,35
30662,38
30663,22
30664,58
30665,42
30666,29
30667,27
30668,51
30669,62
30670,55
30671,27
30672,52
30673,28
30674,31
30675,51
30676,18
30677,30
30678,39
30679,35
30680,22
30681,40
30682,19
30683,18
30684,63
30685,18
30686,28
30687,34
30688,32
30689,38
30690,49
30691,51
30692,64
30693,63
30694,54
30695,50
30696,44
30697,51
30698,64
30699,32
30700,18
30701,30
30702,50
30703,50
30704,42
30705,64
30706,54
30707,49
30708,57
30709,31
30710,38
30711,25
30712,23
30713,19
30714,22
30715,22
30716,43
30717,30
30718,34
30719,26
30720,36
30721,46
30722,38
30723,50
30724,22
30725,55
30726,56
30727,21
30728,35
30729,34
30730,23
30731,27
30732,43
30733,55
30734,45
30735,45
30736,47
30737,56
30738,30
30739,51
30740,54
30741,40
30742,47
30743,37
30744,44
30745,18
30746,20
30747,48
30748,26
30749,41
30750,45
30751,52
30752,20
30753,47
30754,55
30755,62
30756,61
30757,47
30758,34
30759,48
30760,51
30761,35
30762,38
30763,22
30764,58
30765,42
30766,29
30767,27
30768,51
30769,62
30770,55
30771,27
30772,52
30773,28
30774,31
30775,51
30776,18
30777,30
30778,39
30779,35
30780,22
30781,40
30782,19
30783,18
30784,63
30785,18
30786,28
30787,34
30788,32
30789,38
30790,49
30791,51
30792,64
30793,63
30794,54
30795,50
30796,44
30797,51
30798,64
30799,32
30800,18
30801,30
30802,50
30803,50
30804,42
30805,64
30806,54
30807,49
30808,57
30809,31
30810,38
30811,25
30812,23
30813,19
30814,22
30815,22
30816,43
30817,30
30818,34
30819,26
30820,36
30821,46
30822,38
30823,50
30824,22
30825,55
30826,56
30827,21
30828,35
30829,34
30830,23
30831,27
30832,43
30833,55
30834,45
30835,45
30836,47
30837,56
30838,30
30839,51
30840,54
30841,40
30842,47
30843,37
30844,44
30845,18
30846,20
30847,48
30848,26
30849,41
30850,45
30851,52
30852,20
30853,47
30854,55
30855,62
30856,61
30857,47
30858,34
30859,48
30860,51
30861,35
30862,38
30863,22
30864,58
30865,42
30866,29
30867,27
30868,51
30869,62
30870,55
30871,27
30872,52
30873,28
30874,31
30875,51
30876,18
30877,30
30878,39
30879,35
30880,22
30881,40
30882,19
30883,18
30884,63
30885,18
30886,28
30887,34
30888,32
30889,38
30890,49
30891,51
30892,64
30893,63
30894,54
30895,50
30896,44
30897,51
30898,64
30899,32
30900,18
30901,30
30902,50
30903,50
30904,42
30905,64
30906,54
30907,49
30908,57
30909,31
30910,38
30911,25
30912,23
30913,19
30914,22
30915,22
30916,43
30917,30
30918,34
30919,26
30920,36
30921,46
30922,38
30923,50
30924,22
30925,55
30926,56
30927,21
30928,35
30929,34
30930,23
30931,27
30932,43
30933,55
30934,45
30935,45
30936,47
30937,56
30938,30
30939,51
30940,54
30941,40
30942,47
30943,37
30944,44
30945,18
30946,20
30947,48
30948,26
30949,41
30950,45
30951,52
30952,20
30953,47
30954,55
30955,62
30956,61
30957,47
30958,34
30959,48
30960,51
30961,35
30962,38
30963,22
30964,58
30965,42
30966,29
30967,27
30968,51
30969,62
30970,55
30971,27
30972,52
30973,28
30974,31
30975,51
30976,18
30977,30
30978,39
30979,35
30980,22
30981,40
30982,19
30983,18
30984,63
30985,18
30986,28
30987,34
30988,32
30989,38
30990,49
30991,51
30992,64
30993,63
30994,54
30995,50
30996,44
30997,51
30998,64
30999,32
31000,18
31001,30
31002,50
31003,50
31004,42
31005,64
31006,54
31007,49
31008,57
31009,31
31010,38
31011,25
31012,23
31013,19
31014,22
31015,22
31016,43
31017,30
31018,34
31019,26
31020,36
31021,46
31022,38
31023,50
31024,22
31025,55
31026,56
31027,21
31028,35
31029,34
31030,23
31031,27
31032,43
31033,55
31034,45
31035,45
31036,47
31037,56
31038,30
31039,51
31040,54
31041,40
31042,47
31043,37
31044,44
31045,18
31046,20
31047,48
31048,26
31049,41
31050,45
31051,52
31052,20
31053,47
31054,55
31055,62
31056,61
31057,47
31058,34
31059,48
31060,51
31061,35
31062,38
31063,22
31064,58
31065,42
31066,29
31067,27
31068,51
31069,62
31070,55
31071,27
31072,52
31073,28
31074,31
31075,51
31076,18
31077,30
31078,39
31079,35
31080,22
31081,40
31082,19
31083,18
31084,63
31085,18
31086,28
31087,34
31088,32
31089,38
31090,49
31091,51
31092,64
31093,63
31094,54
31095,50
31096,44
31097,51
31098,64
31099,32
31100,18
31101,30
31102,50
31103,50
31104,42
31105,64
31106,54
31107,49
31108,57
31109,31
31110,38
31111,25
31112,23
31113,19
31114,22
31115,22
31116,43
31117,30
31118,34
31119,26
31120,36
31121,46
31122,38
31123,50
31124,22
31125,55
31126,56
31127,21
31128,35
31129,34
31130,23
31131,27
31132,43
31133,55
31134,45
31135,45
31136,47
31137,56
31138,30
31139,51
31140,54
31141,40
31142,47
31143,37
31144,44
31145,18
31146,20
31147,48
31148,26
31149,41
31150,45
31151,52
31152,20
31153,47
31154,55
31155,62
31156,61
31157,47
31158,34
31159,48
31160,51
31161,35
31162,38
31163,22
31164,58
31165,42
31166,29
31167,27
31168,51
31169,62
31170,55
31171,27
31172,52
31173,28
31174,31
31175,51
31176,18
31177,30
31178,39
31179,35
31180,22
31181,40
31182,19
31183,18
31184,63
31185,18
31186,28
31187,34
31188,32
31189,38
31190,49
31191,51
31192,64
31193,63
31194,54
31195,50
31196,44
31197,51
31198,64
31199,32
31200,18
31201,30
31202,50
31203,50
31204,42
31205,64
31206,54
31207,49
31208,57
31209,31
31210,38
31211,25
31212,23
31213,19
31214,22
31215,22
31216,43
31217,30
31218,34
31219,26
31220,36
31221,46
31222,38
31223,50
31224,22
31225,55
31226,56
31227,21
31228,35
31229,34
31230,23
31231,27
31232,43
31233,55
31234,45
31235,45
31236,47
31237,56
31238,30
31239,51
31240,54
31241,40
31242,47
31243,37
31244,44
31245,18
31246,20
31247,48
31248,26
31249,41
31250,45
31251,52
31252,20
31253,47
31254,55
31255,62
31256,61
31257,47
31258,34
31259,48
31260,51
31261,35
31262,38
31263,22
31264,58
31265,42
31266,29
31267,27
31268,51
31269,62
31270,55
31271,27
31272,52
31273,28
31274,31
31275,51
31276,18
31277,30
31278,39
31279,35
31280,22
31281,40
31282,19
31283,18
31284,63
31285,18
31286,28
31287,34
31288,32
31289,38
31290,49
31291,51
31292,64
31293,63
31294,54
31295,50
31296,44
31297,51
31298,64
31299,32
31300,18
31301,30
31302,50
31303,50
31304,42
31305,64
31306,54
31307,49
31308,57
31309,31
31310,38
31311,25
31312,23
31313,19
31314,22
31315,22
31316,43
31317,30
31318,34
31319,26
31320,36
31321,46
31322,38
31323,50
31324,22
31325,55
31326,56
31327,21
31328,35
31329,34
31330,23
31331,27
31332,43
31333,55
31334,45
31335,45
31336,47
31337,56
31338,30
31339,51
31340,54
31341,40
31342,47
31343,37
31344,44
31345,18
31346,20
31347,48
31348,26
31349,41
31350,45
31351,52
31352,20
31353,47
31354,55
31355,62
31356,61
31357,47
31358,34
31359,48
31360,51
31361,35
31362,38
31363,22
31364,58
31365,42
31366,29
31367,27
31368,51
31369,62
31370,55
31371,27
31372,52
31373,28
31374,31
31375,51
31376,18
31377,30
31378,39
31379,35
31380,22
31381,40
31382,19
31383,18
31384,63
31385,18
31386,28
31387,34
31388,32
31389,38
31390,49
31391,51
31392,64
31393,63
31394,54
31395,50
31396,44
31397,51
31398,64
31399,32
31400,18
31401,30
31402,50
31403,50
31404,42
31405,64
31406,54
31407,49
31408,57
31409,31
31410,38
31411,25
31412,23
31413,19
31414,22
31415,22
31416,43
31417,30
31418,34
31419,26
31420,36
31421,46
31422,38
31423,50
31424,22
31425,55
31426,56
31427,21
31428,35
31429,34
31430,23
31431,27
31432,43
31433,55
31434,45
31435,45
31436,47
31437,56
31438,30
31439,51
31440,54
31441,40
31442,47
31443,37
31444,44
31445,18
31446,20
31447,48
31448,26
31449,41
31450,45
31451,52
31452,20
31453,47
31454,55
31455,62
31456,61
31457,47
31458,34
31459,48
31460,51
31461,35
31462,38
31463,22
31464,58
31465,42
31466,29
31467,27
31468,51
31469,62
31470,55
31471,27
31472,52
31473,28
31474,31
31475,51
31476,18
31477,30
31478,39
31479,35
31480,22
31481,40
31482,19
31483,18
31484,63
31485,18
31486,28
31487,34
31488,32
31489,38
31490,49
31491,51
31492,64
31493,63
31494,54
31495,50
31496,44
31497,51
31498,64
31499,32
31500,18
31501,30
31502,50
31503,50
31504,42
31505,64
31506,54
31507,49
31508,57
31509,31
31510,38
31511,25
31512,23
31513,19
31514,22
31515,22
31516,43
31517,30
31518,34
31519,26
31520,36
31521,46
31522,38
31523,50
31524,22
31525,55
31526,56
31527,21
31528,35
31529,34
31530,23
31531,27
31532,43
31533,55
31534,45
31535,45
31536,47
31537,56
31538,30
31539,51
31540,54
31541,40
31542,47
31543,37
31544,44
31545,18
31546,20
31547,48
31548,26
31549,41
31550,45
31551,52
31552,20
31553,47
31554,55
31555,62
31556,61
31557,47
31558,34
31559,48
31560,51
31561,35
31562,38
31563,22
31564,58
31565,42
31566,29
31567,27
31568,51
31569,62
31570,55
31571,27
31572,52
31573,28
31574,31
31575,51
31576,18
31577,30
31578,39
31579,35
31580,22
31581,40
31582,19
31583,18
31584,63
31585,18
31586,28
31587,34
31588,32
31589,38
31590,49
31591,51
31592,64
31593,63
31594,54
31595,50
31596,44
31597,51
31598,64
31599,32
31600,18
31601,30
31602,50
31603,50
31604,42
31605,64
31606,54
31607,49
31608,57
31609,31
31610,38
31611,25
31612,23
31613,19
31614,22
31615,22
31616,43
31617,30
31618,34
31619,26
31620,36
31621,46
31622,38
31623,50
31624,22
31625,55
31626,56
31627,21
31628,35
31629,34
31630,23
31631,27
31632,43
31633,55
31634,45
31635,45
31636,47
31637,56
31638,30
31639,51
31640,54
31641,40
31642,47
31643,37
31644,44
31645,18
31646,20
31647,48
31648,26
31649,41
31650,45
31651,52
31652,20
31653,47
31654,55
31655,62
31656,61
31657,47
31658,34
31659,48
31660,51
31661,35
31662,38
31663,22
31664,58
31665,42
31666,29
31667,27
31668,51
31669,62
31670,55
31671,27
31672,52
31673,28
31674,31
31675,51
31676,18
31677,30
31678,39
31679,35
31680,22
31681,40
31682,19
31683,18
31684,63
31685,18
31686,28
31687,34
31688,32
31689,38
31690,49
31691,51
31692,64
31693,63
31694,54
31695,50
31696,44
31697,51
31698,64
31699,32
31700,18
31701,30
31702,50
31703,50
31704,42
31705,64
31706,54
31707,49
31708,57
31709,31
31710,38
31711,25
31712,23
31713,19
31714,22
31715,22
31716,43
31717,30
31718,34
31719,26
31720,36
31721,46
31722,38
31723,50
31724,22
31725,55
31726,56
31727,21
31728,35
31729,34
31730,23
31731,27
31732,43
31733,55
31734,45
31735,45
31736,47
31737,56
31738,30
31739,51
31740,54
31741,40
31742,47
31743,37
31744,44
31745,18
31746,20
31747,48
31748,26
31749,41
31750,45
31751,52
31752,20
31753,47
31754,55
31755,62
31756,61
31757,47
31758,34
31759,48
31760,51
31761,35
31762,38
31763,22
31764,58
31765,42
31766,29
31767,27
31768,51
31769,62
31770,55
31771,27
31772,52
31773,28
31774,31
31775,51
31776,18
31777,30
31778,39
31779,35
31780,22
31781,40
31782,19
31783,18
31784,63
31785,18
31786,28
31787,34
31788,32
31789,38
31790,49
31791,51
31792,64
31793,63
31794,54
31795,50
31796,44
31797,51
31798,64
31799,32
31800,18
31801,30
31802,50
31803,50
31804,42
31805,64
31806,54
31807,49
31808,57
31809,31
31810,38
31811,25
31812,23
31813,19
31814,22
31815,22
31816,43
31817,30
31818,34
31819,26
31820,36
31821,46
31822,38
31823,50
31824,22
31825,55
31826,56
31827,21
31828,35
31829,34
31830,23
31831,27
31832,43
31833,55
31834,45
31835,45
31836,47
31837,56
31838,30
31839,51
31840,54
31841,40
31842,47
31843,37
31844,44
31845,18
31846,20
31847,48
31848,26
31849,41
31850,45
31851,52
31852,20
31853,47
31854,55
31855,62
31856,61
31857,47
31858,34
31859,48
31860,51
31861,35
31862,38
31863,22
31864,58
31865,42
31866,29
31867,27
31868,51
31869,62
31870,55
31871,27
31872,52
31873,28
31874,31
31875,51
31876,18
31877,30
31878,39
31879,35
31880,22
31881,40
31882,19
31883,18
31884,63
31885,18
31886,28
31887,34
31888,32
31889,38
31890,49
31891,51
31892,64
31893,63
31894,54
31895,50
31896,44
31897,51
31898,64
31899,32
31900,18
31901,30
31902,50
31903,50
31904,42
31905,64
31906,54
31907,49
31908,57
31909,31
31910,38
31911,25
31912,23
31913,19
31914,22
31915,22
31916,43
31917,30
31918,34
31919,26
31920,36
31921,46
31922,38
31923,50
31924,22
31925,55
31926,56
31927,21
31928,35
31929,34
31930,23
31931,27
31932,43
31933,55
31934,45
31935,45
31936,47
31937,56
31938,30
31939,51
31940,54
31941,40
31942,47
31943,37
31944,44
31945,18
31946,20
31947,48
31948,26
31949,41
31950,45
31951,52
31952,20
31953,47
31954,55
31955,62
31956,61
31957,47
31958,34
31959,48
31960,51
31961,35
31962,38
31963,22
31964,58
31965,42
31966,29
31967,27
31968,51
31969,62
31970,55
31971,27
31972,52
31973,28
31974,31
31975,51
31976,18
31977,30
31978,39
31979,35
31980,22
31981,40
31982,19
31983,18
31984,63
31985,18
31986,28
31987,34
31988,32
31989,38
31990,49
31991,51
31992,64
31993,63
31994,54
31995,50
31996,44
31997,51
31998,64
31999,32
32000,18
32001,30
32002,50
32003,50
32004,42
32005,64
32006,54
32007,49
32008,57
32009,31
32010,38
32011,25
32012,23
32013,19
32014,22
32015,22
32016,43
32017,30
32018,34
32019,26
32020,36
32021,46
32022,38
32023,50
32024,22
32025,55
32026,56
32027,21
32028,35
32029,34
32030,23
32031,27
32032,43
32033,55
32034,45
32035,45
32036,47
32037,56
32038,30
32039,51
32040,54
32041,40
32042,47
32043,37
32044,44
32045,18
32046,20
32047,48
32048,26
32049,41
32050,45
32051,52
32052,20
32053,47
32054,55
32055,62
32056,61
32057,47
32058,34
32059,48
32060,51
32061,35
32062,38
32063,22
32064,58
32065,42
32066,29
32067,27
32068,51
32069,62
32070,55
32071,27
32072,52
32073,28
32074,31
32075,51
32076,18
32077,30
32078,39
32079,35
32080,22
32081,40
32082,19
32083,18
32084,63
32085,18
32086,28
32087,34
32088,32
32089,38
32090,49
32091,51
32092,64
32093,63
32094,54
32095,50
32096,44
32097,51
32098,64
32099,32
32100,18
32101,30
32102,50
32103,50
32104,42
32105,64
32106,54
32107,49
32108,57
32109,31
32110,38
32111,25
32112,23
32113,19
32114,22
32115,22
32116,43
32117,30
32118,34
32119,26
32120,36
32121,46
32122,38
32123,50
32124,22
32125,55
32126,56
32127,21
32128,35
32129,34
32130,23
32131,27
32132,43
32133,55
32134,45
32135,45
32136,47
32137,56
32138,30
32139,51
32140,54
32141,40
32142,47
32143,37
32144,44
32145,18
32146,20
32147,48
32148,26
32149,41
32150,45
32151,52
32152,20
32153,47
32154,55
32155,62
32156,61
32157,47
32158,34
32159,48
32160,51
32161,35
32162,38
32163,22
32164,58
32165,42
32166,29
32167,27
32168,51
32169,62
32170,55
32171,27
32172,52
32173,28
32174,31
32175,51
32176,18
32177,30
32178,39
32179,35
32180,22
32181,40
32182,19
32183,18
32184,63
32185,18
32186,28
32187,34
32188,32
32189,38
32190,49
32191,51
32192,64
32193,63
32194,54
32195,50
32196,44
32197,51
32198,64
32199,32
32200,18
32201,30
32202,50
32203,50
32204,42
32205,64
32206,54
32207,49
32208,57
32209,31
32210,38
32211,25
32212,23
32213,19
32214,22
32215,22
32216,43
32217,30
32218,34
32219,26
32220,36
32221,46
32222,38
32223,50
32224,22
32225,55
32226,56
32227,21
32228,35
32229,34
32230,23
32231,27
32232,43
32233,55
32234,45
32235,45
32236,47
32237,56
32238,30
32239,51
32240,54
32241,40
32242,47
32243,37
32244,44
32245,18
32246,20
32247,48
32248,26
32249,41
32250,45
32251,52
32252,20
32253,47
32254,55
32255,62
32256,61
32257,47
32258,34
32259,48
32260,51
32261,35
32262,38
32263,22
32264,58
32265,42
32266,29
32267,27
32268,51
32269,62
32270,55
32271,27
32272,52
32273,28
32274,31
32275,51
32276,18
32277,30
32278,39
32279,35
32280,22
32281,40
32282,19
32283,18
32284,63
32285,18
32286,28
32287,34
32288,32
32289,38
32290,49
32291,51
32292,64
32293,63
32294,54
32295,50
32296,44
32297,51
32298,64
32299,32
32300,18
32301,30
32302,50
32303,50
32304,42
32305,64
32306,54
32307,49
32308,57
32309,31
32310,38
32311,25
32312,23
32313,19
32314,22
32315,22
32316,43
32317,30
32318,34
32319,26
32320,36
32321,46
32322,38
32323,50
32324,22
32325,55
32326,56
32327,21
32328,35
32329,34
32330,23
32331,27
32332,43
32333,55
32334,45
32335,45
32336,47
32337,56
32338,30
32339,51
32340,54
32341,40
32342,47
32343,37
32344,44
32345,18
32346,20
32347,48
32348,26
32349,41
32350,45
32351,52
32352,20
32353,47
32354,55
32355,62
32356,61
32357,47
32358,34
32359,48
32360,51
32361,35
32362,38
32363,22
32364,58
32365,42
32366,29
32367,27
32368,51
32369,62
32370,55
32371,27
32372,52
32373,28
32374,31
32375,51
32376,18
32377,30
32378,39
32379,35
32380,22
32381,40
32382,19
32383,18
32384,63
32385,18
32386,28
32387,34
32388,32
32389,38
32390,49
32391,51
32392,64
32393,63
32394,54
32395,50
32396,44
32397,51
32398,64
32399,32
32400,18
32401,30
32402,50
32403,50
32404,42
32405,64
32406,54
32407,49
32408,57
32409,31
32410,38
32411,25
32412,23
32413,19
32414,22
32415,22
32416,43
32417,30
32418,34
32419,26
32420,36
32421,46
32422,38
32423,50
32424,22
32425,55
32426,56
32427,21
32428,35
32429,34
32430,23
32431,27
32432,43
32433,55
32434,45
32435,45
32436,47
32437,56
32438,30
32439,51
32440,54
32441,40
32442,47
32443,37
32444,44
32445,18
32446,20
32447,48
32448,26
32449,41
32450,45
32451,52
32452,20
32453,47
32454,55
32455,62
32456,61
32457,47
32458,34
32459,48
32460,51
32461,35
32462,38
32463,22
32464,58
32465,42
32466,29
32467,27
32468,51
32469,62
32470,55
32471,27
32472,52
32473,28
32474,31
32475,51
32476,18
32477,30
32478,39
32479,35
32480,22
32481,40
32482,19
32483,18
32484,63
32485,18
32486,28
32487,34
32488,32
32489,38
32490,49
32491,51
32492,64
32493,63
32494,54
32495,50
32496,44
32497,51
32498,64
32499,32
32500,18
32501,30
32502,50
32503,50
32504,42
32505,64
32506,54
32507,49
32508,57
32509,31
32510,38
32511,25
32512,23
32513,19
32514,22
32515,22
32516,43
32517,30
32518,34
32519,26
32520,36
32521,46
32522,38
32523,50
32524,22
32525,55
32526,56
32527,21
32528,35
32529,34
32530,23
32531,27
32532,43
32533,55
32534,45
32535,45
32536,47
32537,56
32538,30
32539,51
32540,54
32541,40
32542,47
32543,37
32544,44
32545,18
32546,20
32547,48
32548,26
32549,41
32550,45
32551,52
32552,20
32553,47
32554,55
32555,62
32556,61
32557,47
32558,34
32559,48
32560,51
32561,35
32562,38
32563,22
32564,58
32565,42
32566,29
32567,27
32568,51
32569,62
32570,55
32571,27
32572,52
32573,28
32574,31
32575,51
32576,18
32577,30
32578,39
32579,35
32580,22
32581,40
32582,19
32583,18
32584,63
32585,18
32586,28
32587,34
32588,32
32589,38
32590,49
32591,51
32592,64
32593,63
32594,54
32595,50
32596,44
32597,51
32598,64
32599,32
32600,18
32601,30
32602,50
32603,50
32604,42
32605,64
32606,54
32607,49
32608,57
32609,31
32610,38
32611,25
32612,23
32613,19
32614,22
32615,22
32616,43
32617,30
32618,34
32619,26
32620,36
32621,46
32622,38
32623,50
32624,22
32625,55
32626,56
32627,21
32628,35
32629,34
32630,23
32631,27
32632,43
32633,55
32634,45
32635,45
32636,47
32637,56
32638,30
32639,51
32640,54
32641,40
32642,47
32643,37
32644,44
32645,18
32646,20
32647,48
32648,26
32649,41
32650,45
32651,52
32652,20
32653,47
32654,55
32655,62
32656,61
32657,47
32658,34
32659,48
32660,51
32661,35
32662,38
32663,22
32664,58
32665,42
32666,29
32667,27
32668,51
32669,62
32670,55
32671,27
32672,52
32673,28
32674,31
32675,51
32676,18
32677,30
32678,39
32679,35
32680,22
32681,40
32682,19
32683,18
32684,63
32685,18
32686,28
32687,34
32688,32
32689,38
32690,49
32691,51
32692,64
32693,63
32694,54
32695,50
32696,44
32697,51
32698,64
32699,32
32700,18
32701,30
32702,50
32703,50
32704,42
32705,64
32706,54
32707,49
32708,57
32709,31
32710,38
32711,25
32712,23
32713,19
32714,22
32715,22
32716,43
32717,30
32718,34
32719,26
32720,36
32721,46
32722,38
32723,50
32724,22
32725,55
32726,56
32727,21
32728,35
32729,34
32730,23
32731,27
32732,43
32733,55
32734,45
32735,45
32736,47
32737,56
32738,30
32739,51
32740,54
32741,40
32742,47
32743,37
32744,44
32745,18
32746,20
32747,48
32748,26
32749,41
32750,45
32751,52
32752,20
32753,47
32754,55
32755,62
32756,61
32757,47
32758,34
32759,48
32760,51
32761,35
32762,38
32763,22
32764,58
32765,42
32766,29
32767,27
32768,51
32769,62
32770,55
32771,27
32772,52
32773,28
32774,31
32775,51
32776,18
32777,30
32778,39
32779,35
32780,22
32781,40
32782,19
32783,18
32784,63
32785,18
32786,28
32787,34
32788,32
32789,38
32790,49
32791,51
32792,64
32793,63
32794,54
32795,50
32796,44
32797,51
32798,64
32799,32
32800,18
32801,30
32802,50
32803,50
32804,42
32805,64
32806,54
32807,49
32808,57
32809,31
32810,38
32811,25
32812,23
32813,19
32814,22
32815,22
32816,43
32817,30
32818,34
32819,26
32820,36
32821,46
32822,38
32823,50
32824,22
32825,55
32826,56
32827,21
32828,35
32829,34
32830,23
32831,27
32832,43
32833,55
32834,45
32835,45
32836,47
32837,56
32838,30
32839,51
32840,54
32841,40
32842,47
32843,37
32844,44
32845,18
32846,20
32847,48
32848,26
32849,41
32850,45
32851,52
32852,20
32853,47
32854,55
32855,62
32856,61
32857,47
32858,34
32859,48
32860,51
32861,35
32862,38
32863,22
32864,58
32865,42
32866,29
32867,27
32868,51
32869,62
32870,55
32871,27
32872,52
32873,28
32874,31
32875,51
32876,18
32877,30
32878,39
32879,35
32880,22
32881,40
32882,19
32883,18
32884,63
32885,18
32886,28
32887,34
32888,32
32889,38
32890,49
32891,51
32892,64
32893,63
32894,54
32895,50
32896,44
32897,51
32898,64
32899,32
32900,18
32901,30
32902,50
32903,50
32904,42
32905,64
32906,54
32907,49
32908,57
32909,31
32910,38
32911,25
32912,23
32913,19
32914,22
32915,22
32916,43
32917,30
32918,34
32919,26
32920,36
32921,46
32922,38
32923,50
32924,22
32925,55
32926,56
32927,21
32928,35
32929,34
32930,23
32931,27
32932,43
32933,55
32934,45
32935,45
32936,47
32937,56
32938,30
32939,51
32940,54
32941,40
32942,47
32943,37
32944,44
32945,18
32946,20
32947,48
32948,26
32949,41
32950,45
32951,52
32952,20
32953,47
32954,55
32955,62
32956,61
32957,47
32958,34
32959,48
32960,51
32961,35
32962,38
32963,22
32964,58
32965,42
32966,29
32967,27
32968,51
32969,62
32970,55
32971,27
32972,52
32973,28
32974,31
32975,51
32976,18
32977,30
32978,39
32979,35
32980,22
32981,40
32982,19
32983,18
32984,63
32985,18
32986,28
32987,34
32988,32
32989,38
32990,49
32991,51
32992,64
32993,63
32994,54
32995,50
32996,44
32997,51
32998,64
32999,32
33000,18
33001,30
33002,50
33003,50
33004,42
33005,64
33006,54
33007,49
33008,57
33009,31
33010,38
33011,25
33012,23
33013,19
33014,22
33015,22
33016,43
33017,30
33018,34
33019,26
33020,36
33021,46
33022,38
33023,50
33024,22
33025,55
33026,56
33027,21
33028,35
33029,34
33030,23
33031,27
33032,43
33033,55
33034,45
33035,45
33036,47
33037,56
33038,30
33039,51
33040,54
33041,40
33042,47
33043,37
33044,44
33045,18
33046,20
33047,48
33048,26
33049,41
33050,45
33051,52
33052,20
33053,47
33054,55
33055,62
33056,61
33057,47
33058,34
33059,48
33060,51
33061,35
33062,38
33063,22
33064,58
33065,42
33066,29
33067,27
33068,51
33069,62
33070,55
33071,27
33072,52
33073,28
33074,31
33075,51
33076,18
33077,30
33078,39
33079,35
33080,22
33081,40
33082,19
33083,18
33084,63
33085,18
33086,28
33087,34
33088,32
33089,38
33090,49
33091,51
33092,64
33093,63
33094,54
33095,50
33096,44
33097,51
33098,64
33099,32
33100,18
33101,30
33102,50
33103,50
33104,42
33105,64
33106,54
33107,49
33108,57
33109,31
33110,38
33111,25
33112,23
33113,19
33114,22
33115,22
33116,43
33117,30
33118,34
33119,26
33120,36
33121,46
33122,38
33123,50
33124,22
33125,55
33126,56
33127,21
33128,35
33129,34
33130,23
33131,27
33132,43
33133,55
33134,45
33135,45
33136,47
33137,56
33138,30
33139,51
33140,54
33141,40
33142,47
33143,37
33144,44
33145,18
33146,20
33147,48
33148,26
33149,41
33150,45
33151,52
33152,20
33153,47
33154,55
33155,62
33156,61
33157,47
33158,34
33159,48
33160,51
33161,35
33162,38
33163,22
33164,58
33165,42
33166,29
33167,27
33168,51
33169,62
33170,55
33171,27
33172,52
33173,28
33174,31
33175,51
33176,18
33177,30
33178,39
33179,35
33180,22
33181,40
33182,19
33183,18
33184,63
33185,18
33186,28
33187,34
33188,32
33189,38
33190,49
33191,51
33192,64
33193,63
33194,54
33195,50
33196,44
33197,51
33198,64
33199,32
33200,18
33201,30
33202,50
33203,50
33204,42
33205,64
33206,54
33207,49
33208,57
33209,31
33210,38
33211,25
33212,23
33213,19
33214,22
33215,22
33216,43
33217,30
33218,34
33219,26
33220,36
33221,46
33222,38
33223,50
33224,22
33225,55
33226,56
33227,21
33228,35
33229,34
33230,23
33231,27
33232,43
33233,55
33234,45
33235,45
33236,47
33237,56
33238,30
33239,51
33240,54
33241,40
33242,47
33243,37
33244,44
33245,18
33246,20
33247,48
33248,26
33249,41
33250,45
33251,52
33252,20
33253,47
33254,55
33255,62
33256,61
33257,47
33258,34
33259,48
33260,51
33261,35
33262,38
33263,22
33264,58
33265,42
33266,29
33267,27
33268,51
33269,62
33270,55
33271,27
33272,52
33273,28
33274,31
33275,51
33276,18
33277,30
33278,39
33279,35
33280,22
33281,40
33282,19
33283,18
33284,63
33285,18
33286,28
33287,34
33288,32
33289,38
33290,49
33291,51
33292,64
33293,63
33294,54
33295,50
33296,44
33297,51
33298,64
33299,32
33300,18
33301,30
33302,50
33303,50
33304,42
33305,64
33306,54
33307,49
33308,57
33309,31
33310,38
33311,25
33312,23
33313,19
33314,22
33315,22
33316,43
33317,30
33318,34
33319,26
33320,36
33321,46
33322,38
33323,50
33324,22
33325,55
33326,56
33327,21
33328,35
33329,34
33330,23
33331,27
33332,43
33333,55
33334,45
33335,45
33336,47
33337,56
33338,30
33339,51
33340,54
33341,40
33342,47
33343,37
33344,44
33345,18
33346,20
33347,48
33348,26
33349,41
33350,45
33351,52
33352,20
33353,47
33354,55
33355,62
33356,61
33357,47
33358,34
33359,48
33360,51
33361,35
33362,38
33363,22
33364,58
33365,42
33366,29
33367,27
33368,51
33369,62
33370,55
33371,27
33372,52
33373,28
33374,31
33375,51
33376,18
33377,30
33378,39
33379,35
33380,22
33381,40
33382,19
33383,18
33384,63
33385,18
33386,28
33387,34
33388,32
33389,38
33390,49
33391,51
33392,64
33393,63
33394,54
33395,50
33396,44
33397,51
33398,64
33399,32
33400,18
33401,30
33402,50
33403,50
33404,42
33405,64
33406,54
33407,49
33408,57
33409,31
33410,38
33411,25
33412,23
33413,19
33414,22
33415,22
33416,43
33417,30
33418,34
33419,26
33420,36
33421,46
33422,38
33423,50
33424,22
33425,55
33426,56
33427,21
33428,35
33429,34
33430,23
33431,27
33432,43
33433,55
33434,45
33435,45
33436,47
33437,56
33438,30
33439,51
33440,54
33441,40
33442,47
33443,37
33444,44
33445,18
33446,20
33447,48
33448,26
33449,41
33450,45
33451,52
33452,20
33453,47
33454,55
33455,62
33456,61
33457,47
33458,34
33459,48
33460,51
33461,35
33462,38
33463,22
33464,58
33465,42
33466,29
33467,27
33468,51
33469,62
33470,55
33471,27
33472,52
33473,28
33474,31
33475,51
33476,18
33477,30
33478,39
33479,35
33480,22
33481,40
33482,19
33483,18
33484,63
33485,18
33486,28
33487,34
33488,32
33489,38
33490,49
33491,51
33492,64
33493,63
33494,54
33495,50
33496,44
33497,51
33498,64
33499,32
33500,18
33501,30
33502,50
33503,50
33504,42
33505,64
33506,54
33507,49
33508,57
33509,31
33510,38
33511,25
33512,23
33513,19
33514,22
33515,22
33516,43
33517,30
33518,34
33519,26
33520,36
33521,46
33522,38
33523,50
33524,22
33525,55
33526,56
33527,21
33528,35
33529,34
33530,23
33531,27
33532,43
33533,55
33534,45
33535,45
33536,47
33537,56
33538,30
33539,51
33540,54
33541,40
33542,47
33543,37
33544,44
33545,18
33546,20
33547,48
33548,26
33549,41
33550,45
33551,52
33552,20
33553,47
33554,55
33555,62
33556,61
33557,47
33558,34
33559,48
33560,51
33561,35
33562,38
33563,22
33564,58
33565,42
33566,29
33567,27
33568,51
33569,62
33570,55
33571,27
33572,52
33573,28
33574,31
33575,51
33576,18
33577,30
33578,39
33579,35
33580,22
33581,40
33582,19
33583,18
33584,63
33585,18
33586,28
33587,34
33588,32
33589,38
33590,49
33591,51
33592,64
33593,63
33594,54
33595,50
33596,44
33597,51
33598,64
33599,32
33600,18
33601,30
33602,50
33603,50
33604,42
33605,64
33606,54
33607,49
33608,57
33609,31
33610,38
33611,25
33612,23
33613,19
33614,22
33615,22
33616,43
33617,30
33618,34
33619,26
33620,36
33621,46
33622,38
33623,50
33624,22
33625,55
33626,56
33627,21
33628,35
33629,34
33630,23
33631,27
33632,43
33633,55
33634,45
33635,45
33636,47
33637,56
33638,30
33639,51
33640,54
33641,40
33642,47
33643,37
33644,44
33645,18
33646,20
33647,48
33648,26
33649,41
33650,45
33651,52
33652,20
33653,47
33654,55
33655,62
33656,61
33657,47
33658,34
33659,48
33660,51
33661,35
33662,38
33663,22
33664,58
33665,42
33666,29
33667,27
33668,51
33669,62
33670,55
33671,27
33672,52
33673,28
33674,31
33675,51
33676,18
33677,30
33678,39
33679,35
33680,22
33681,40
33682,19
33683,18
33684,63
33685,18
33686,28
33687,34
33688,32
33689,38
33690,49
33691,51
33692,64
33693,63
33694,54
33695,50
33696,44
33697,51
33698,64
33699,32
33700,18
33701,30
33702,50
33703,50
33704,42
33705,64
33706,54
33707,49
33708,57
33709,31
33710,38
33711,25
33712,23
33713,19
33714,22
33715,22
33716,43
33717,30
33718,34
33719,26
33720,36
33721,46
33722,38
33723,50
33724,22
33725,55
33726,56
33727,21
33728,35
33729,34
33730,23
33731,27
33732,43
33733,55
33734,45
33735,45
33736,47
33737,56
33738,30
33739,51
33740,54
33741,40
33742,47
33743,37
33744,44
33745,18
33746,20
33747,48
33748,26
33749,41
33750,45
33751,52
33752,20
33753,47
33754,55
33755,62
33756,61
33757,47
33758,34
33759,48
33760,51
33761,35
33762,38
33763,22
33764,58
33765,42
33766,29
33767,27
33768,51
33769,62
33770,55
33771,27
33772,52
33773,28
33774,31
33775,51
33776,18
33777,30
33778,39
33779,35
33780,22
33781,40
33782,19
33783,18
33784,63
33785,18
33786,28
33787,34
33788,32
33789,38
33790,49
33791,51
33792,64
33793,63
33794,54
33795,50
33796,44
33797,51
33798,64
33799,32
33800,18
33801,30
33802,50
33803,50
33804,42
33805,64
33806,54
33807,49
33808,57
33809,31
33810,38
33811,25
33812,23
33813,19
33814,22
33815,22
33816,43
33817,30
33818,34
33819,26
33820,36
33821,46
33822,38
33823,50
33824,22
33825,55
33826,56
33827,21
33828,35
33829,34
33830,23
33831,27
33832,43
33833,55
33834,45
33835,45
33836,47
33837,56
33838,30
33839,51
33840,54
33841,40
33842,47
33843,37
33844,44
33845,18
33846,20
33847,48
33848,26
33849,41
33850,45
33851,52
33852,20
33853,47
33854,55
33855,62
33856,61
33857,47
33858,34
33859,48
33860,51
33861,35
33862,38
33863,22
33864,58
33865,42
33866,29
33867,27
33868,51
33869,62
33870,55
33871,27
33872,52
33873,28
33874,31
33875,51
33876,18
33877,30
33878,39
33879,35
33880,22
33881,40
33882,19
33883,18
33884,63
33885,18
33886,28
33887,34
33888,32
33889,38
33890,49
33891,51
33892,64
33893,63
33894,54
33895,50
33896,44
33897,51
33898,64
33899,32
33900,18
33901,30
33902,50
33903,50
33904,42
33905,64
33906,54
33907,49
33908,57
33909,31
33910,38
33911,25
33912,23
33913,19
33914,22
33915,22
33916,43
33917,30
33918,34
33919,26
33920,36
33921,46
33922,38
33923,50
33924,22
33925,55
33926,56
33927,21
33928,35
33929,34
33930,23
33931,27
33932,43
33933,55
33934,45
33935,45
33936,47
33937,56
33938,30
33939,51
33940,54
33941,40
33942,47
33943,37
33944,44
33945,18
33946,20
33947,48
33948,26
33949,41
33950,45
33951,52
33952,20
33953,47
33954,55
33955,62
33956,61
33957,47
33958,34
33959,48
33960,51
33961,35
33962,38
33963,22
33964,58
33965,42
33966,29
33967,27
33968,51
33969,62
33970,55
33971,27
33972,52
33973,28
33974,31
33975,51
33976,18
33977,30
33978,39
33979,35
33980,22
33981,40
33982,19
33983,18
33984,63
33985,18
33986,28
33987,34
33988,32
33989,38
33990,49
33991,51
33992,64
33993,63
33994,54
33995,50
33996,44
33997,51
33998,64
33999,32
34000,18
34001,30
34002,50
34003,50
34004,42
34005,64
34006,54
34007,49
34008,57
34009,31
34010,38
34011,25
34012,23
34013,19
34014,22
34015,22
34016,43
34017,30
34018,34
34019,26
34020,36
34021,46
34022,38
34023,50
34024,22
34025,55
34026,56
34027,21
34028,35
34029,34
34030,23
34031,27
34032,43
34033,55
34034,45
34035,45
34036,47
34037,56
34038,30
34039,51
34040,54
34041,40
34042,47
34043,37
34044,44
34045,18
34046,20
34047,48
34048,26
34049,41
34050,45
34051,52
34052,20
34053,47
34054,55
34055,62
34056,61
34057,47
34058,34
34059,48
34060,51
34061,35
34062,38
34063,22
34064,58
34065,42
34066,29
34067,27
34068,51
34069,62
34070,55
34071,27
34072,52
34073,28
34074,31
34075,51
34076,18
34077,30
34078,39
34079,35
34080,22
34081,40
34082,19
34083,18
34084,63
34085,18
34086,28
34087,34
34088,32
34089,38
34090,49
34091,51
34092,64
34093,63
34094,54
34095,50
34096,44
34097,51
34098,64
34099,32
34100,18
34101,30
34102,50
34103,50
34104,42
34105,64
34106,54
34107,49
34108,57
34109,31
34110,38
34111,25
34112,23
34113,19
34114,22
34115,22
34116,43
34117,30
34118,34
34119,26
34120,36
34121,46
34122,38
34123,50
34124,22
34125,55
34126,56
34127,21
34128,35
34129,34
34130,23
34131,27
34132,43
34133,55
34134,45
34135,45
34136,47
34137,56
34138,30
34139,51
34140,54
34141,40
34142,47
34143,37
34144,44
34145,18
34146,20
34147,48
34148,26
34149,41
34150,45
34151,52
34152,20
34153,47
34154,55
34155,62
34156,61
34157,47
34158,34
34159,48
34160,51
34161,35
34162,38
34163,22
34164,58
34165,42
34166,29
34167,27
34168,51
34169,62
34170,55
34171,27
34172,52
34173,28
34174,31
34175,51
34176,18
34177,30
34178,39
34179,35
34180,22
34181,40
34182,19
34183,18
34184,63
34185,18
34186,28
34187,34
34188,32
34189,38
34190,49
34191,51
34192,64
34193,63
34194,54
34195,50
34196,44
34197,51
34198,64
34199,32
34200,18
34201,30
34202,50
34203,50
34204,42
34205,64
34206,54
34207,49
34208,57
34209,31
34210,38
34211,25
34212,23
34213,19
34214,22
34215,22
34216,43
34217,30
34218,34
34219,26
34220,36
34221,46
34222,38
34223,50
34224,22
34225,55
34226,56
34227,21
34228,35
34229,34
34230,23
34231,27
34232,43
34233,55
34234,45
34235,45
34236,47
34237,56
34238,30
34239,51
34240,54
34241,40
34242,47
34243,37
34244,44
34245,18
34246,20
34247,48
34248,26
34249,41
34250,45
34251,52
34252,20
34253,47
34254,55
34255,62
34256,61
34257,47
34258,34
34259,48
34260,51
34261,35
34262,38
34263,22
34264,58
34265,42
34266,29
34267,27
34268,51
34269,62
34270,55
34271,27
34272,52
34273,28
34274,31
34275,51
34276,18
34277,30
34278,39
34279,35
34280,22
34281,40
34282,19
34283,18
34284,63
34285,18
34286,28
34287,34
34288,32
34289,38
34290,49
34291,51
34292,64
34293,63
34294,54
34295,50
34296,44
34297,51
34298,64
34299,32
34300,18
34301,30
34302,50
34303,50
34304,42
34305,64
34306,54
34307,49
34308,57
34309,31
34310,38
34311,25
34312,23
34313,19
34314,22
34315,22
34316,43
34317,30
34318,34
34319,26
34320,36
34321,46
34322,38
34323,50
34324,22
34325,55
34326,56
34327,21
34328,35
34329,34
34330,23
34331,27
34332,43
34333,55
34334,45
34335,45
34336,47
34337,56
34338,30
34339,51
34340,54
34341,40
34342,47
34343,37
34344,44
34345,18
34346,20
34347,48
34348,26
34349,41
34350,45
34351,52
34352,20
34353,47
34354,55
34355,62
34356,61
34357,47
34358,34
34359,48
34360,51
34361,35
34362,38
34363,22
34364,58
34365,42
34366,29
34367,27
34368,51
34369,62
34370,55
34371,27
34372,52
34373,28
34374,31
34375,51
34376,18
34377,30
34378,39
34379,35
34380,22
34381,40
34382,19
34383,18
34384,63
34385,18
34386,28
34387,34
34388,32
34389,38
34390,49
34391,51
34392,64
34393,63
34394,54
34395,50
34396,44
34397,51
34398,64
34399,32
34400,18
34401,30
34402,50
34403,50
34404,42
34405,64
34406,54
34407,49
34408,57
34409,31
34410,38
34411,25
34412,23
34413,19
34414,22
34415,22
34416,43
34417,30
34418,34
34419,26
34420,36
34421,46
34422,38
34423,50
34424,22
34425,55
34426,56
34427,21
34428,35
34429,34
34430,23
34431,27
34432,43
34433,55
34434,45
34435,45
34436,47
34437,56
34438,30
34439,51
34440,54
34441,40
34442,47
34443,37
34444,44
34445,18
34446,20
34447,48
34448,26
34449,41
34450,45
34451,52
34452,20
34453,47
34454,55
34455,62
34456,61
34457,47
34458,34
34459,48
34460,51
34461,35
34462,38
34463,22
34464,58
34465,42
34466,29
34467,27
34468,51
34469,62
34470,55
34471,27
34472,52
34473,28
34474,31
34475,51
34476,18
34477,30
34478,39
34479,35
34480,22
34481,40
34482,19
34483,18
34484,63
34485,18
34486,28
34487,34
34488,32
34489,38
34490,49
34491,51
34492,64
34493,63
34494,54
34495,50
34496,44
34497,51
34498,64
34499,32
34500,18
34501,30
34502,50
34503,50
34504,42
34505,64
34506,54
34507,49
34508,57
34509,31
34510,38
34511,25
34512,23
34513,19
34514,22
34515,22
34516,43
34517,30
34518,34
34519,26
34520,36
34521,46
34522,38
34523,50
34524,22
34525,55
34526,56
34527,21
34528,35
34529,34
34530,23
34531,27
34532,43
34533,55
34534,45
34535,45
34536,47
34537,56
34538,30
34539,51
34540,54
34541,40
34542,47
34543,37
34544,44
34545,18
34546,20
34547,48
34548,26
34549,41
34550,45
34551,52
34552,20
34553,47
34554,55
34555,62
34556,61
34557,47
34558,34
34559,48
34560,51
34561,35
34562,38
34563,22
34564,58
34565,42
34566,29
34567,27
34568,51
34569,62
34570,55
34571,27
34572,52
34573,28
34574,31
34575,51
34576,18
34577,30
34578,39
34579,35
34580,22
34581,40
34582,19
34583,18
34584,63
34585,18
34586,28
34587,34
34588,32
34589,38
34590,49
34591,51
34592,64
34593,63
34594,54
34595,50
34596,44
34597,51
34598,64
34599,32
34600,18
34601,30
34602,50
34603,50
34604,42
34605,64
34606,54
34607,49
34608,57
34609,31
34610,38
34611,25
34612,23
34613,19
34614,22
34615,22
34616,43
34617,30
34618,34
34619,26
34620,36
34621,46
34622,38
34623,50
34624,22
34625,55
34626,56
34627,21
34628,35
34629,34
34630,23
34631,27
34632,43
34633,55
34634,45
34635,45
34636,47
34637,56
34638,30
34639,51
34640,54
34641,40
34642,47
34643,37
34644,44
34645,18
34646,20
34647,48
34648,26
34649,41
34650,45
34651,52
34652,20
34653,47
34654,55
34655,62
34656,61
34657,47
34658,34
34659,48
34660,51
34661,35
34662,38
34663,22
34664,58
34665,42
34666,29
34667,27
34668,51
34669,62
34670,55
34671,27
34672,52
34673,28
34674,31
34675,51
34676,18
34677,30
34678,39
34679,35
34680,22
34681,40
34682,19
34683,18
34684,63
34685,18
34686,28
34687,34
34688,32
34689,38
34690,49
34691,51
34692,64
34693,63
34694,54
34695,50
34696,44
34697,51
34698,64
34699,32
34700,18
34701,30
34702,50
34703,50
34704,42
34705,64
34706,54
34707,49
34708,57
34709,31
34710,38
34711,25
34712,23
34713,19
34714,22
34715,22
34716,43
34717,30
34718,34
34719,26
34720,36
34721,46
34722,38
34723,50
34724,22
34725,55
34726,56
34727,21
34728,35
34729,34
34730,23
34731,27
34732,43
34733,55
34734,45
34735,45
34736,47
34737,56
34738,30
34739,51
34740,54
34741,40
34742,47
34743,37
34744,44
34745,18
34746,20
34747,48
34748,26
34749,41
34750,45
34751,52
34752,20
34753,47
34754,55
34755,62
34756,61
34757,47
34758,34
34759,48
34760,51
34761,35
34762,38
34763,22
34764,58
34765,42
34766,29
34767,27
34768,51
34769,62
34770,55
34771,27
34772,52
34773,28
34774,31
34775,51
34776,18
34777,30
34778,39
34779,35
34780,22
34781,40
34782,19
34783,18
34784,63
34785,18
34786,28
34787,34
34788,32
34789,38
34790,49
34791,51
34792,64
34793,63
34794,54
34795,50
34796,44
34797,51
34798,64
34799,32
34800,18
34801,30
34802,50
34803,50
34804,42
34805,64
34806,54
34807,49
34808,57
34809,31
34810,38
34811,25
34812,23
34813,19
34814,22
34815,22
34816,43
34817,30
34818,34
34819,26
34820,36
34821,46
34822,38
34823,50
34824,22
34825,55
34826,56
34827,21
34828,35
34829,34
34830,23
34831,27
34832,43
34833,55
34834,45
34835,45
34836,47
34837,56
34838,30
34839,51
34840,54
34841,40
34842,47
34843,37
34844,44
34845,18
34846,20
34847,48
34848,26
34849,41
34850,45
34851,52
34852,20
34853,47
34854,55
34855,62
34856,61
34857,47
34858,34
34859,48
34860,51
34861,35
34862,38
34863,22
34864,58
34865,42
34866,29
34867,27
34868,51
34869,62
34870,55
34871,27
34872,52
34873,28
34874,31
34875,51
34876,18
34877,30
34878,39
34879,35
34880,22
34881,40
34882,19
34883,18
34884,63
34885,18
34886,28
34887,34
34888,32
34889,38
34890,49
34891,51
34892,64
34893,63
34894,54
34895,50
34896,44
34897,51
34898,64
34899,32
34900,18
34901,30
34902,50
34903,50
34904,42
34905,64
34906,54
34907,49
34908,57
34909,31
34910,38
34911,25
34912,23
34913,19
34914,22
34915,22
34916,43
34917,30
34918,34
34919,26
34920,36
34921,46
34922,38
34923,50
34924,22
34925,55
34926,56
34927,21
34928,35
34929,34
34930,23
34931,27
34932,43
34933,55
34934,45
34935,45
34936,47
34937,56
34938,30
34939,51
34940,54
34941,40
34942,47
34943,37
34944,44
34945,18
34946,20
34947,48
34948,26
34949,41
34950,45
34951,52
34952,20
34953,47
34954,55
34955,62
34956,61
34957,47
34958,34
34959,48
34960,51
34961,35
34962,38
34963,22
34964,58
34965,42
34966,29
34967,27
34968,51
34969,62
34970,55
34971,27
34972,52
34973,28
34974,31
34975,51
34976,18
34977,30
34978,39
34979,35
34980,22
34981,40
34982,19
34983,18
34984,63
34985,18
34986,28
34987,34
34988,32
34989,38
34990,49
34991,51
34992,64
34993,63
34994,54
34995,50
34996,44
34997,51
34998,64
34999,32
35000,18
35001,30
35002,50
35003,50
35004,42
35005,64
35006,54
35007,49
35008,57
35009,31
35010,38
35011,25
35012,23
35013,19
35014,22
35015,22
35016,43
35017,30
35018,34
35019,26
35020,36
35021,46
35022,38
35023,50
35024,22
35025,55
35026,56
35027,21
35028,35
35029,34
35030,23
35031,27
35032,43
35033,55
35034,45
35035,45
35036,47
35037,56
35038,30
35039,51
35040,54
35041,40
35042,47
35043,37
35044,44
35045,18
35046,20
35047,48
35048,26
35049,41
35050,45
35051,52
35052,20
35053,47
35054,55
35055,62
35056,61
35057,47
35058,34
35059,48
35060,51
35061,35
35062,38
35063,22
35064,58
35065,42
35066,29
35067,27
35068,51
35069,62
35070,55
35071,27
35072,52
35073,28
35074,31
35075,51
35076,18
35077,30
35078,39
35079,35
35080,22
35081,40
35082,19
35083,18
35084,63
35085,18
35086,28
35087,34
35088,32
35089,38
35090,49
35091,51
35092,64
35093,63
35094,54
35095,50
35096,44
35097,51
35098,64
35099,32
35100,18
35101,30
35102,50
35103,50
35104,42
35105,64
35106,54
35107,49
35108,57
35109,31
35110,38
35111,25
35112,23
35113,19
35114,22
35115,22
35116,43
35117,30
35118,34
35119,26
35120,36
35121,46
35122,38
35123,50
35124,22
35125,55
35126,56
35127,21
35128,35
35129,34
35130,23
35131,27
35132,43
35133,55
35134,45
35135,45
35136,47
35137,56
35138,30
35139,51
35140,54
35141,40
35142,47
35143,37
35144,44
35145,18
35146,20
35147,48
35148,26
35149,41
35150,45
35151,52
35152,20
35153,47
35154,55
35155,62
35156,61
35157,47
35158,34
35159,48
35160,51
35161,35
35162,38
35163,22
35164,58
35165,42
35166,29
35167,27
35168,51
35169,62
35170,55
35171,27
35172,52
35173,28
35174,31
35175,51
35176,18
35177,30
35178,39
35179,35
35180,22
35181,40
35182,19
35183,18
35184,63
35185,18
35186,28
35187,34
35188,32
35189,38
35190,49
35191,51
35192,64
35193,63
35194,54
35195,50
35196,44
35197,51
35198,64
35199,32
35200,18
35201,30
35202,50
35203,50
35204,42
35205,64
35206,54
35207,49
35208,57
35209,31
35210,38
35211,25
35212,23
35213,19
35214,22
35215,22
35216,43
35217,30
35218,34
35219,26
35220,36
35221,46
35222,38
35223,50
35224,22
35225,55
35226,56
35227,21
35228,35
35229,34
35230,23
35231,27
35232,43
35233,55
35234,45
35235,45
35236,47
35237,56
35238,30
35239,51
35240,54
35241,40
35242,47
35243,37
35244,44
35245,18
35246,20
35247,48
35248,26
35249,41
35250,45
35251,52
35252,20
35253,47
35254,55
35255,62
35256,61
35257,47
35258,34
35259,48
35260,51
35261,35
35262,38
35263,22
35264,58
35265,42
35266,29
35267,27
35268,51
35269,62
35270,55
35271,27
35272,52
35273,28
35274,31
35275,51
35276,18
35277,30
35278,39
35279,35
35280,22
35281,40
35282,19
35283,18
35284,63
35285,18
35286,28
35287,34
35288,32
35289,38
35290,49
35291,51
35292,64
35293,63
35294,54
35295,50
35296,44
35297,51
35298,64
35299,32
35300,18
35301,30
35302,50
35303,50
35304,42
35305,64
35306,54
35307,49
35308,57
35309,31
35310,38
35311,25
35312,23
35313,19
35314,22
35315,22
35316,43
35317,30
35318,34
35319,26
35320,36
35321,46
35322,38
35323,50
35324,22
35325,55
35326,56
35327,21
35328,35
35329,34
35330,23
35331,27
35332,43
35333,55
35334,45
35335,45
35336,47
35337,56
35338,30
35339,51
35340,54
35341,40
35342,47
35343,37
35344,44
35345,18
35346,20
35347,48
35348,26
35349,41
35350,45
35351,52
35352,20
35353,47
35354,55
35355,62
35356,61
35357,47
35358,34
35359,48
35360,51
35361,35
35362,38
35363,22
35364,58
35365,42
35366,29
35367,27
35368,51
35369,62
35370,55
35371,27
35372,52
35373,28
35374,31
35375,51
35376,18
35377,30
35378,39
35379,35
35380,22
35381,40
35382,19
35383,18
35384,63
35385,18
35386,28
35387,34
35388,32
35389,38
35390,49
35391,51
35392,64
35393,63
35394,54
35395,50
35396,44
35397,51
35398,64
35399,32
35400,18
35401,30
35402,50
35403,50
35404,42
35405,64
35406,54
35407,49
35408,57
35409,31
35410,38
35411,25
35412,23
35413,19
35414,22
35415,22
35416,43
35417,30
35418,34
35419,26
35420,36
35421,46
35422,38
35423,50
35424,22
35425,55
35426,56
35427,21
35428,35
35429,34
35430,23
35431,27
35432,43
35433,55
35434,45
35435,45
35436,47
35437,56
35438,30
35439,51
35440,54
35441,40
35442,47
35443,37
35444,44
35445,18
35446,20
35447,48
35448,26
35449,41
35450,45
35451,52
35452,20
35453,47
35454,55
35455,62
35456,61
35457,47
35458,34
35459,48
35460,51
35461,35
35462,38
35463,22
35464,58
35465,42
35466,29
35467,27
35468,51
35469,62
35470,55
35471,27
35472,52
35473,28
35474,31
35475,51
35476,18
35477,30
35478,39
35479,35
35480,22
35481,40
35482,19
35483,18
35484,63
35485,18
35486,28
35487,34
35488,32
35489,38
35490,49
35491,51
35492,64
35493,63
35494,54
35495,50
35496,44
35497,51
35498,64
35499,32
35500,18
35501,30
35502,50
35503,50
35504,42
35505,64
35506,54
35507,49
35508,57
35509,31
35510,38
35511,25
35512,23
35513,19
35514,22
35515,22
35516,43
35517,30
35518,34
35519,26
35520,36
35521,46
35522,38
35523,50
35524,22
35525,55
35526,56
35527,21
35528,35
35529,34
35530,23
35531,27
35532,43
35533,55
35534,45
35535,45
35536,47
35537,56
35538,30
35539,51
35540,54
35541,40
35542,47
35543,37
35544,44
35545,18
35546,20
35547,48
35548,26
35549,41
35550,45
35551,52
35552,20
35553,47
35554,55
35555,62
35556,61
35557,47
35558,34
35559,48
35560,51
35561,35
35562,38
35563,22
35564,58
35565,42
35566,29
35567,27
35568,51
35569,62
35570,55
35571,27
35572,52
35573,28
35574,31
35575,51
35576,18
35577,30
35578,39
35579,35
35580,22
35581,40
35582,19
35583,18
35584,63
35585,18
35586,28
35587,34
35588,32
35589,38
35590,49
35591,51
35592,64
35593,63
35594,54
35595,50
35596,44
35597,51
35598,64
35599,32
35600,18
35601,30
35602,50
35603,50
35604,42
35605,64
35606,54
35607,49
35608,57
35609,31
35610,38
35611,25
35612,23
35613,19
35614,22
35615,22
35616,43
35617,30
35618,34
35619,26
35620,36
35621,46
35622,38
35623,50
35624,22
35625,55
35626,56
35627,21
35628,35
35629,34
35630,23
35631,27
35632,43
35633,55
35634,45
35635,45
35636,47
35637,56
35638,30
35639,51
35640,54
35641,40
35642,47
35643,37
35644,44
35645,18
35646,20
35647,48
35648,26
35649,41
35650,45
35651,52
35652,20
35653,47
35654,55
35655,62
35656,61
35657,47
35658,34
35659,48
35660,51
35661,35
35662,38
35663,22
35664,58
35665,42
35666,29
35667,27
35668,51
35669,62
35670,55
35671,27
35672,52
35673,28
35674,31
35675,51
35676,18
35677,30
35678,39
35679,35
35680,22
35681,40
35682,19
35683,18
35684,63
35685,18
35686,28
35687,34
35688,32
35689,38
35690,49
35691,51
35692,64
35693,63
35694,54
35695,50
35696,44
35697,51
35698,64
35699,32
35700,18
35701,30
35702,50
35703,50
35704,42
35705,64
35706,54
35707,49
35708,57
35709,31
35710,38
35711,25
35712,23
35713,19
35714,22
35715,22
35716,43
35717,30
35718,34
35719,26
35720,36
35721,46
35722,38
35723,50
35724,22
35725,55
35726,56
35727,21
35728,35
35729,34
35730,23
35731,27
35732,43
35733,55
35734,45
35735,45
35736,47
35737,56
35738,30
35739,51
35740,54
35741,40
35742,47
35743,37
35744,44
35745,18
35746,20
35747,48
35748,26
35749,41
35750,45
35751,52
35752,20
35753,47
35754,55
35755,62
35756,61
35757,47
35758,34
35759,48
35760,51
35761,35
35762,38
35763,22
35764,58
35765,42
35766,29
35767,27
35768,51
35769,62
35770,55
35771,27
35772,52
35773,28
35774,31
35775,51
35776,18
35777,30
35778,39
35779,35
35780,22
35781,40
35782,19
35783,18
35784,63
35785,18
35786,28
35787,34
35788,32
35789,38
35790,49
35791,51
35792,64
35793,63
35794,54
35795,50
35796,44
35797,51
35798,64
35799,32
35800,18
35801,30
35802,50
35803,50
35804,42
35805,64
35806,54
35807,49
35808,57
35809,31
35810,38
35811,25
35812,23
35813,19
35814,22
35815,22
35816,43
35817,30
35818,34
35819,26
35820,36
35821,46
35822,38
35823,50
35824,22
35825,55
35826,56
35827,21
35828,35
35829,34
35830,23
35831,27
35832,43
35833,55
35834,45
35835,45
35836,47
35837,56
35838,30
35839,51
35840,54
35841,40
35842,47
35843,37
35844,44
35845,18
35846,20
35847,48
35848,26
35849,41
35850,45
35851,52
35852,20
35853,47
35854,55
35855,62
35856,61
35857,47
35858,34
35859,48
35860,51
35861,35
35862,38
35863,22
35864,58
35865,42
35866,29
35867,27
35868,51
35869,62
35870,55
35871,27
35872,52
35873,28
35874,31
35875,51
35876,18
35877,30
35878,39
35879,35
35880,22
35881,40
35882,19
35883,18
35884,63
35885,18
35886,28
35887,34
35888,32
35889,38
35890,49
35891,51
35892,64
35893,63
35894,54
35895,50
35896,44
35897,51
35898,64
35899,32
35900,18
35901,30
35902,50
35903,50
35904,42
35905,64
35906,54
35907,49
35908,57
35909,31
35910,38
35911,25
35912,23
35913,19
35914,22
35915,22
35916,43
35917,30
35918,34
35919,26
35920,36
35921,46
35922,38
35923,50
35924,22
35925,55
35926,56
35927,21
35928,35
35929,34
35930,23
35931,27
35932,43
35933,55
35934,45
35935,45
35936,47
35937,56
35938,30
35939,51
35940,54
35941,40
35942,47
35943,37
35944,44
35945,18
35946,20
35947,48
35948,26
35949,41
35950,45
35951,52
35952,20
35953,47
35954,55
35955,62
35956,61
35957,47
35958,34
35959,48
35960,51
35961,35
35962,38
35963,22
35964,58
35965,42
35966,29
35967,27
35968,51
35969,62
35970,55
35971,27
35972,52
35973,28
35974,31
35975,51
35976,18
35977,30
35978,39
35979,35
35980,22
35981,40
35982,19
35983,18
35984,63
35985,18
35986,28
35987,34
35988,32
35989,38
35990,49
35991,51
35992,64
35993,63
35994,54
35995,50
35996,44
35997,51
35998,64
35999,32
36000,18
36001,30
36002,50
36003,50
36004,42
36005,64
36006,54
36007,49
36008,57
36009,31
36010,38
36011,25
36012,23
36013,19
36014,22
36015,22
36016,43
36017,30
36018,34
36019,26
36020,36
36021,46
36022,38
36023,50
36024,22
36025,55
36026,56
36027,21
36028,35
36029,34
36030,23
36031,27
36032,43
36033,55
36034,45
36035,45
36036,47
36037,56
36038,30
36039,51
36040,54
36041,40
36042,47
36043,37
36044,44
36045,18
36046,20
36047,48
36048,26
36049,41
36050,45
36051,52
36052,20
36053,47
36054,55
36055,62
36056,61
36057,47
36058,34
36059,48
36060,51
36061,35
36062,38
36063,22
36064,58
36065,42
36066,29
36067,27
36068,51
36069,62
36070,55
36071,27
36072,52
36073,28
36074,31
36075,51
36076,18
36077,30
36078,39
36079,35
36080,22
36081,40
36082,19
36083,18
36084,63
36085,18
36086,28
36087,34
36088,32
36089,38
36090,49
36091,51
36092,64
36093,63
36094,54
36095,50
36096,44
36097,51
36098,64
36099,32
36100,18
36101,30
36102,50
36103,50
36104,42
36105,64
36106,54
36107,49
36108,57
36109,31
36110,38
36111,25
36112,23
36113,19
36114,22
36115,22
36116,43
36117,30
36118,34
36119,26
36120,36
36121,46
36122,38
36123,50
36124,22
36125,55
36126,56
36127,21
36128,35
36129,34
36130,23
36131,27
36132,43
36133,55
36134,45
36135,45
36136,47
36137,56
36138,30
36139,51
36140,54
36141,40
36142,47
36143,37
36144,44
36145,18
36146,20
36147,48
36148,26
36149,41
36150,45
36151,52
36152,20
36153,47
36154,55
36155,62
36156,61
36157,47
36158,34
36159,48
36160,51
36161,35
36162,38
36163,22
36164,58
36165,42
36166,29
36167,27
36168,51
36169,62
36170,55
36171,27
36172,52
36173,28
36174,31
36175,51
36176,18
36177,30
36178,39
36179,35
36180,22
36181,40
36182,19
36183,18
36184,63
36185,18
36186,28
36187,34
36188,32
36189,38
36190,49
36191,51
36192,64
36193,63
36194,54
36195,50
36196,44
36197,51
36198,64
36199,32
36200,18
36201,30
36202,50
36203,50
36204,42
36205,64
36206,54
36207,49
36208,57
36209,31
36210,38
36211,25
36212,23
36213,19
36214,22
36215,22
36216,43
36217,30
36218,34
36219,26
36220,36
36221,46
36222,38
36223,50
36224,22
36225,55
36226,56
36227,21
36228,35
36229,34
36230,23
36231,27
36232,43
36233,55
36234,45
36235,45
36236,47
36237,56
36238,30
36239,51
36240,54
36241,40
36242,47
36243,37
36244,44
36245,18
36246,20
36247,48
36248,26
36249,41
36250,45
36251,52
36252,20
36253,47
36254,55
36255,62
36256,61
36257,47
36258,34
36259,48
36260,51
36261,35
36262,38
36263,22
36264,58
36265,42
36266,29
36267,27
36268,51
36269,62
36270,55
36271,27
36272,52
36273,28
36274,31
36275,51
36276,18
36277,30
36278,39
36279,35
36280,22
36281,40
36282,19
36283,18
36284,63
36285,18
36286,28
36287,34
36288,32
36289,38
36290,49
36291,51
36292,64
36293,63
36294,54
36295,50
36296,44
36297,51
36298,64
36299,32
36300,18
36301,30
36302,50
36303,50
36304,42
36305,64
36306,54
36307,49
36308,57
36309,31
36310,38
36311,25
36312,23
36313,19
36314,22
36315,22
36316,43
36317,30
36318,34
36319,26
36320,36
36321,46
36322,38
36323,50
36324,22
36325,55
36326,56
36327,21
36328,35
36329,34
36330,23
36331,27
36332,43
36333,55
36334,45
36335,45
36336,47
36337,56
36338,30
36339,51
36340,54
36341,40
36342,47
36343,37
36344,44
36345,18
36346,20
36347,48
36348,26
36349,41
36350,45
36351,52
36352,20
36353,47
36354,55
36355,62
36356,61
36357,47
36358,34
36359,48
36360,51
36361,35
36362,38
36363,22
36364,58
36365,42
36366,29
36367,27
36368,51
36369,62
36370,55
36371,27
36372,52
36373,28
36374,31
36375,51
36376,18
36377,30
36378,39
36379,35
36380,22
36381,40
36382,19
36383,18
36384,63
36385,18
36386,28
36387,34
36388,32
36389,38
36390,49
36391,51
36392,64
36393,63
36394,54
36395,50
36396,44
36397,51
36398,64
36399,32
36400,18
36401,30
36402,50
36403,50
36404,42
36405,64
36406,54
36407,49
36408,57
36409,31
36410,38
36411,25
36412,23
36413,19
36414,22
36415,22
36416,43
36417,30
36418,34
36419,26
36420,36
36421,46
36422,38
36423,50
36424,22
36425,55
36426,56
36427,21
36428,35
36429,34
36430,23
36431,27
36432,43
36433,55
36434,45
36435,45
36436,47
36437,56
36438,30
36439,51
36440,54
36441,40
36442,47
36443,37
36444,44
36445,18
36446,20
36447,48
36448,26
36449,41
36450,45
36451,52
36452,20
36453,47
36454,55
36455,62
36456,61
36457,47
36458,34
36459,48
36460,51
36461,35
36462,38
36463,22
36464,58
36465,42
36466,29
36467,27
36468,51
36469,62
36470,55
36471,27
36472,52
36473,28
36474,31
36475,51
36476,18
36477,30
36478,39
36479,35
36480,22
36481,40
36482,19
36483,18
36484,63
36485,18
36486,28
36487,34
36488,32
36489,38
36490,49
36491,51
36492,64
36493,63
36494,54
36495,50
36496,44
36497,51
36498,64
36499,32
36500,18
36501,30
36502,50
36503,50
36504,42
36505,64
36506,54
36507,49
36508,57
36509,31
36510,38
36511,25
36512,23
36513,19
36514,22
36515,22
36516,43
36517,30
36518,34
36519,26
36520,36
36521,46
36522,38
36523,50
36524,22
36525,55
36526,56
36527,21
36528,35
36529,34
36530,23
36531,27
36532,43
36533,55
36534,45
36535,45
36536,47
36537,56
36538,30
36539,51
36540,54
36541,40
36542,47
36543,37
36544,44
36545,18
36546,20
36547,48
36548,26
36549,41
36550,45
36551,52
36552,20
36553,47
36554,55
36555,62
36556,61
36557,47
36558,34
36559,48
36560,51
36561,35
36562,38
36563,22
36564,58
36565,42
36566,29
36567,27
36568,51
36569,62
36570,55
36571,27
36572,52
36573,28
36574,31
36575,51
36576,18
36577,30
36578,39
36579,35
36580,22
36581,40
36582,19
36583,18
36584,63
36585,18
36586,28
36587,34
36588,32
36589,38
36590,49
36591,51
36592,64
36593,63
36594,54
36595,50
36596,44
36597,51
36598,64
36599,32
36600,18
36601,30
36602,50
36603,50
36604,42
36605,64
36606,54
36607,49
36608,57
36609,31
36610,38
36611,25
36612,23
36613,19
36614,22
36615,22
36616,43
36617,30
36618,34
36619,26
36620,36
36621,46
36622,38
36623,50
36624,22
36625,55
36626,56
36627,21
36628,35
36629,34
36630,23
36631,27
36632,43
36633,55
36634,45
36635,45
36636,47
36637,56
36638,30
36639,51
36640,54
36641,40
36642,47
36643,37
36644,44
36645,18
36646,20
36647,48
36648,26
36649,41
36650,45
36651,52
36652,20
36653,47
36654,55
36655,62
36656,61
36657,47
36658,34
36659,48
36660,51
36661,35
36662,38
36663,22
36664,58
36665,42
36666,29
36667,27
36668,51
36669,62
36670,55
36671,27
36672,52
36673,28
36674,31
36675,51
36676,18
36677,30
36678,39
36679,35
36680,22
36681,40
36682,19
36683,18
36684,63
36685,18
36686,28
36687,34
36688,32
36689,38
36690,49
36691,51
36692,64
36693,63
36694,54
36695,50
36696,44
36697,51
36698,64
36699,32
36700,18
36701,30
36702,50
36703,50
36704,42
36705,64
36706,54
36707,49
36708,57
36709,31
36710,38
36711,25
36712,23
36713,19
36714,22
36715,22
36716,43
36717,30
36718,34
36719,26
36720,36
36721,46
36722,38
36723,50
36724,22
36725,55
36726,56
36727,21
36728,35
36729,34
36730,23
36731,27
36732,43
36733,55
36734,45
36735,45
36736,47
36737,56
36738,30
36739,51
36740,54
36741,40
36742,47
36743,37
36744,44
36745,18
36746,20
36747,48
36748,26
36749,41
36750,45
36751,52
36752,20
36753,47
36754,55
36755,62
36756,61
36757,47
36758,34
36759,48
36760,51
36761,35
36762,38
36763,22
36764,58
36765,42
36766,29
36767,27
36768,51
36769,62
36770,55
36771,27
36772,52
36773,28
36774,31
36775,51
36776,18
36777,30
36778,39
36779,35
36780,22
36781,40
36782,19
36783,18
36784,63
36785,18
36786,28
36787,34
36788,32
36789,38
36790,49
36791,51
36792,64
36793,63
36794,54
36795,50
36796,44
36797,51
36798,64
36799,32
36800,18
36801,30
36802,50
36803,50
36804,42
36805,64
36806,54
36807,49
36808,57
36809,31
36810,38
36811,25
36812,23
36813,19
36814,22
36815,22
36816,43
36817,30
36818,34
36819,26
36820,36
36821,46
36822,38
36823,50
36824,22
36825,55
36826,56
36827,21
36828,35
36829,34
36830,23
36831,27
36832,43
36833,55
36834,45
36835,45
36836,47
36837,56
36838,30
36839,51
36840,54
36841,40
36842,47
36843,37
36844,44
36845,18
36846,20
36847,48
36848,26
36849,41
36850,45
36851,52
36852,20
36853,47
36854,55
36855,62
36856,61
36857,47
36858,34
36859,48
36860,51
36861,35
36862,38
36863,22
36864,58
36865,42
36866,29
36867,27
36868,51
36869,62
36870,55
36871,27
36872,52
36873,28
36874,31
36875,51
36876,18
36877,30
36878,39
36879,35
36880,22
36881,40
36882,19
36883,18
36884,63
36885,18
36886,28
36887,34
36888,32
36889,38
36890,49
36891,51
36892,64
36893,63
36894,54
36895,50
36896,44
36897,51
36898,64
36899,32
36900,18
36901,30
36902,50
36903,50
36904,42
36905,64
36906,54
36907,49
36908,57
36909,31
36910,38
36911,25
36912,23
36913,19
36914,22
36915,22
36916,43
36917,30
36918,34
36919,26
36920,36
36921,46
36922,38
36923,50
36924,22
36925,55
36926,56
36927,21
36928,35
36929,34
36930,23
36931,27
36932,43
36933,55
36934,45
36935,45
36936,47
36937,56
36938,30
36939,51
36940,54
36941,40
36942,47
36943,37
36944,44
36945,18
36946,20
36947,48
36948,26
36949,41
36950,45
36951,52
36952,20
36953,47
36954,55
36955,62
36956,61
36957,47
36958,34
36959,48
36960,51
36961,35
36962,38
36963,22
36964,58
36965,42
36966,29
36967,27
36968,51
36969,62
36970,55
36971,27
36972,52
36973,28
36974,31
36975,51
36976,18
36977,30
36978,39
36979,35
36980,22
36981,40
36982,19
36983,18
36984,63
36985,18
36986,28
36987,34
36988,32
36989,38
36990,49
36991,51
36992,64
36993,63
36994,54
36995,50
36996,44
36997,51
36998,64
36999,32
37000,18
37001,30
37002,50
37003,50
37004,42
37005,64
37006,54
37007,49
37008,57
37009,31
37010,38
37011,25
37012,23
37013,19
37014,22
37015,22
37016,43
37017,30
37018,34
37019,26
37020,36
37021,46
37022,38
37023,50
37024,22
37025,55
37026,56
37027,21
37028,35
37029,34
37030,23
37031,27
37032,43
37033,55
37034,45
37035,45
37036,47
37037,56
37038,30
37039,51
37040,54
37041,40
37042,47
37043,37
37044,44
37045,18
37046,20
37047,48
37048,26
37049,41
37050,45
37051,52
37052,20
37053,47
37054,55
37055,62
37056,61
37057,47
37058,34
37059,48
37060,51
37061,35
37062,38
37063,22
37064,58
37065,42
37066,29
37067,27
37068,51
37069,62
37070,55
37071,27
37072,52
37073,28
37074,31
37075,51
37076,18
37077,30
37078,39
37079,35
37080,22
37081,40
37082,19
37083,18
37084,63
37085,18
37086,28
37087,34
37088,32
37089,38
37090,49
37091,51
37092,64
37093,63
37094,54
37095,50
37096,44
37097,51
37098,64
37099,32
37100,18
37101,30
37102,50
37103,50
37104,42
37105,64
37106,54
37107,49
37108,57
37109,31
37110,38
37111,25
37112,23
37113,19
37114,22
37115,22
37116,43
37117,30
37118,34
37119,26
37120,36
37121,46
37122,38
37123,50
37124,22
37125,55
37126,56
37127,21
37128,35
37129,34
37130,23
37131,27
37132,43
37133,55
37134,45
37135,45
37136,47
37137,56
37138,30
37139,51
37140,54
37141,40
37142,47
37143,37
37144,44
37145,18
37146,20
37147,48
37148,26
37149,41
37150,45
37151,52
37152,20
37153,47
37154,55
37155,62
37156,61
37157,47
37158,34
37159,48
37160,51
37161,35
37162,38
37163,22
37164,58
37165,42
37166,29
37167,27
37168,51
37169,62
37170,55
37171,27
37172,52
37173,28
37174,31
37175,51
37176,18
37177,30
37178,39
37179,35
37180,22
37181,40
37182,19
37183,18
37184,63
37185,18
37186,28
37187,34
37188,32
37189,38
37190,49
37191,51
37192,64
37193,63
37194,54
37195,50
37196,44
37197,51
37198,64
37199,32
37200,18
37201,30
37202,50
37203,50
37204,42
37205,64
37206,54
37207,49
37208,57
37209,31
37210,38
37211,25
37212,23
37213,19
37214,22
37215,22
37216,43
37217,30
37218,34
37219,26
37220,36
37221,46
37222,38
37223,50
37224,22
37225,55
37226,56
37227,21
37228,35
37229,34
37230,23
37231,27
37232,43
37233,55
37234,45
37235,45
37236,47
37237,56
37238,30
37239,51
37240,54
37241,40
37242,47
37243,37
37244,44
37245,18
37246,20
37247,48
37248,26
37249,41
37250,45
37251,52
37252,20
37253,47
37254,55
37255,62
37256,61
37257,47
37258,34
37259,48
37260,51
37261,35
37262,38
37263,22
37264,58
37265,42
37266,29
37267,27
37268,51
37269,62
37270,55
37271,27
37272,52
37273,28
37274,31
37275,51
37276,18
37277,30
37278,39
37279,35
37280,22
37281,40
37282,19
37283,18
37284,63
37285,18
37286,28
37287,34
37288,32
37289,38
37290,49
37291,51
37292,64
37293,63
37294,54
37295,50
37296,44
37297,51
37298,64
37299,32
37300,18
37301,30
37302,50
37303,50
37304,42
37305,64
37306,54
37307,49
37308,57
37309,31
37310,38
37311,25
37312,23
37313,19
37314,22
37315,22
37316,43
37317,30
37318,34
37319,26
37320,36
37321,46
37322,38
37323,50
37324,22
37325,55
37326,56
37327,21
37328,35
37329,34
37330,23
37331,27
37332,43
37333,55
37334,45
37335,45
37336,47
37337,56
37338,30
37339,51
37340,54
37341,40
37342,47
37343,37
37344,44
37345,18
37346,20
37347,48
37348,26
37349,41
37350,45
37351,52
37352,20
37353,47
37354,55
37355,62
37356,61
37357,47
37358,34
37359,48
37360,51
37361,35
37362,38
37363,22
37364,58
37365,42
37366,29
37367,27
37368,51
37369,62
37370,55
37371,27
37372,52
37373,28
37374,31
37375,51
37376,18
37377,30
37378,39
37379,35
37380,22
37381,40
37382,19
37383,18
37384,63
37385,18
37386,28
37387,34
37388,32
37389,38
37390,49
37391,51
37392,64
37393,63
37394,54
37395,50
37396,44
37397,51
37398,64
37399,32
37400,18
37401,30
37402,50
37403,50
37404,42
37405,64
37406,54
37407,49
37408,57
37409,31
37410,38
37411,25
37412,23
37413,19
37414,22
37415,22
37416,43
37417,30
37418,34
37419,26
37420,36
37421,46
37422,38
37423,50
37424,22
37425,55
37426,56
37427,21
37428,35
37429,34
37430,23
37431,27
37432,43
37433,55
37434,45
37435,45
37436,47
37437,56
37438,30
37439,51
37440,54
37441,40
37442,47
37443,37
37444,44
37445,18
37446,20
37447,48
37448,26
37449,41
37450,45
37451,52
37452,20
37453,47
37454,55
37455,62
37456,61
37457,47
37458,34
37459,48
37460,51
37461,35
37462,38
37463,22
37464,58
37465,42
37466,29
37467,27
37468,51
37469,62
37470,55
37471,27
37472,52
37473,28
37474,31
37475,51
37476,18
37477,30
37478,39
37479,35
37480,22
37481,40
37482,19
37483,18
37484,63
37485,18
37486,28
37487,34
37488,32
37489,38
37490,49
37491,51
37492,64
37493,63
37494,54
37495,50
37496,44
37497,51
37498,64
37499,32
37500,18
37501,30
37502,50
37503,50
37504,42
37505,64
37506,54
37507,49
37508,57
37509,31
37510,38
37511,25
37512,23
37513,19
37514,22
37515,22
37516,43
37517,30
37518,34
37519,26
37520,36
37521,46
37522,38
37523,50
37524,22
37525,55
37526,56
37527,21
37528,35
37529,34
37530,23
37531,27
37532,43
37533,55
37534,45
37535,45
37536,47
37537,56
37538,30
37539,51
37540,54
37541,40
37542,47
37543,37
37544,44
37545,18
37546,20
37547,48
37548,26
37549,41
37550,45
37551,52
37552,20
37553,47
37554,55
37555,62
37556,61
37557,47
37558,34
37559,48
37560,51
37561,35
37562,38
37563,22
37564,58
37565,42
37566,29
37567,27
37568,51
37569,62
37570,55
37571,27
37572,52
37573,28
37574,31
37575,51
37576,18
37577,30
37578,39
37579,35
37580,22
37581,40
37582,19
37583,18
37584,63
37585,18
37586,28
37587,34
37588,32
37589,38
37590,49
37591,51
37592,64
37593,63
37594,54
37595,50
37596,44
37597,51
37598,64
37599,32
37600,18
37601,30
37602,50
37603,50
37604,42
37605,64
37606,54
37607,49
37608,57
37609,31
37610,38
37611,25
37612,23
37613,19
37614,22
37615,22
37616,43
37617,30
37618,34
37619,26
37620,36
37621,46
37622,38
37623,50
37624,22
37625,55
37626,56
37627,21
37628,35
37629,34
37630,23
37631,27
37632,43
37633,55
37634,45
37635,45
37636,47
37637,56
37638,30
37639,51
37640,54
37641,40
37642,47
37643,37
37644,44
37645,18
37646,20
37647,48
37648,26
37649,41
37650,45
37651,52
37652,20
37653,47
37654,55
37655,62
37656,61
37657,47
37658,34
37659,48
37660,51
37661,35
37662,38
37663,22
37664,58
37665,42
37666,29
37667,27
37668,51
37669,62
37670,55
37671,27
37672,52
37673,28
37674,31
37675,51
37676,18
37677,30
37678,39
37679,35
37680,22
37681,40
37682,19
37683,18
37684,63
37685,18
37686,28
37687,34
37688,32
37689,38
37690,49
37691,51
37692,64
37693,63
37694,54
37695,50
37696,44
37697,51
37698,64
37699,32
37700,18
37701,30
37702,50
37703,50
37704,42
37705,64
37706,54
37707,49
37708,57
37709,31
37710,38
37711,25
37712,23
37713,19
37714,22
37715,22
37716,43
37717,30
37718,34
37719,26
37720,36
37721,46
37722,38
37723,50
37724,22
37725,55
37726,56
37727,21
37728,35
37729,34
37730,23
37731,27
37732,43
37733,55
37734,45
37735,45
37736,47
37737,56
37738,30
37739,51
37740,54
37741,40
37742,47
37743,37
37744,44
37745,18
37746,20
37747,48
37748,26
37749,41
37750,45
37751,52
37752,20
37753,47
37754,55
37755,62
37756,61
37757,47
37758,34
37759,48
37760,51
37761,35
37762,38
37763,22
37764,58
37765,42
37766,29
37767,27
37768,51
37769,62
37770,55
37771,27
37772,52
37773,28
37774,31
37775,51
37776,18
37777,30
37778,39
37779,35
37780,22
37781,40
37782,19
37783,18
37784,63
37785,18
37786,28
37787,34
37788,32
37789,38
37790,49
37791,51
37792,64
37793,63
37794,54
37795,50
37796,44
37797,51
37798,64
37799,32
37800,18
37801,30
37802,50
37803,50
37804,42
37805,64
37806,54
37807,49
37808,57
37809,31
37810,38
37811,25
37812,23
37813,19
37814,22
37815,22
37816,43
37817,30
37818,34
37819,26
37820,36
37821,46
37822,38
37823,50
37824,22
37825,55
37826,56
37827,21
37828,35
37829,34
37830,23
37831,27
37832,43
37833,55
37834,45
37835,45
37836,47
37837,56
37838,30
37839,51
37840,54
37841,40
37842,47
37843,37
37844,44
37845,18
37846,20
37847,48
37848,26
37849,41
37850,45
37851,52
37852,20
37853,47
37854,55
37855,62
37856,61
37857,47
37858,34
37859,48
37860,51
37861,35
37862,38
37863,22
37864,58
37865,42
37866,29
37867,27
37868,51
37869,62
37870,55
37871,27
37872,52
37873,28
37874,31
37875,51
37876,18
37877,30
37878,39
37879,35
37880,22
37881,40
37882,19
37883,18
37884,63
37885,18
37886,28
37887,34
37888,32
37889,38
37890,49
37891,51
37892,64
37893,63
37894,54
37895,50
37896,44
37897,51
37898,64
37899,32
37900,18
37901,30
37902,50
37903,50
37904,42
37905,64
37906,54
37907,49
37908,57
37909,31
37910,38
37911,25
37912,23
37913,19
37914,22
37915,22
37916,43
37917,30
37918,34
37919,26
37920,36
37921,46
37922,38
37923,50
37924,22
37925,55
37926,56
37927,21
37928,35
37929,34
37930,23
37931,27
37932,43
37933,55
37934,45
37935,45
37936,47
37937,56
37938,30
37939,51
37940,54
37941,40
37942,47
37943,37
37944,44
37945,18
37946,20
37947,48
37948,26
37949,41
37950,45
37951,52
37952,20
37953,47
37954,55
37955,62
37956,61
37957,47
37958,34
37959,48
37960,51
37961,35
37962,38
37963,22
37964,58
37965,42
37966,29
37967,27
37968,51
37969,62
37970,55
37971,27
37972,52
37973,28
37974,31
37975,51
37976,18
37977,30
37978,39
37979,35
37980,22
37981,40
37982,19
37983,18
37984,63
37985,18
37986,28
37987,34
37988,32
37989,38
37990,49
37991,51
37992,64
37993,63
37994,54
37995,50
37996,44
37997,51
37998,64
37999,32
38000,18
38001,30
38002,50
38003,50
38004,42
38005,64
38006,54
38007,49
38008,57
38009,31
38010,38
38011,25
38012,23
38013,19
38014,22
38015,22
38016,43
38017,30
38018,34
38019,26
38020,36
38021,46
38022,38
38023,50
38024,22
38025,55
38026,56
38027,21
38028,35
38029,34
38030,23
38031,27
38032,43
38033,55
38034,45
38035,45
38036,47
38037,56
38038,30
38039,51
38040,54
38041,40
38042,47
38043,37
38044,44
38045,18
38046,20
38047,48
38048,26
38049,41
38050,45
38051,52
38052,20
38053,47
38054,55
38055,62
38056,61
38057,47
38058,34
38059,48
38060,51
38061,35
38062,38
38063,22
38064,58
38065,42
38066,29
38067,27
38068,51
38069,62
38070,55
38071,27
38072,52
38073,28
38074,31
38075,51
38076,18
38077,30
38078,39
38079,35
38080,22
38081,40
38082,19
38083,18
38084,63
38085,18
38086,28
38087,34
38088,32
38089,38
38090,49
38091,51
38092,64
38093,63
38094,54
38095,50
38096,44
38097,51
38098,64
38099,32
38100,18
38101,30
38102,50
38103,50
38104,42
38105,64
38106,54
38107,49
38108,57
38109,31
38110,38
38111,25
38112,23
38113,19
38114,22
38115,22
38116,43
38117,30
38118,34
38119,26
38120,36
38121,46
38122,38
38123,50
38124,22
38125,55
38126,56
38127,21
38128,35
38129,34
38130,23
38131,27
38132,43
38133,55
38134,45
38135,45
38136,47
38137,56
38138,30
38139,51
38140,54
38141,40
38142,47
38143,37
38144,44
38145,18
38146,20
38147,48
38148,26
38149,41
38150,45
38151,52
38152,20
38153,47
38154,55
38155,62
38156,61
38157,47
38158,34
38159,48
38160,51
38161,35
38162,38
38163,22
38164,58
38165,42
38166,29
38167,27
38168,51
38169,62
38170,55
38171,27
38172,52
38173,28
38174,31
38175,51
38176,18
38177,30
38178,39
38179,35
38180,22
38181,40
38182,19
38183,18
38184,63
38185,18
38186,28
38187,34
38188,32
38189,38
38190,49
38191,51
38192,64
38193,63
38194,54
38195,50
38196,44
38197,51
38198,64
38199,32
38200,18
38201,30
38202,50
38203,50
38204,42
38205,64
38206,54
38207,49
38208,57
38209,31
38210,38
38211,25
38212,23
38213,19
38214,22
38215,22
38216,43
38217,30
38218,34
38219,26
38220,36
38221,46
38222,38
38223,50
38224,22
38225,55
38226,56
38227,21
38228,35
38229,34
38230,23
38231,27
38232,43
38233,55
38234,45
38235,45
38236,47
38237,56
38238,30
38239,51
38240,54
38241,40
38242,47
38243,37
38244,44
38245,18
38246,20
38247,48
38248,26
38249,41
38250,45
38251,52
38252,20
38253,47
38254,55
38255,62
38256,61
38257,47
38258,34
38259,48
38260,51
38261,35
38262,38
38263,22
38264,58
38265,42
38266,29
38267,27
38268,51
38269,62
38270,55
38271,27
38272,52
38273,28
38274,31
38275,51
38276,18
38277,30
38278,39
38279,35
38280,22
38281,40
38282,19
38283,18
38284,63
38285,18
38286,28
38287,34
38288,32
38289,38
38290,49
38291,51
38292,64
38293,63
38294,54
38295,50
38296,44
38297,51
38298,64
38299,32
38300,18
38301,30
38302,50
38303,50
38304,42
38305,64
38306,54
38307,49
38308,57
38309,31
38310,38
38311,25
38312,23
38313,19
38314,22
38315,22
38316,43
38317,30
38318,34
38319,26
38320,36
38321,46
38322,38
38323,50
38324,22
38325,55
38326,56
38327,21
38328,35
38329,34
38330,23
38331,27
38332,43
38333,55
38334,45
38335,45
38336,47
38337,56
38338,30
38339,51
38340,54
38341,40
38342,47
38343,37
38344,44
38345,18
38346,20
38347,48
38348,26
38349,41
38350,45
38351,52
38352,20
38353,47
38354,55
38355,62
38356,61
38357,47
38358,34
38359,48
38360,51
38361,35
38362,38
38363,22
38364,58
38365,42
38366,29
38367,27
38368,51
38369,62
38370,55
38371,27
38372,52
38373,28
38374,31
38375,51
38376,18
38377,30
38378,39
38379,35
38380,22
38381,40
38382,19
38383,18
38384,63
38385,18
38386,28
38387,34
38388,32
38389,38
38390,49
38391,51
38392,64
38393,63
38394,54
38395,50
38396,44
38397,51
38398,64
38399,32
38400,18
38401,30
38402,50
38403,50
38404,42
38405,64
38406,54
38407,49
38408,57
38409,31
38410,38
38411,25
38412,23
38413,19
38414,22
38415,22
38416,43
38417,30
38418,34
38419,26
38420,36
38421,46
38422,38
38423,50
38424,22
38425,55
38426,56
38427,21
38428,35
38429,34
38430,23
38431,27
38432,43
38433,55
38434,45
38435,45
38436,47
38437,56
38438,30
38439,51
38440,54
38441,40
38442,47
38443,37
38444,44
38445,18
38446,20
38447,48
38448,26
38449,41
38450,45
38451,52
38452,20
38453,47
38454,55
38455,62
38456,61
38457,47
38458,34
38459,48
38460,51
38461,35
38462,38
38463,22
38464,58
38465,42
38466,29
38467,27
38468,51
38469,62
38470,55
38471,27
38472,52
38473,28
38474,31
38475,51
38476,18
38477,30
38478,39
38479,35
38480,22
38481,40
38482,19
38483,18
38484,63
38485,18
38486,28
38487,34
38488,32
38489,38
38490,49
38491,51
38492,64
38493,63
38494,54
38495,50
38496,44
38497,51
38498,64
38499,32
38500,18
38501,30
38502,50
38503,50
38504,42
38505,64
38506,54
38507,49
38508,57
38509,31
38510,38
38511,25
38512,23
38513,19
38514,22
38515,22
38516,43
38517,30
38518,34
38519,26
38520,36
38521,46
38522,38
38523,50
38524,22
38525,55
38526,56
38527,21
38528,35
38529,34
38530,23
38531,27
38532,43
38533,55
38534,45
38535,45
38536,47
38537,56
38538,30
38539,51
38540,54
38541,40
38542,47
38543,37
38544,44
38545,18
38546,20
38547,48
38548,26
38549,41
38550,45
38551,52
38552,20
38553,47
38554,55
38555,62
38556,61
38557,47
38558,34
38559,48
38560,51
38561,35
38562,38
38563,22
38564,58
38565,42
38566,29
38567,27
38568,51
38569,62
38570,55
38571,27
38572,52
38573,28
38574,31
38575,51
38576,18
38577,30
38578,39
38579,35
38580,22
38581,40
38582,19
38583,18
38584,63
38585,18
38586,28
38587,34
38588,32
38589,38
38590,49
38591,51
38592,64
38593,63
38594,54
38595,50
38596,44
38597,51
38598,64
38599,32
38600,18
38601,30
38602,50
38603,50
38604,42
38605,64
38606,54
38607,49
38608,57
38609,31
38610,38
38611,25
38612,23
38613,19
38614,22
38615,22
38616,43
38617,30
38618,34
38619,26
38620,36
38621,46
38622,38
38623,50
38624,22
38625,55
38626,56
38627,21
38628,35
38629,34
38630,23
38631,27
38632,43
38633,55
38634,45
38635,45
38636,47
38637,56
38638,30
38639,51
38640,54
38641,40
38642,47
38643,37
38644,44
38645,18
38646,20
38647,48
38648,26
38649,41
38650,45
38651,52
38652,20
38653,47
38654,55
38655,62
38656,61
38657,47
38658,34
38659,48
38660,51
38661,35
38662,38
38663,22
38664,58
38665,42
38666,29
38667,27
38668,51
38669,62
38670,55
38671,27
38672,52
38673,28
38674,31
38675,51
38676,18
38677,30
38678,39
38679,35
38680,22
38681,40
38682,19
38683,18
38684,63
38685,18
38686,28
38687,34
38688,32
38689,38
38690,49
38691,51
38692,64
38693,63
38694,54
38695,50
38696,44
38697,51
38698,64
38699,32
38700,18
38701,30
38702,50
38703,50
38704,42
38705,64
38706,54
38707,49
38708,57
38709,31
38710,38
38711,25
38712,23
38713,19
38714,22
38715,22
38716,43
38717,30
38718,34
38719,26
38720,36
38721,46
38722,38
38723,50
38724,22
38725,55
38726,56
38727,21
38728,35
38729,34
38730,23
38731,27
38732,43
38733,55
38734,45
38735,45
38736,47
38737,56
38738,30
38739,51
38740,54
38741,40
38742,47
38743,37
38744,44
38745,18
38746,20
38747,48
38748,26
38749,41
38750,45
38751,52
38752,20
38753,47
38754,55
38755,62
38756,61
38757,47
38758,34
38759,48
38760,51
38761,35
38762,38
38763,22
38764,58
38765,42
38766,29
38767,27
38768,51
38769,62
38770,55
38771,27
38772,52
38773,28
38774,31
38775,51
38776,18
38777,30
38778,39
38779,35
38780,22
38781,40
38782,19
38783,18
38784,63
38785,18
38786,28
38787,34
38788,32
38789,38
38790,49
38791,51
38792,64
38793,63
38794,54
38795,50
38796,44
38797,51
38798,64
38799,32
38800,18
38801,30
38802,50
38803,50
38804,42
38805,64
38806,54
38807,49
38808,57
38809,31
38810,38
38811,25
38812,23
38813,19
38814,22
38815,22
38816,43
38817,30
38818,34
38819,26
38820,36
38821,46
38822,38
38823,50
38824,22
38825,55
38826,56
38827,21
38828,35
38829,34
38830,23
38831,27
38832,43
38833,55
38834,45
38835,45
38836,47
38837,56
38838,30
38839,51
38840,54
38841,40
38842,47
38843,37
38844,44
38845,18
38846,20
38847,48
38848,26
38849,41
38850,45
38851,52
38852,20
38853,47
38854,55
38855,62
38856,61
38857,47
38858,34
38859,48
38860,51
38861,35
38862,38
38863,22
38864,58
38865,42
38866,29
38867,27
38868,51
38869,62
38870,55
38871,27
38872,52
38873,28
38874,31
38875,51
38876,18
38877,30
38878,39
38879,35
38880,22
38881,40
38882,19
38883,18
38884,63
38885,18
38886,28
38887,34
38888,32
38889,38
38890,49
38891,51
38892,64
38893,63
38894,54
38895,50
38896,44
38897,51
38898,64
38899,32
38900,18
38901,30
38902,50
38903,50
38904,42
38905,64
38906,54
38907,49
38908,57
38909,31
38910,38
38911,25
38912,23
38913,19
38914,22
38915,22
38916,43
38917,30
38918,34
38919,26
38920,36
38921,46
38922,38
38923,50
38924,22
38925,55
38926,56
38927,21
38928,35
38929,34
38930,23
38931,27
38932,43
38933,55
38934,45
38935,45
38936,47
38937,56
38938,30
38939,51
38940,54
38941,40
38942,47
38943,37
38944,44
38945,18
38946,20
38947,48
38948,26
38949,41
38950,45
38951,52
38952,20
38953,47
38954,55
38955,62
38956,61
38957,47
38958,34
38959,48
38960,51
38961,35
38962,38
38963,22
38964,58
38965,42
38966,29
38967,27
38968,51
38969,62
38970,55
38971,27
38972,52
38973,28
38974,31
38975,51
38976,18
38977,30
38978,39
38979,35
38980,22
38981,40
38982,19
38983,18
38984,63
38985,18
38986,28
38987,34
38988,32
38989,38
38990,49
38991,51
38992,64
38993,63
38994,54
38995,50
38996,44
38997,51
38998,64
38999,32
39000,18
39001,30
39002,50
39003,50
39004,42
39005,64
39006,54
39007,49
39008,57
39009,31
39010,38
39011,25
39012,23
39013,19
39014,22
39015,22
39016,43
39017,30
39018,34
39019,26
39020,36
39021,46
39022,38
39023,50
39024,22
39025,55
39026,56
39027,21
39028,35
39029,34
39030,23
39031,27
39032,43
39033,55
39034,45
39035,45
39036,47
39037,56
39038,30
39039,51
39040,54
39041,40
39042,47
39043,37
39044,44
39045,18
39046,20
39047,48
39048,26
39049,41
39050,45
39051,52
39052,20
39053,47
39054,55
39055,62
39056,61
39057,47
39058,34
39059,48
39060,51
39061,35
39062,38
39063,22
39064,58
39065,42
39066,29
39067,27
39068,51
39069,62
39070,55
39071,27
39072,52
39073,28
39074,31
39075,51
39076,18
39077,30
39078,39
39079,35
39080,22
39081,40
39082,19
39083,18
39084,63
39085,18
39086,28
39087,34
39088,32
39089,38
39090,49
39091,51
39092,64
39093,63
39094,54
39095,50
39096,44
39097,51
39098,64
39099,32
39100,18
39101,30
39102,50
39103,50
39104,42
39105,64
39106,54
39107,49
39108,57
39109,31
39110,38
39111,25
39112,23
39113,19
39114,22
39115,22
39116,43
39117,30
39118,34
39119,26
39120,36
39121,46
39122,38
39123,50
39124,22
39125,55
39126,56
39127,21
39128,35
39129,34
39130,23
39131,27
39132,43
39133,55
39134,45
39135,45
39136,47
39137,56
39138,30
39139,51
39140,54
39141,40
39142,47
39143,37
39144,44
39145,18
39146,20
39147,48
39148,26
39149,41
39150,45
39151,52
39152,20
39153,47
39154,55
39155,62
39156,61
39157,47
39158,34
39159,48
39160,51
39161,35
39162,38
39163,22
39164,58
39165,42
39166,29
39167,27
39168,51
39169,62
39170,55
39171,27
39172,52
39173,28
39174,31
39175,51
39176,18
39177,30
39178,39
39179,35
39180,22
39181,40
39182,19
39183,18
39184,63
39185,18
39186,28
39187,34
39188,32
39189,38
39190,49
39191,51
39192,64
39193,63
39194,54
39195,50
39196,44
39197,51
39198,64
39199,32
39200,18
39201,30
39202,50
39203,50
39204,42
39205,64
39206,54
39207,49
39208,57
39209,31
39210,38
39211,25
39212,23
39213,19
39214,22
39215,22
39216,43
39217,30
39218,34
39219,26
39220,36
39221,46
39222,38
39223,50
39224,22
39225,55
39226,56
39227,21
39228,35
39229,34
39230,23
39231,27
39232,43
39233,55
39234,45
39235,45
39236,47
39237,56
39238,30
39239,51
39240,54
39241,40
39242,47
39243,37
39244,44
39245,18
39246,20
39247,48
39248,26
39249,41
39250,45
39251,52
39252,20
39253,47
39254,55
39255,62
39256,61
39257,47
39258,34
39259,48
39260,51
39261,35
39262,38
39263,22
39264,58
39265,42
39266,29
39267,27
39268,51
39269,62
39270,55
39271,27
39272,52
39273,28
39274,31
39275,51
39276,18
39277,30
39278,39
39279,35
39280,22
39281,40
39282,19
39283,18
39284,63
39285,18
39286,28
39287,34
39288,32
39289,38
39290,49
39291,51
39292,64
39293,63
39294,54
39295,50
39296,44
39297,51
39298,64
39299,32
39300,18
39301,30
39302,50
39303,50
39304,42
39305,64
39306,54
39307,49
39308,57
39309,31
39310,38
39311,25
39312,23
39313,19
39314,22
39315,22
39316,43
39317,30
39318,34
39319,26
39320,36
39321,46
39322,38
39323,50
39324,22
39325,55
39326,56
39327,21
39328,35
39329,34
39330,23
39331,27
39332,43
39333,55
39334,45
39335,45
39336,47
39337,56
39338,30
39339,51
39340,54
39341,40
39342,47
39343,37
39344,44
39345,18
39346,20
39347,48
39348,26
39349,41
39350,45
39351,52
39352,20
39353,47
39354,55
39355,62
39356,61
39357,47
39358,34
39359,48
39360,51
39361,35
39362,38
39363,22
39364,58
39365,42
39366,29
39367,27
39368,51
39369,62
39370,55
39371,27
39372,52
39373,28
39374,31
39375,51
39376,18
39377,30
39378,39
39379,35
39380,22
39381,40
39382,19
39383,18
39384,63
39385,18
39386,28
39387,34
39388,32
39389,38
39390,49
39391,51
39392,64
39393,63
39394,54
39395,50
39396,44
39397,51
39398,64
39399,32
39400,18
39401,30
39402,50
39403,50
39404,42
39405,64
39406,54
39407,49
39408,57
39409,31
39410,38
39411,25
39412,23
39413,19
39414,22
39415,22
39416,43
39417,30
39418,34
39419,26
39420,36
39421,46
39422,38
39423,50
39424,22
39425,55
39426,56
39427,21
39428,35
39429,34
39430,23
39431,27
39432,43
39433,55
39434,45
39435,45
39436,47
39437,56
39438,30
39439,51
39440,54
39441,40
39442,47
39443,37
39444,44
39445,18
39446,20
39447,48
39448,26
39449,41
39450,45
39451,52
39452,20
39453,47
39454,55
39455,62
39456,61
39457,47
39458,34
39459,48
39460,51
39461,35
39462,38
39463,22
39464,58
39465,42
39466,29
39467,27
39468,51
39469,62
39470,55
39471,27
39472,52
39473,28
39474,31
39475,51
39476,18
39477,30
39478,39
39479,35
39480,22
39481,40
39482,19
39483,18
39484,63
39485,18
39486,28
39487,34
39488,32
39489,38
39490,49
39491,51
39492,64
39493,63
39494,54
39495,50
39496,44
39497,51
39498,64
39499,32
39500,18
39501,30
39502,50
39503,50
39504,42
39505,64
39506,54
39507,49
39508,57
39509,31
39510,38
39511,25
39512,23
39513,19
39514,22
39515,22
39516,43
39517,30
39518,34
39519,26
39520,36
39521,46
39522,38
39523,50
39524,22
39525,55
39526,56
39527,21
39528,35
39529,34
39530,23
39531,27
39532,43
39533,55
39534,45
39535,45
39536,47
39537,56
39538,30
39539,51
39540,54
39541,40
39542,47
39543,37
39544,44
39545,18
39546,20
39547,48
39548,26
39549,41
39550,45
39551,52
39552,20
39553,47
39554,55
39555,62
39556,61
39557,47
39558,34
39559,48
39560,51
39561,35
39562,38
39563,22
39564,58
39565,42
39566,29
39567,27
39568,51
39569,62
39570,55
39571,27
39572,52
39573,28
39574,31
39575,51
39576,18
39577,30
39578,39
39579,35
39580,22
39581,40
39582,19
39583,18
39584,63
39585,18
39586,28
39587,34
39588,32
39589,38
39590,49
39591,51
39592,64
39593,63
39594,54
39595,50
39596,44
39597,51
39598,64
39599,32
39600,18
39601,30
39602,50
39603,50
39604,42
39605,64
39606,54
39607,49
39608,57
39609,31
39610,38
39611,25
39612,23
39613,19
39614,22
39615,22
39616,43
39617,30
39618,34
39619,26
39620,36
39621,46
39622,38
39623,50
39624,22
39625,55
39626,56
39627,21
39628,35
39629,34
39630,23
39631,27
39632,43
39633,55
39634,45
39635,45
39636,47
39637,56
39638,30
39639,51
39640,54
39641,40
39642,47
39643,37
39644,44
39645,18
39646,20
39647,48
39648,26
39649,41
39650,45
39651,52
39652,20
39653,47
39654,55
39655,62
39656,61
39657,47
39658,34
39659,48
39660,51
39661,35
39662,38
39663,22
39664,58
39665,42
39666,29
39667,27
39668,51
39669,62
39670,55
39671,27
39672,52
39673,28
39674,31
39675,51
39676,18
39677,30
39678,39
39679,35
39680,22
39681,40
39682,19
39683,18
39684,63
39685,18
39686,28
39687,34
39688,32
39689,38
39690,49
39691,51
39692,64
39693,63
39694,54
39695,50
39696,44
39697,51
39698,64
39699,32
39700,18
39701,30
39702,50
39703,50
39704,42
39705,64
39706,54
39707,49
39708,57
39709,31
39710,38
39711,25
39712,23
39713,19
39714,22
39715,22
39716,43
39717,30
39718,34
39719,26
39720,36
39721,46
39722,38
39723,50
39724,22
39725,55
39726,56
39727,21
39728,35
39729,34
39730,23
39731,27
39732,43
39733,55
39734,45
39735,45
39736,47
39737,56
39738,30
39739,51
39740,54
39741,40
39742,47
39743,37
39744,44
39745,18
39746,20
39747,48
39748,26
39749,41
39750,45
39751,52
39752,20
39753,47
39754,55
39755,62
39756,61
39757,47
39758,34
39759,48
39760,51
39761,35
39762,38
39763,22
39764,58
39765,42
39766,29
39767,27
39768,51
39769,62
39770,55
39771,27
39772,52
39773,28
39774,31
39775,51
39776,18
39777,30
39778,39
39779,35
39780,22
39781,40
39782,19
39783,18
39784,63
39785,18
39786,28
39787,34
39788,32
39789,38
39790,49
39791,51
39792,64
39793,63
39794,54
39795,50
39796,44
39797,51
39798,64
39799,32
39800,18
39801,30
39802,50
39803,50
39804,42
39805,64
39806,54
39807,49
39808,57
39809,31
39810,38
39811,25
39812,23
39813,19
39814,22
39815,22
39816,43
39817,30
39818,34
39819,26
39820,36
39821,46
39822,38
39823,50
39824,22
39825,55
39826,56
39827,21
39828,35
39829,34
39830,23
39831,27
39832,43
39833,55
39834,45
39835,45
39836,47
39837,56
39838,30
39839,51
39840,54
39841,40
39842,47
39843,37
39844,44
39845,18
39846,20
39847,48
39848,26
39849,41
39850,45
39851,52
39852,20
39853,47
39854,55
39855,62
39856,61
39857,47
39858,34
39859,48
39860,51
39861,35
39862,38
39863,22
39864,58
39865,42
39866,29
39867,27
39868,51
39869,62
39870,55
39871,27
39872,52
39873,28
39874,31
39875,51
39876,18
39877,30
39878,39
39879,35
39880,22
39881,40
39882,19
39883,18
39884,63
39885,18
39886,28
39887,34
39888,32
39889,38
39890,49
39891,51
39892,64
39893,63
39894,54
39895,50
39896,44
39897,51
39898,64
39899,32
39900,18
39901,30
39902,50
39903,50
39904,42
39905,64
39906,54
39907,49
39908,57
39909,31
39910,38
39911,25
39912,23
39913,19
39914,22
39915,22
39916,43
39917,30
39918,34
39919,26
39920,36
39921,46
39922,38
39923,50
39924,22
39925,55
39926,56
39927,21
39928,35
39929,34
39930,23
39931,27
39932,43
39933,55
39934,45
39935,45
39936,47
39937,56
39938,30
39939,51
39940,54
39941,40
39942,47
39943,37
39944,44
39945,18
39946,20
39947,48
39948,26
39949,41
39950,45
39951,52
39952,20
39953,47
39954,55
39955,62
39956,61
39957,47
39958,34
39959,48
39960,51
39961,35
39962,38
39963,22
39964,58
39965,42
39966,29
39967,27
39968,51
39969,62
39970,55
39971,27
39972,52
39973,28
39974,31
39975,51
39976,18
39977,30
39978,39
39979,35
39980,22
39981,40
39982,19
39983,18
39984,63
39985,18
39986,28
39987,34
39988,32
39989,38
39990,49
39991,51
39992,64
39993,63
39994,54
39995,50
39996,44
39997,51
39998,64
39999,32
40000,18
40001,30
40002,50
40003,50
40004,42
40005,64
40006,54
40007,49
40008,57
40009,31
40010,38
40011,25
40012,23
40013,19
40014,22
40015,22
40016,43
40017,30
40018,34
40019,26
40020,36
40021,46
40022,38
40023,50
40024,22
40025,55
40026,56
40027,21
40028,35
40029,34
40030,23
40031,27
40032,43
40033,55
40034,45
40035,45
40036,47
40037,56
40038,30
40039,51
40040,54
40041,40
40042,47
40043,37
40044,44
40045,18
40046,20
40047,48
40048,26
40049,41
40050,45
40051,52
40052,20
40053,47
40054,55
40055,62
40056,61
40057,47
40058,34
40059,48
40060,51
40061,35
40062,38
40063,22
40064,58
40065,42
40066,29
40067,27
40068,51
40069,62
40070,55
40071,27
40072,52
40073,28
40074,31
40075,51
40076,18
40077,30
40078,39
40079,35
40080,22
40081,40
40082,19
40083,18
40084,63
40085,18
40086,28
40087,34
40088,32
40089,38
40090,49
40091,51
40092,64
40093,63
40094,54
40095,50
40096,44
40097,51
40098,64
40099,32
40100,18
40101,30
40102,50
40103,50
40104,42
40105,64
40106,54
40107,49
40108,57
40109,31
40110,38
40111,25
40112,23
40113,19
40114,22
40115,22
40116,43
40117,30
40118,34
40119,26
40120,36
40121,46
40122,38
40123,50
40124,22
40125,55
40126,56
40127,21
40128,35
40129,34
40130,23
40131,27
40132,43
40133,55
40134,45
40135,45
40136,47
40137,56
40138,30
40139,51
40140,54
40141,40
40142,47
40143,37
40144,44
40145,18
40146,20
40147,48
40148,26
40149,41
40150,45
40151,52
40152,20
40153,47
40154,55
40155,62
40156,61
40157,47
40158,34
40159,48
40160,51
40161,35
40162,38
40163,22
40164,58
40165,42
40166,29
40167,27
40168,51
40169,62
40170,55
40171,27
40172,52
40173,28
40174,31
40175,51
40176,18
40177,30
40178,39
40179,35
40180,22
40181,40
40182,19
40183,18
40184,63
40185,18
40186,28
40187,34
40188,32
40189,38
40190,49
40191,51
40192,64
40193,63
40194,54
40195,50
40196,44
40197,51
40198,64
40199,32
40200,18
40201,30
40202,50
40203,50
40204,42
40205,64
40206,54
40207,49
40208,57
40209,31
40210,38
40211,25
40212,23
40213,19
40214,22
40215,22
40216,43
40217,30
40218,34
40219,26
40220,36
40221,46
40222,38
40223,50
40224,22
40225,55
40226,56
40227,21
40228,35
40229,34
40230,23
40231,27
40232,43
40233,55
40234,45
40235,45
40236,47
40237,56
40238,30
40239,51
40240,54
40241,40
40242,47
40243,37
40244,44
40245,18
40246,20
40247,48
40248,26
40249,41
40250,45
40251,52
40252,20
40253,47
40254,55
40255,62
40256,61
40257,47
40258,34
40259,48
40260,51
40261,35
40262,38
40263,22
40264,58
40265,42
40266,29
40267,27
40268,51
40269,62
40270,55
40271,27
40272,52
40273,28
40274,31
40275,51
40276,18
40277,30
40278,39
40279,35
40280,22
40281,40
40282,19
40283,18
40284,63
40285,18
40286,28
40287,34
40288,32
40289,38
40290,49
40291,51
40292,64
40293,63
40294,54
40295,50
40296,44
40297,51
40298,64
40299,32
40300,18
40301,30
40302,50
40303,50
40304,42
40305,64
40306,54
40307,49
40308,57
40309,31
40310,38
40311,25
40312,23
40313,19
40314,22
40315,22
40316,43
40317,30
40318,34
40319,26
40320,36
40321,46
40322,38
40323,50
40324,22
40325,55
40326,56
40327,21
40328,35
40329,34
40330,23
40331,27
40332,43
40333,55
40334,45
40335,45
40336,47
40337,56
40338,30
40339,51
40340,54
40341,40
40342,47
40343,37
40344,44
40345,18
40346,20
40347,48
40348,26
40349,41
40350,45
40351,52
40352,20
40353,47
40354,55
40355,62
40356,61
40357,47
40358,34
40359,48
40360,51
40361,35
40362,38
40363,22
40364,58
40365,42
40366,29
40367,27
40368,51
40369,62
40370,55
40371,27
40372,52
40373,28
40374,31
40375,51
40376,18
40377,30
40378,39
40379,35
40380,22
40381,40
40382,19
40383,18
40384,63
40385,18
40386,28
40387,34
40388,32
40389,38
40390,49
40391,51
40392,64
40393,63
40394,54
40395,50
40396,44
40397,51
40398,64
40399,32
40400,18
40401,30
40402,50
40403,50
40404,42
40405,64
40406,54
40407,49
40408,57
40409,31
40410,38
40411,25
40412,23
40413,19
40414,22
40415,22
40416,43
40417,30
40418,34
40419,26
40420,36
40421,46
40422,38
40423,50
40424,22
40425,55
40426,56
40427,21
40428,35
40429,34
40430,23
40431,27
40432,43
40433,55
40434,45
40435,45
40436,47
40437,56
40438,30
40439,51
40440,54
40441,40
40442,47
40443,37
40444,44
40445,18
40446,20
40447,48
40448,26
40449,41
40450,45
40451,52
40452,20
40453,47
40454,55
40455,62
40456,61
40457,47
40458,34
40459,48
40460,51
40461,35
40462,38
40463,22
40464,58
40465,42
40466,29
40467,27
40468,51
40469,62
40470,55
40471,27
40472,52
40473,28
40474,31
40475,51
40476,18
40477,30
40478,39
40479,35
40480,22
40481,40
40482,19
40483,18
40484,63
40485,18
40486,28
40487,34
40488,32
40489,38
40490,49
40491,51
40492,64
40493,63
40494,54
40495,50
40496,44
40497,51
40498,64
40499,32
40500,18
40501,30
40502,50
40503,50
40504,42
40505,64
40506,54
40507,49
40508,57
40509,31
40510,38
40511,25
40512,23
40513,19
40514,22
40515,22
40516,43
40517,30
40518,34
40519,26
40520,36
40521,46
40522,38
40523,50
40524,22
40525,55
40526,56
40527,21
40528,35
40529,34
40530,23
40531,27
40532,43
40533,55
40534,45
40535,45
40536,47
40537,56
40538,30
40539,51
40540,54
40541,40
40542,47
40543,37
40544,44
40545,18
40546,20
40547,48
40548,26
40549,41
40550,45
40551,52
40552,20
40553,47
40554,55
40555,62
40556,61
40557,47
40558,34
40559,48
40560,51
40561,35
40562,38
40563,22
40564,58
40565,42
40566,29
40567,27
40568,51
40569,62
40570,55
40571,27
40572,52
40573,28
40574,31
40575,51
40576,18
40577,30
40578,39
40579,35
40580,22
40581,40
40582,19
40583,18
40584,63
40585,18
40586,28
40587,34
40588,32
40589,38
40590,49
40591,51
40592,64
40593,63
40594,54
40595,50
40596,44
40597,51
40598,64
40599,32
40600,18
40601,30
40602,50
40603,50
40604,42
40605,64
40606,54
40607,49
40608,57
40609,31
40610,38
40611,25
40612,23
40613,19
40614,22
40615,22
40616,43
40617,30
40618,34
40619,26
40620,36
40621,46
40622,38
40623,50
40624,22
40625,55
40626,56
40627,21
40628,35
40629,34
40630,23
40631,27
40632,43
40633,55
40634,45
40635,45
40636,47
40637,56
40638,30
40639,51
40640,54
40641,40
40642,47
40643,37
40644,44
40645,18
40646,20
40647,48
40648,26
40649,41
40650,45
40651,52
40652,20
40653,47
40654,55
40655,62
40656,61
40657,47
40658,34
40659,48
40660,51
40661,35
40662,38
40663,22
40664,58
40665,42
40666,29
40667,27
40668,51
40669,62
40670,55
40671,27
40672,52
40673,28
40674,31
40675,51
40676,18
40677,30
40678,39
40679,35
40680,22
40681,40
40682,19
40683,18
40684,63
40685,18
40686,28
40687,34
40688,32
40689,38
40690,49
40691,51
40692,64
40693,63
40694,54
40695,50
40696,44
40697,51
40698,64
40699,32
40700,18
40701,30
40702,50
40703,50
40704,42
40705,64
40706,54
40707,49
40708,57
40709,31
40710,38
40711,25
40712,23
40713,19
40714,22
40715,22
40716,43
40717,30
40718,34
40719,26
40720,36
40721,46
40722,38
40723,50
40724,22
40725,55
40726,56
40727,21
40728,35
40729,34
40730,23
40731,27
40732,43
40733,55
40734,45
40735,45
40736,47
40737,56
40738,30
40739,51
40740,54
40741,40
40742,47
40743,37
40744,44
40745,18
40746,20
40747,48
40748,26
40749,41
40750,45
40751,52
40752,20
40753,47
40754,55
40755,62
40756,61
40757,47
40758,34
40759,48
40760,51
40761,35
40762,38
40763,22
40764,58
40765,42
40766,29
40767,27
40768,51
40769,62
40770,55
40771,27
40772,52
40773,28
40774,31
40775,51
40776,18
40777,30
40778,39
40779,35
40780,22
40781,40
40782,19
40783,18
40784,63
40785,18
40786,28
40787,34
40788,32
40789,38
40790,49
40791,51
40792,64
40793,63
40794,54
40795,50
40796,44
40797,51
40798,64
40799,32
40800,18
40801,30
40802,50
40803,50
40804,42
40805,64
40806,54
40807,49
40808,57
40809,31
40810,38
40811,25
40812,23
40813,19
40814,22
40815,22
40816,43
40817,30
40818,34
40819,26
40820,36
40821,46
40822,38
40823,50
40824,22
40825,55
40826,56
40827,21
40828,35
40829,34
40830,23
40831,27
40832,43
40833,55
40834,45
40835,45
40836,47
40837,56
40838,30
40839,51
40840,54
40841,40
40842,47
40843,37
40844,44
40845,18
40846,20
40847,48
40848,26
40849,41
40850,45
40851,52
40852,20
40853,47
40854,55
40855,62
40856,61
40857,47
40858,34
40859,48
40860,51
40861,35
40862,38
40863,22
40864,58
40865,42
40866,29
40867,27
40868,51
40869,62
40870,55
40871,27
40872,52
40873,28
40874,31
40875,51
40876,18
40877,30
40878,39
40879,35
40880,22
40881,40
40882,19
40883,18
40884,63
40885,18
40886,28
40887,34
40888,32
40889,38
40890,49
40891,51
40892,64
40893,63
40894,54
40895,50
40896,44
40897,51
40898,64
40899,32
40900,18
40901,30
40902,50
40903,50
40904,42
40905,64
40906,54
40907,49
40908,57
40909,31
40910,38
40911,25
40912,23
40913,19
40914,22
40915,22
40916,43
40917,30
40918,34
40919,26
40920,36
40921,46
40922,38
40923,50
40924,22
40925,55
40926,56
40927,21
40928,35
40929,34
40930,23
40931,27
40932,43
40933,55
40934,45
40935,45
40936,47
40937,56
40938,30
40939,51
40940,54
40941,40
40942,47
40943,37
40944,44
40945,18
40946,20
40947,48
40948,26
40949,41
40950,45
40951,52
40952,20
40953,47
40954,55
40955,62
40956,61
40957,47
40958,34
40959,48
40960,51
40961,35
40962,38
40963,22
40964,58
40965,42
40966,29
40967,27
40968,51
40969,62
40970,55
40971,27
40972,52
40973,28
40974,31
40975,51
40976,18
40977,30
40978,39
40979,35
40980,22
40981,40
40982,19
40983,18
40984,63
40985,18
40986,28
40987,34
40988,32
40989,38
40990,49
40991,51
40992,64
40993,63
40994,54
40995,50
40996,44
40997,51
40998,64
40999,32
41000,18
41001,30
41002,50
41003,50
41004,42
41005,64
41006,54
41007,49
41008,57
41009,31
41010,38
41011,25
41012,23
41013,19
41014,22
41015,22
41016,43
41017,30
41018,34
41019,26
41020,36
41021,46
41022,38
41023,50
41024,22
41025,55
41026,56
41027,21
41028,35
41029,34
41030,23
41031,27
41032,43
41033,55
41034,45
41035,45
41036,47
41037,56
41038,30
41039,51
41040,54
41041,40
41042,47
41043,37
41044,44
41045,18
41046,20
41047,48
41048,26
41049,41
41050,45
41051,52
41052,20
41053,47
41054,55
41055,62
41056,61
41057,47
41058,34
41059,48
41060,51
41061,35
41062,38
41063,22
41064,58
41065,42
41066,29
41067,27
41068,51
41069,62
41070,55
41071,27
41072,52
41073,28
41074,31
41075,51
41076,18
41077,30
41078,39
41079,35
41080,22
41081,40
41082,19
41083,18
41084,63
41085,18
41086,28
41087,34
41088,32
41089,38
41090,49
41091,51
41092,64
41093,63
41094,54
41095,50
41096,44
41097,51
41098,64
41099,32
41100,18
41101,30
41102,50
41103,50
41104,42
41105,64
41106,54
41107,49
41108,57
41109,31
41110,38
41111,25
41112,23
41113,19
41114,22
41115,22
41116,43
41117,30
41118,34
41119,26
41120,36
41121,46
41122,38
41123,50
41124,22
41125,55
41126,56
41127,21
41128,35
41129,34
41130,23
41131,27
41132,43
41133,55
41134,45
41135,45
41136,47
41137,56
41138,30
41139,51
41140,54
41141,40
41142,47
41143,37
41144,44
41145,18
41146,20
41147,48
41148,26
41149,41
41150,45
41151,52
41152,20
41153,47
41154,55
41155,62
41156,61
41157,47
41158,34
41159,48
41160,51
41161,35
41162,38
41163,22
41164,58
41165,42
41166,29
41167,27
41168,51
41169,62
41170,55
41171,27
41172,52
41173,28
41174,31
41175,51
41176,18
41177,30
41178,39
41179,35
41180,22
41181,40
41182,19
41183,18
41184,63
41185,18
41186,28
41187,34
41188,32
41189,38
41190,49
41191,51
41192,64
41193,63
41194,54
41195,50
41196,44
41197,51
41198,64
41199,32
41200,18
41201,30
41202,50
41203,50
41204,42
41205,64
41206,54
41207,49
41208,57
41209,31
41210,38
41211,25
41212,23
41213,19
41214,22
41215,22
41216,43
41217,30
41218,34
41219,26
41220,36
41221,46
41222,38
41223,50
41224,22
41225,55
41226,56
41227,21
41228,35
41229,34
41230,23
41231,27
41232,43
41233,55
41234,45
41235,45
41236,47
41237,56
41238,30
41239,51
41240,54
41241,40
41242,47
41243,37
41244,44
41245,18
41246,20
41247,48
41248,26
41249,41
41250,45
41251,52
41252,20
41253,47
41254,55
41255,62
41256,61
41257,47
41258,34
41259,48
41260,51
41261,35
41262,38
41263,22
41264,58
41265,42
41266,29
41267,27
41268,51
41269,62
41270,55
41271,27
41272,52
41273,28
41274,31
41275,51
41276,18
41277,30
41278,39
41279,35
41280,22
41281,40
41282,19
41283,18
41284,63
41285,18
41286,28
41287,34
41288,32
41289,38
41290,49
41291,51
41292,64
41293,63
41294,54
41295,50
41296,44
41297,51
41298,64
41299,32
41300,18
41301,30
41302,50
41303,50
41304,42
41305,64
41306,54
41307,49
41308,57
41309,31
41310,38
41311,25
41312,23
41313,19
41314,22
41315,22
41316,43
41317,30
41318,34
41319,26
41320,36
41321,46
41322,38
41323,50
41324,22
41325,55
41326,56
41327,21
41328,35
41329,34
41330,23
41331,27
41332,43
41333,55
41334,45
41335,45
41336,47
41337,56
41338,30
41339,51
41340,54
41341,40
41342,47
41343,37
41344,44
41345,18
41346,20
41347,48
41348,26
41349,41
41350,45
41351,52
41352,20
41353,47
41354,55
41355,62
41356,61
41357,47
41358,34
41359,48
41360,51
41361,35
41362,38
41363,22
41364,58
41365,42
41366,29
41367,27
41368,51
41369,62
41370,55
41371,27
41372,52
41373,28
41374,31
41375,51
41376,18
41377,30
41378,39
41379,35
41380,22
41381,40
41382,19
41383,18
41384,63
41385,18
41386,28
41387,34
41388,32
41389,38
41390,49
41391,51
41392,64
41393,63
41394,54
41395,50
41396,44
41397,51
41398,64
41399,32
41400,18
41401,30
41402,50
41403,50
41404,42
41405,64
41406,54
41407,49
41408,57
41409,31
41410,38
41411,25
41412,23
41413,19
41414,22
41415,22
41416,43
41417,30
41418,34
41419,26
41420,36
41421,46
41422,38
41423,50
41424,22
41425,55
41426,56
41427,21
41428,35
41429,34
41430,23
41431,27
41432,43
41433,55
41434,45
41435,45
41436,47
41437,56
41438,30
41439,51
41440,54
41441,40
41442,47
41443,37
41444,44
41445,18
41446,20
41447,48
41448,26
41449,41
41450,45
41451,52
41452,20
41453,47
41454,55
41455,62
41456,61
41457,47
41458,34
41459,48
41460,51
41461,35
41462,38
41463,22
41464,58
41465,42
41466,29
41467,27
41468,51
41469,62
41470,55
41471,27
41472,52
41473,28
41474,31
41475,51
41476,18
41477,30
41478,39
41479,35
41480,22
41481,40
41482,19
41483,18
41484,63
41485,18
41486,28
41487,34
41488,32
41489,38
41490,49
41491,51
41492,64
41493,63
41494,54
41495,50
41496,44
41497,51
41498,64
41499,32
41500,18
41501,30
41502,50
41503,50
41504,42
41505,64
41506,54
41507,49
41508,57
41509,31
41510,38
41511,25
41512,23
41513,19
41514,22
41515,22
41516,43
41517,30
41518,34
41519,26
41520,36
41521,46
41522,38
41523,50
41524,22
41525,55
41526,56
41527,21
41528,35
41529,34
41530,23
41531,27
41532,43
41533,55
41534,45
41535,45
41536,47
41537,56
41538,30
41539,51
41540,54
41541,40
41542,47
41543,37
41544,44
41545,18
41546,20
41547,48
41548,26
41549,41
41550,45
41551,52
41552,20
41553,47
41554,55
41555,62
41556,61
41557,47
41558,34
41559,48
41560,51
41561,35
41562,38
41563,22
41564,58
41565,42
41566,29
41567,27
41568,51
41569,62
41570,55
41571,27
41572,52
41573,28
41574,31
41575,51
41576,18
41577,30
41578,39
41579,35
41580,22
41581,40
41582,19
41583,18
41584,63
41585,18
41586,28
41587,34
41588,32
41589,38
41590,49
41591,51
41592,64
41593,63
41594,54
41595,50
41596,44
41597,51
41598,64
41599,32
41600,18
41601,30
41602,50
41603,50
41604,42
41605,64
41606,54
41607,49
41608,57
41609,31
41610,38
41611,25
41612,23
41613,19
41614,22
41615,22
41616,43
41617,30
41618,34
41619,26
41620,36
41621,46
41622,38
41623,50
41624,22
41625,55
41626,56
41627,21
41628,35
41629,34
41630,23
41631,27
41632,43
41633,55
41634,45
41635,45
41636,47
41637,56
41638,30
41639,51
41640,54
41641,40
41642,47
41643,37
41644,44
41645,18
41646,20
41647,48
41648,26
41649,41
41650,45
41651,52
41652,20
41653,47
41654,55
41655,62
41656,61
41657,47
41658,34
41659,48
41660,51
41661,35
41662,38
41663,22
41664,58
41665,42
41666,29
41667,27
41668,51
41669,62
41670,55
41671,27
41672,52
41673,28
41674,31
41675,51
41676,18
41677,30
41678,39
41679,35
41680,22
41681,40
41682,19
41683,18
41684,63
41685,18
41686,28
41687,34
41688,32
41689,38
41690,49
41691,51
41692,64
41693,63
41694,54
41695,50
41696,44
41697,51
41698,64
41699,32
41700,18
41701,30
41702,50
41703,50
41704,42
41705,64
41706,54
41707,49
41708,57
41709,31
41710,38
41711,25
41712,23
41713,19
41714,22
41715,22
41716,43
41717,30
41718,34
41719,26
41720,36
41721,46
41722,38
41723,50
41724,22
41725,55
41726,56
41727,21
41728,35
41729,34
41730,23
41731,27
41732,43
41733,55
41734,45
41735,45
41736,47
41737,56
41738,30
41739,51
41740,54
41741,40
41742,47
41743,37
41744,44
41745,18
41746,20
41747,48
41748,26
41749,41
41750,45
41751,52
41752,20
41753,47
41754,55
41755,62
41756,61
41757,47
41758,34
41759,48
41760,51
41761,35
41762,38
41763,22
41764,58
41765,42
41766,29
41767,27
41768,51
41769,62
41770,55
41771,27
41772,52
41773,28
41774,31
41775,51
41776,18
41777,30
41778,39
41779,35
41780,22
41781,40
41782,19
41783,18
41784,63
41785,18
41786,28
41787,34
41788,32
41789,38
41790,49
41791,51
41792,64
41793,63
41794,54
41795,50
41796,44
41797,51
41798,64
41799,32
41800,18
41801,30
41802,50
41803,50
41804,42
41805,64
41806,54
41807,49
41808,57
41809,31
41810,38
41811,25
41812,23
41813,19
41814,22
41815,22
41816,43
41817,30
41818,34
41819,26
41820,36
41821,46
41822,38
41823,50
41824,22
41825,55
41826,56
41827,21
41828,35
41829,34
41830,23
41831,27
41832,43
41833,55
41834,45
41835,45
41836,47
41837,56
41838,30
41839,51
41840,54
41841,40
41842,47
41843,37
41844,44
41845,18
41846,20
41847,48
41848,26
41849,41
41850,45
41851,52
41852,20
41853,47
41854,55
41855,62
41856,61
41857,47
41858,34
41859,48
41860,51
41861,35
41862,38
41863,22
41864,58
41865,42
41866,29
41867,27
41868,51
41869,62
41870,55
41871,27
41872,52
41873,28
41874,31
41875,51
41876,18
41877,30
41878,39
41879,35
41880,22
41881,40
41882,19
41883,18
41884,63
41885,18
41886,28
41887,34
41888,32
41889,38
41890,49
41891,51
41892,64
41893,63
41894,54
41895,50
41896,44
41897,51
41898,64
41899,32
41900,18
41901,30
41902,50
41903,50
41904,42
41905,64
41906,54
41907,49
41908,57
41909,31
41910,38
41911,25
41912,23
41913,19
41914,22
41915,22
41916,43
41917,30
41918,34
41919,26
41920,36
41921,46
41922,38
41923,50
41924,22
41925,55
41926,56
41927,21
41928,35
41929,34
41930,23
41931,27
41932,43
41933,55
41934,45
41935,45
41936,47
41937,56
41938,30
41939,51
41940,54
41941,40
41942,47
41943,37
41944,44
41945,18
41946,20
41947,48
41948,26
41949,41
41950,45
41951,52
41952,20
41953,47
41954,55
41955,62
41956,61
41957,47
41958,34
41959,48
41960,51
41961,35
41962,38
41963,22
41964,58
41965,42
41966,29
41967,27
41968,51
41969,62
41970,55
41971,27
41972,52
41973,28
41974,31
41975,51
41976,18
41977,30
41978,39
41979,35
41980,22
41981,40
41982,19
41983,18
41984,63
41985,18
41986,28
41987,34
41988,32
41989,38
41990,49
41991,51
41992,64
41993,63
41994,54
41995,50
41996,44
41997,51
41998,64
41999,32
42000,18
42001,30
42002,50
42003,50
42004,42
42005,64
42006,54
42007,49
42008,57
42009,31
42010,38
42011,25
42012,23
42013,19
42014,22
42015,22
42016,43
42017,30
42018,34
42019,26
42020,36
42021,46
42022,38
42023,50
42024,22
42025,55
42026,56
42027,21
42028,35
42029,34
42030,23
42031,27
42032,43
42033,55
42034,45
42035,45
42036,47
42037,56
42038,30
42039,51
42040,54
42041,40
42042,47
42043,37
42044,44
42045,18
42046,20
42047,48
42048,26
42049,41
42050,45
42051,52
42052,20
42053,47
42054,55
42055,62
42056,61
42057,47
42058,34
42059,48
42060,51
42061,35
42062,38
42063,22
42064,58
42065,42
42066,29
42067,27
42068,51
42069,62
42070,55
42071,27
42072,52
42073,28
42074,31
42075,51
42076,18
42077,30
42078,39
42079,35
42080,22
42081,40
42082,19
42083,18
42084,63
42085,18
42086,28
42087,34
42088,32
42089,38
42090,49
42091,51
42092,64
42093,63
42094,54
42095,50
42096,44
42097,51
42098,64
42099,32
42100,18
42101,30
42102,50
42103,50
42104,42
42105,64
42106,54
42107,49
42108,57
42109,31
42110,38
42111,25
42112,23
42113,19
42114,22
42115,22
42116,43
42117,30
42118,34
42119,26
42120,36
42121,46
42122,38
42123,50
42124,22
42125,55
42126,56
42127,21
42128,35
42129,34
42130,23
42131,27
42132,43
42133,55
42134,45
42135,45
42136,47
42137,56
42138,30
42139,51
42140,54
42141,40
42142,47
42143,37
42144,44
42145,18
42146,20
42147,48
42148,26
42149,41
42150,45
42151,52
42152,20
42153,47
42154,55
42155,62
42156,61
42157,47
42158,34
42159,48
42160,51
42161,35
42162,38
42163,22
42164,58
42165,42
42166,29
42167,27
42168,51
42169,62
42170,55
42171,27
42172,52
42173,28
42174,31
42175,51
42176,18
42177,30
42178,39
42179,35
42180,22
42181,40
42182,19
42183,18
42184,63
42185,18
42186,28
42187,34
42188,32
42189,38
42190,49
42191,51
42192,64
42193,63
42194,54
42195,50
42196,44
42197,51
42198,64
42199,32
42200,18
42201,30
42202,50
42203,50
42204,42
42205,64
42206,54
42207,49
42208,57
42209,31
42210,38
42211,25
42212,23
42213,19
42214,22
42215,22
42216,43
42217,30
42218,34
42219,26
42220,36
42221,46
42222,38
42223,50
42224,22
42225,55
42226,56
42227,21
42228,35
42229,34
42230,23
42231,27
42232,43
42233,55
42234,45
42235,45
42236,47
42237,56
42238,30
42239,51
42240,54
42241,40
42242,47
42243,37
42244,44
42245,18
42246,20
42247,48
42248,26
42249,41
42250,45
42251,52
42252,20
42253,47
42254,55
42255,62
42256,61
42257,47
42258,34
42259,48
42260,51
42261,35
42262,38
42263,22
42264,58
42265,42
42266,29
42267,27
42268,51
42269,62
42270,55
42271,27
42272,52
42273,28
42274,31
42275,51
42276,18
42277,30
42278,39
42279,35
42280,22
42281,40
42282,19
42283,18
42284,63
42285,18
42286,28
42287,34
42288,32
42289,38
42290,49
42291,51
42292,64
42293,63
42294,54
42295,50
42296,44
42297,51
42298,64
42299,32
42300,18
42301,30
42302,50
42303,50
42304,42
42305,64
42306,54
42307,49
42308,57
42309,31
42310,38
42311,25
42312,23
42313,19
42314,22
42315,22
42316,43
42317,30
42318,34
42319,26
42320,36
42321,46
42322,38
42323,50
42324,22
42325,55
42326,56
42327,21
42328,35
42329,34
42330,23
42331,27
42332,43
42333,55
42334,45
42335,45
42336,47
42337,56
42338,30
42339,51
42340,54
42341,40
42342,47
42343,37
42344,44
42345,18
42346,20
42347,48
42348,26
42349,41
42350,45
42351,52
42352,20
42353,47
42354,55
42355,62
42356,61
42357,47
42358,34
42359,48
42360,51
42361,35
42362,38
42363,22
42364,58
42365,42
42366,29
42367,27
42368,51
42369,62
42370,55
42371,27
42372,52
42373,28
42374,31
42375,51
42376,18
42377,30
42378,39
42379,35
42380,22
42381,40
42382,19
42383,18
42384,63
42385,18
42386,28
42387,34
42388,32
42389,38
42390,49
42391,51
42392,64
42393,63
42394,54
42395,50
42396,44
42397,51
42398,64
42399,32
42400,18
42401,30
42402,50
42403,50
42404,42
42405,64
42406,54
42407,49
42408,57
42409,31
42410,38
42411,25
42412,23
42413,19
42414,22
42415,22
42416,43
42417,30
42418,34
42419,26
42420,36
42421,46
42422,38
42423,50
42424,22
42425,55
42426,56
42427,21
42428,35
42429,34
42430,23
42431,27
42432,43
42433,55
42434,45
42435,45
42436,47
42437,56
42438,30
42439,51
42440,54
42441,40
42442,47
42443,37
42444,44
42445,18
42446,20
42447,48
42448,26
42449,41
42450,45
42451,52
42452,20
42453,47
42454,55
42455,62
42456,61
42457,47
42458,34
42459,48
42460,51
42461,35
42462,38
42463,22
42464,58
42465,42
42466,29
42467,27
42468,51
42469,62
42470,55
42471,27
42472,52
42473,28
42474,31
42475,51
42476,18
42477,30
42478,39
42479,35
42480,22
42481,40
42482,19
42483,18
42484,63
42485,18
42486,28
42487,34
42488,32
42489,38
42490,49
42491,51
42492,64
42493,63
42494,54
42495,50
42496,44
42497,51
42498,64
42499,32
42500,18
42501,30
42502,50
42503,50
42504,42
42505,64
42506,54
42507,49
42508,57
42509,31
42510,38
42511,25
42512,23
42513,19
42514,22
42515,22
42516,43
42517,30
42518,34
42519,26
42520,36
42521,46
42522,38
42523,50
42524,22
42525,55
42526,56
42527,21
42528,35
42529,34
42530,23
42531,27
42532,43
42533,55
42534,45
42535,45
42536,47
42537,56
42538,30
42539,51
42540,54
42541,40
42542,47
42543,37
42544,44
42545,18
42546,20
42547,48
42548,26
42549,41
42550,45
42551,52
42552,20
42553,47
42554,55
42555,62
42556,61
42557,47
42558,34
42559,48
42560,51
42561,35
42562,38
42563,22
42564,58
42565,42
42566,29
42567,27
42568,51
42569,62
42570,55
42571,27
42572,52
42573,28
42574,31
42575,51
42576,18
42577,30
42578,39
42579,35
42580,22
42581,40
42582,19
42583,18
42584,63
42585,18
42586,28
42587,34
42588,32
42589,38
42590,49
42591,51
42592,64
42593,63
42594,54
42595,50
42596,44
42597,51
42598,64
42599,32
42600,18
42601,30
42602,50
42603,50
42604,42
42605,64
42606,54
42607,49
42608,57
42609,31
42610,38
42611,25
42612,23
42613,19
42614,22
42615,22
42616,43
42617,30
42618,34
42619,26
42620,36
42621,46
42622,38
42623,50
42624,22
42625,55
42626,56
42627,21
42628,35
42629,34
42630,23
42631,27
42632,43
42633,55
42634,45
42635,45
42636,47
42637,56
42638,30
42639,51
42640,54
42641,40
42642,47
42643,37
42644,44
42645,18
42646,20
42647,48
42648,26
42649,41
42650,45
42651,52
42652,20
42653,47
42654,55
42655,62
42656,61
42657,47
42658,34
42659,48
42660,51
42661,35
42662,38
42663,22
42664,58
42665,42
42666,29
42667,27
42668,51
42669,62
42670,55
42671,27
42672,52
42673,28
42674,31
42675,51
42676,18
42677,30
42678,39
42679,35
42680,22
42681,40
42682,19
42683,18
42684,63
42685,18
42686,28
42687,34
42688,32
42689,38
42690,49
42691,51
42692,64
42693,63
42694,54
42695,50
42696,44
42697,51
42698,64
42699,32
42700,18
42701,30
42702,50
42703,50
42704,42
42705,64
42706,54
42707,49
42708,57
42709,31
42710,38
42711,25
42712,23
42713,19
42714,22
42715,22
42716,43
42717,30
42718,34
42719,26
42720,36
42721,46
42722,38
42723,50
42724,22
42725,55
42726,56
42727,21
42728,35
42729,34
42730,23
42731,27
42732,43
42733,55
42734,45
42735,45
42736,47
42737,56
42738,30
42739,51
42740,54
42741,40
42742,47
42743,37
42744,44
42745,18
42746,20
42747,48
42748,26
42749,41
42750,45
42751,52
42752,20
42753,47
42754,55
42755,62
42756,61
42757,47
42758,34
42759,48
42760,51
42761,35
42762,38
42763,22
42764,58
42765,42
42766,29
42767,27
42768,51
42769,62
42770,55
42771,27
42772,52
42773,28
42774,31
42775,51
42776,18
42777,30
42778,39
42779,35
42780,22
42781,40
42782,19
42783,18
42784,63
42785,18
42786,28
42787,34
42788,32
42789,38
42790,49
42791,51
42792,64
42793,63
42794,54
42795,50
42796,44
42797,51
42798,64
42799,32
42800,18
42801,30
42802,50
42803,50
42804,42
42805,64
42806,54
42807,49
42808,57
42809,31
42810,38
42811,25
42812,23
42813,19
42814,22
42815,22
42816,43
42817,30
42818,34
42819,26
42820,36
42821,46
42822,38
42823,50
42824,22
42825,55
42826,56
42827,21
42828,35
42829,34
42830,23
42831,27
42832,43
42833,55
42834,45
42835,45
42836,47
42837,56
42838,30
42839,51
42840,54
42841,40
42842,47
42843,37
42844,44
42845,18
42846,20
42847,48
42848,26
42849,41
42850,45
42851,52
42852,20
42853,47
42854,55
42855,62
42856,61
42857,47
42858,34
42859,48
42860,51
42861,35
42862,38
42863,22
42864,58
42865,42
42866,29
42867,27
42868,51
42869,62
42870,55
42871,27
42872,52
42873,28
42874,31
42875,51
42876,18
42877,30
42878,39
42879,35
42880,22
42881,40
42882,19
42883,18
42884,63
42885,18
42886,28
42887,34
42888,32
42889,38
42890,49
42891,51
42892,64
42893,63
42894,54
42895,50
42896,44
42897,51
42898,64
42899,32
42900,18
42901,30
42902,50
42903,50
42904,42
42905,64
42906,54
42907,49
42908,57
42909,31
42910,38
42911,25
42912,23
42913,19
42914,22
42915,22
42916,43
42917,30
42918,34
42919,26
42920,36
42921,46
42922,38
42923,50
42924,22
42925,55
42926,56
42927,21
42928,35
42929,34
42930,23
42931,27
42932,43
42933,55
42934,45
42935,45
42936,47
42937,56
42938,30
42939,51
42940,54
42941,40
42942,47
42943,37
42944,44
42945,18
42946,20
42947,48
42948,26
42949,41
42950,45
42951,52
42952,20
42953,47
42954,55
42955,62
42956,61
42957,47
42958,34
42959,48
42960,51
42961,35
42962,38
42963,22
42964,58
42965,42
42966,29
42967,27
42968,51
42969,62
42970,55
42971,27
42972,52
42973,28
42974,31
42975,51
42976,18
42977,30
42978,39
42979,35
42980,22
42981,40
42982,19
42983,18
42984,63
42985,18
42986,28
42987,34
42988,32
42989,38
42990,49
42991,51
42992,64
42993,63
42994,54
42995,50
42996,44
42997,51
42998,64
42999,32
43000,18
43001,30
43002,50
43003,50
43004,42
43005,64
43006,54
43007,49
43008,57
43009,31
43010,38
43011,25
43012,23
43013,19
43014,22
43015,22
43016,43
43017,30
43018,34
43019,26
43020,36
43021,46
43022,38
43023,50
43024,22
43025,55
43026,56
43027,21
43028,35
43029,34
43030,23
43031,27
43032,43
43033,55
43034,45
43035,45
43036,47
43037,56
43038,30
43039,51
43040,54
43041,40
43042,47
43043,37
43044,44
43045,18
43046,20
43047,48
43048,26
43049,41
43050,45
43051,52
43052,20
43053,47
43054,55
43055,62
43056,61
43057,47
43058,34
43059,48
43060,51
43061,35
43062,38
43063,22
43064,58
43065,42
43066,29
43067,27
43068,51
43069,62
43070,55
43071,27
43072,52
43073,28
43074,31
43075,51
43076,18
43077,30
43078,39
43079,35
43080,22
43081,40
43082,19
43083,18
43084,63
43085,18
43086,28
43087,34
43088,32
43089,38
43090,49
43091,51
43092,64
43093,63
43094,54
43095,50
43096,44
43097,51
43098,64
43099,32
43100,18
43101,30
43102,50
43103,50
43104,42
43105,64
43106,54
43107,49
43108,57
43109,31
43110,38
43111,25
43112,23
43113,19
43114,22
43115,22
43116,43
43117,30
43118,34
43119,26
43120,36
43121,46
43122,38
43123,50
43124,22
43125,55
43126,56
43127,21
43128,35
43129,34
43130,23
43131,27
43132,43
43133,55
43134,45
43135,45
43136,47
43137,56
43138,30
43139,51
43140,54
43141,40
43142,47
43143,37
43144,44
43145,18
43146,20
43147,48
43148,26
43149,41
43150,45
43151,52
43152,20
43153,47
43154,55
43155,62
43156,61
43157,47
43158,34
43159,48
43160,51
43161,35
43162,38
43163,22
43164,58
43165,42
43166,29
43167,27
43168,51
43169,62
43170,55
43171,27
43172,52
43173,28
43174,31
43175,51
43176,18
43177,30
43178,39
43179,35
43180,22
43181,40
43182,19
43183,18
43184,63
43185,18
43186,28
43187,34
43188,32
43189,38
43190,49
43191,51
43192,64
43193,63
43194,54
43195,50
43196,44
43197,51
43198,64
43199,32
43200,18
43201,30
43202,50
43203,50
43204,42
43205,64
43206,54
43207,49
43208,57
43209,31
43210,38
43211,25
43212,23
43213,19
43214,22
43215,22
43216,43
43217,30
43218,34
43219,26
43220,36
43221,46
43222,38
43223,50
43224,22
43225,55
43226,56
43227,21
43228,35
43229,34
43230,23
43231,27
43232,43
43233,55
43234,45
43235,45
43236,47
43237,56
43238,30
43239,51
43240,54
43241,40
43242,47
43243,37
43244,44
43245,18
43246,20
43247,48
43248,26
43249,41
43250,45
43251,52
43252,20
43253,47
43254,55
43255,62
43256,61
43257,47
43258,34
43259,48
43260,51
43261,35
43262,38
43263,22
43264,58
43265,42
43266,29
43267,27
43268,51
43269,62
43270,55
43271,27
43272,52
43273,28
43274,31
43275,51
43276,18
43277,30
43278,39
43279,35
43280,22
43281,40
43282,19
43283,18
43284,63
43285,18
43286,28
43287,34
43288,32
43289,38
43290,49
43291,51
43292,64
43293,63
43294,54
43295,50
43296,44
43297,51
43298,64
43299,32
43300,18
43301,30
43302,50
43303,50
43304,42
43305,64
43306,54
43307,49
43308,57
43309,31
43310,38
43311,25
43312,23
43313,19
43314,22
43315,22
43316,43
43317,30
43318,34
43319,26
43320,36
43321,46
43322,38
43323,50
43324,22
43325,55
43326,56
43327,21
43328,35
43329,34
43330,23
43331,27
43332,43
43333,55
43334,45
43335,45
43336,47
43337,56
43338,30
43339,51
43340,54
43341,40
43342,47
43343,37
43344,44
43345,18
43346,20
43347,48
43348,26
43349,41
43350,45
43351,52
43352,20
43353,47
43354,55
43355,62
43356,61
43357,47
43358,34
43359,48
43360,51
43361,35
43362,38
43363,22
43364,58
43365,42
43366,29
43367,27
43368,51
43369,62
43370,55
43371,27
43372,52
43373,28
43374,31
43375,51
43376,18
43377,30
43378,39
43379,35
43380,22
43381,40
43382,19
43383,18
43384,63
43385,18
43386,28
43387,34
43388,32
43389,38
43390,49
43391,51
43392,64
43393,63
43394,54
43395,50
43396,44
43397,51
43398,64
43399,32
43400,18
43401,30
43402,50
43403,50
43404,42
43405,64
43406,54
43407,49
43408,57
43409,31
43410,38
43411,25
43412,23
43413,19
43414,22
43415,22
43416,43
43417,30
43418,34
43419,26
43420,36
43421,46
43422,38
43423,50
43424,22
43425,55
43426,56
43427,21
43428,35
43429,34
43430,23
43431,27
43432,43
43433,55
43434,45
43435,45
43436,47
43437,56
43438,30
43439,51
43440,54
43441,40
43442,47
43443,37
43444,44
43445,18
43446,20
43447,48
43448,26
43449,41
43450,45
43451,52
43452,20
43453,47
43454,55
43455,62
43456,61
43457,47
43458,34
43459,48
43460,51
43461,35
43462,38
43463,22
43464,58
43465,42
43466,29
43467,27
43468,51
43469,62
43470,55
43471,27
43472,52
43473,28
43474,31
43475,51
43476,18
43477,30
43478,39
43479,35
43480,22
43481,40
43482,19
43483,18
43484,63
43485,18
43486,28
43487,34
43488,32
43489,38
43490,49
43491,51
43492,64
43493,63
43494,54
43495,50
43496,44
43497,51
43498,64
43499,32
43500,18
43501,30
43502,50
43503,50
43504,42
43505,64
43506,54
43507,49
43508,57
43509,31
43510,38
43511,25
43512,23
43513,19
43514,22
43515,22
43516,43
43517,30
43518,34
43519,26
43520,36
43521,46
43522,38
43523,50
43524,22
43525,55
43526,56
43527,21
43528,35
43529,34
43530,23
43531,27
43532,43
43533,55
43534,45
43535,45
43536,47
43537,56
43538,30
43539,51
43540,54
43541,40
43542,47
43543,37
43544,44
43545,18
43546,20
43547,48
43548,26
43549,41
43550,45
43551,52
43552,20
43553,47
43554,55
43555,62
43556,61
43557,47
43558,34
43559,48
43560,51
43561,35
43562,38
43563,22
43564,58
43565,42
43566,29
43567,27
43568,51
43569,62
43570,55
43571,27
43572,52
43573,28
43574,31
43575,51
43576,18
43577,30
43578,39
43579,35
43580,22
43581,40
43582,19
43583,18
43584,63
43585,18
43586,28
43587,34
43588,32
43589,38
43590,49
43591,51
43592,64
43593,63
43594,54
43595,50
43596,44
43597,51
43598,64
43599,32
43600,18
43601,30
43602,50
43603,50
43604,42
43605,64
43606,54
43607,49
43608,57
43609,31
43610,38
43611,25
43612,23
43613,19
43614,22
43615,22
43616,43
43617,30
43618,34
43619,26
43620,36
43621,46
43622,38
43623,50
43624,22
43625,55
43626,56
43627,21
43628,35
43629,34
43630,23
43631,27
43632,43
43633,55
43634,45
43635,45
43636,47
43637,56
43638,30
43639,51
43640,54
43641,40
43642,47
43643,37
43644,44
43645,18
43646,20
43647,48
43648,26
43649,41
43650,45
43651,52
43652,20
43653,47
43654,55
43655,62
43656,61
43657,47
43658,34
43659,48
43660,51
43661,35
43662,38
43663,22
43664,58
43665,42
43666,29
43667,27
43668,51
43669,62
43670,55
43671,27
43672,52
43673,28
43674,31
43675,51
43676,18
43677,30
43678,39
43679,35
43680,22
43681,40
43682,19
43683,18
43684,63
43685,18
43686,28
43687,34
43688,32
43689,38
43690,49
43691,51
43692,64
43693,63
43694,54
43695,50
43696,44
43697,51
43698,64
43699,32
43700,18
43701,30
43702,50
43703,50
43704,42
43705,64
43706,54
43707,49
43708,57
43709,31
43710,38
43711,25
43712,23
43713,19
43714,22
43715,22
43716,43
43717,30
43718,34
43719,26
43720,36
43721,46
43722,38
43723,50
43724,22
43725,55
43726,56
43727,21
43728,35
43729,34
43730,23
43731,27
43732,43
43733,55
43734,45
43735,45
43736,47
43737,56
43738,30
43739,51
43740,54
43741,40
43742,47
43743,37
43744,44
43745,18
43746,20
43747,48
43748,26
43749,41
43750,45
43751,52
43752,20
43753,47
43754,55
43755,62
43756,61
43757,47
43758,34
43759,48
43760,51
43761,35
43762,38
43763,22
43764,58
43765,42
43766,29
43767,27
43768,51
43769,62
43770,55
43771,27
43772,52
43773,28
43774,31
43775,51
43776,18
43777,30
43778,39
43779,35
43780,22
43781,40
43782,19
43783,18
43784,63
43785,18
43786,28
43787,34
43788,32
43789,38
43790,49
43791,51
43792,64
43793,63
43794,54
43795,50
43796,44
43797,51
43798,64
43799,32
43800,18
43801,30
43802,50
43803,50
43804,42
43805,64
43806,54
43807,49
43808,57
43809,31
43810,38
43811,25
43812,23
43813,19
43814,22
43815,22
43816,43
43817,30
43818,34
43819,26
43820,36
43821,46
43822,38
43823,50
43824,22
43825,55
43826,56
43827,21
43828,35
43829,34
43830,23
43831,27
43832,43
43833,55
43834,45
43835,45
43836,47
43837,56
43838,30
43839,51
43840,54
43841,40
43842,47
43843,37
43844,44
43845,18
43846,20
43847,48
43848,26
43849,41
43850,45
43851,52
43852,20
43853,47
43854,55
43855,62
43856,61
43857,47
43858,34
43859,48
43860,51
43861,35
43862,38
43863,22
43864,58
43865,42
43866,29
43867,27
43868,51
43869,62
43870,55
43871,27
43872,52
43873,28
43874,31
43875,51
43876,18
43877,30
43878,39
43879,35
43880,22
43881,40
43882,19
43883,18
43884,63
43885,18
43886,28
43887,34
43888,32
43889,38
43890,49
43891,51
43892,64
43893,63
43894,54
43895,50
43896,44
43897,51
43898,64
43899,32
43900,18
43901,30
43902,50
43903,50
43904,42
43905,64
43906,54
43907,49
43908,57
43909,31
43910,38
43911,25
43912,23
43913,19
43914,22
43915,22
43916,43
43917,30
43918,34
43919,26
43920,36
43921,46
43922,38
43923,50
43924,22
43925,55
43926,56
43927,21
43928,35
43929,34
43930,23
43931,27
43932,43
43933,55
43934,45
43935,45
43936,47
43937,56
43938,30
43939,51
43940,54
43941,40
43942,47
43943,37
43944,44
43945,18
43946,20
43947,48
43948,26
43949,41
43950,45
43951,52
43952,20
43953,47
43954,55
43955,62
43956,61
43957,47
43958,34
43959,48
43960,51
43961,35
43962,38
43963,22
43964,58
43965,42
43966,29
43967,27
43968,51
43969,62
43970,55
43971,27
43972,52
43973,28
43974,31
43975,51
43976,18
43977,30
43978,39
43979,35
43980,22
43981,40
43982,19
43983,18
43984,63
43985,18
43986,28
43987,34
43988,32
43989,38
43990,49
43991,51
43992,64
43993,63
43994,54
43995,50
43996,44
43997,51
43998,64
43999,32
44000,18
44001,30
44002,50
44003,50
44004,42
44005,64
44006,54
44007,49
44008,57
44009,31
44010,38
44011,25
44012,23
44013,19
44014,22
44015,22
44016,43
44017,30
44018,34
44019,26
44020,36
44021,46
44022,38
44023,50
44024,22
44025,55
44026,56
44027,21
44028,35
44029,34
44030,23
44031,27
44032,43
44033,55
44034,45
44035,45
44036,47
44037,56
44038,30
44039,51
44040,54
44041,40
44042,47
44043,37
44044,44
44045,18
44046,20
44047,48
44048,26
44049,41
44050,45
44051,52
44052,20
44053,47
44054,55
44055,62
44056,61
44057,47
44058,34
44059,48
44060,51
44061,35
44062,38
44063,22
44064,58
44065,42
44066,29
44067,27
44068,51
44069,62
44070,55
44071,27
44072,52
44073,28
44074,31
44075,51
44076,18
44077,30
44078,39
44079,35
44080,22
44081,40
44082,19
44083,18
44084,63
44085,18
44086,28
44087,34
44088,32
44089,38
44090,49
44091,51
44092,64
44093,63
44094,54
44095,50
44096,44
44097,51
44098,64
44099,32
44100,18
44101,30
44102,50
44103,50
44104,42
44105,64
44106,54
44107,49
44108,57
44109,31
44110,38
44111,25
44112,23
44113,19
44114,22
44115,22
44116,43
44117,30
44118,34
44119,26
44120,36
44121,46
44122,38
44123,50
44124,22
44125,55
44126,56
44127,21
44128,35
44129,34
44130,23
44131,27
44132,43
44133,55
44134,45
44135,45
44136,47
44137,56
44138,30
44139,51
44140,54
44141,40
44142,47
44143,37
44144,44
44145,18
44146,20
44147,48
44148,26
44149,41
44150,45
44151,52
44152,20
44153,47
44154,55
44155,62
44156,61
44157,47
44158,34
44159,48
44160,51
44161,35
44162,38
44163,22
44164,58
44165,42
44166,29
44167,27
44168,51
44169,62
44170,55
44171,27
44172,52
44173,28
44174,31
44175,51
44176,18
44177,30
44178,39
44179,35
44180,22
44181,40
44182,19
44183,18
44184,63
44185,18
44186,28
44187,34
44188,32
44189,38
44190,49
44191,51
44192,64
44193,63
44194,54
44195,50
44196,44
44197,51
44198,64
44199,32
44200,18
44201,30
44202,50
44203,50
44204,42
44205,64
44206,54
44207,49
44208,57
44209,31
44210,38
44211,25
44212,23
44213,19
44214,22
44215,22
44216,43
44217,30
44218,34
44219,26
44220,36
44221,46
44222,38
44223,50
44224,22
44225,55
44226,56
44227,21
44228,35
44229,34
44230,23
44231,27
44232,43
44233,55
44234,45
44235,45
44236,47
44237,56
44238,30
44239,51
44240,54
44241,40
44242,47
44243,37
44244,44
44245,18
44246,20
44247,48
44248,26
44249,41
44250,45
44251,52
44252,20
44253,47
44254,55
44255,62
44256,61
44257,47
44258,34
44259,48
44260,51
44261,35
44262,38
44263,22
44264,58
44265,42
44266,29
44267,27
44268,51
44269,62
44270,55
44271,27
44272,52
44273,28
44274,31
44275,51
44276,18
44277,30
44278,39
44279,35
44280,22
44281,40
44282,19
44283,18
44284,63
44285,18
44286,28
44287,34
44288,32
44289,38
44290,49
44291,51
44292,64
44293,63
44294,54
44295,50
44296,44
44297,51
44298,64
44299,32
44300,18
44301,30
44302,50
44303,50
44304,42
44305,64
44306,54
44307,49
44308,57
44309,31
44310,38
44311,25
44312,23
44313,19
44314,22
44315,22
44316,43
44317,30
44318,34
44319,26
44320,36
44321,46
44322,38
44323,50
44324,22
44325,55
44326,56
44327,21
44328,35
44329,34
44330,23
44331,27
44332,43
44333,55
44334,45
44335,45
44336,47
44337,56
44338,30
44339,51
44340,54
44341,40
44342,47
44343,37
44344,44
44345,18
44346,20
44347,48
44348,26
44349,41
44350,45
44351,52
44352,20
44353,47
44354,55
44355,62
44356,61
44357,47
44358,34
44359,48
44360,51
44361,35
44362,38
44363,22
44364,58
44365,42
44366,29
44367,27
44368,51
44369,62
44370,55
44371,27
44372,52
44373,28
44374,31
44375,51
44376,18
44377,30
44378,39
44379,35
44380,22
44381,40
44382,19
44383,18
44384,63
44385,18
44386,28
44387,34
44388,32
44389,38
44390,49
44391,51
44392,64
44393,63
44394,54
44395,50
44396,44
44397,51
44398,64
44399,32
44400,18
44401,30
44402,50
44403,50
44404,42
44405,64
44406,54
44407,49
44408,57
44409,31
44410,38
44411,25
44412,23
44413,19
44414,22
44415,22
44416,43
44417,30
44418,34
44419,26
44420,36
44421,46
44422,38
44423,50
44424,22
44425,55
44426,56
44427,21
44428,35
44429,34
44430,23
44431,27
44432,43
44433,55
44434,45
44435,45
44436,47
44437,56
44438,30
44439,51
44440,54
44441,40
44442,47
44443,37
44444,44
44445,18
44446,20
44447,48
44448,26
44449,41
44450,45
44451,52
44452,20
44453,47
44454,55
44455,62
44456,61
44457,47
44458,34
44459,48
44460,51
44461,35
44462,38
44463,22
44464,58
44465,42
44466,29
44467,27
44468,51
44469,62
44470,55
44471,27
44472,52
44473,28
44474,31
44475,51
44476,18
44477,30
44478,39
44479,35
44480,22
44481,40
44482,19
44483,18
44484,63
44485,18
44486,28
44487,34
44488,32
44489,38
44490,49
44491,51
44492,64
44493,63
44494,54
44495,50
44496,44
44497,51
44498,64
44499,32
44500,18
44501,30
44502,50
44503,50
44504,42
44505,64
44506,54
44507,49
44508,57
44509,31
44510,38
44511,25
44512,23
44513,19
44514,22
44515,22
44516,43
44517,30
44518,34
44519,26
44520,36
44521,46
44522,38
44523,50
44524,22
44525,55
44526,56
44527,21
44528,35
44529,34
44530,23
44531,27
44532,43
44533,55
44534,45
44535,45
44536,47
44537,56
44538,30
44539,51
44540,54
44541,40
44542,47
44543,37
44544,44
44545,18
44546,20
44547,48
44548,26
44549,41
44550,45
44551,52
44552,20
44553,47
44554,55
44555,62
44556,61
44557,47
44558,34
44559,48
44560,51
44561,35
44562,38
44563,22
44564,58
44565,42
44566,29
44567,27
44568,51
44569,62
44570,55
44571,27
44572,52
44573,28
44574,31
44575,51
44576,18
44577,30
44578,39
44579,35
44580,22
44581,40
44582,19
44583,18
44584,63
44585,18
44586,28
44587,34
44588,32
44589,38
44590,49
44591,51
44592,64
44593,63
44594,54
44595,50
44596,44
44597,51
44598,64
44599,32
44600,18
44601,30
44602,50
44603,50
44604,42
44605,64
44606,54
44607,49
44608,57
44609,31
44610,38
44611,25
44612,23
44613,19
44614,22
44615,22
44616,43
44617,30
44618,34
44619,26
44620,36
44621,46
44622,38
44623,50
44624,22
44625,55
44626,56
44627,21
44628,35
44629,34
44630,23
44631,27
44632,43
44633,55
44634,45
44635,45
44636,47
44637,56
44638,30
44639,51
44640,54
44641,40
44642,47
44643,37
44644,44
44645,18
44646,20
44647,48
44648,26
44649,41
44650,45
44651,52
44652,20
44653,47
44654,55
44655,62
44656,61
44657,47
44658,34
44659,48
44660,51
44661,35
44662,38
44663,22
44664,58
44665,42
44666,29
44667,27
44668,51
44669,62
44670,55
44671,27
44672,52
44673,28
44674,31
44675,51
44676,18
44677,30
44678,39
44679,35
44680,22
44681,40
44682,19
44683,18
44684,63
44685,18
44686,28
44687,34
44688,32
44689,38
44690,49
44691,51
44692,64
44693,63
44694,54
44695,50
44696,44
44697,51
44698,64
44699,32
44700,18
44701,30
44702,50
44703,50
44704,42
44705,64
44706,54
44707,49
44708,57
44709,31
44710,38
44711,25
44712,23
44713,19
44714,22
44715,22
44716,43
44717,30
44718,34
44719,26
44720,36
44721,46
44722,38
44723,50
44724,22
44725,55
44726,56
44727,21
44728,35
44729,34
44730,23
44731,27
44732,43
44733,55
44734,45
44735,45
44736,47
44737,56
44738,30
44739,51
44740,54
44741,40
44742,47
44743,37
44744,44
44745,18
44746,20
44747,48
44748,26
44749,41
44750,45
44751,52
44752,20
44753,47
44754,55
44755,62
44756,61
44757,47
44758,34
44759,48
44760,51
44761,35
44762,38
44763,22
44764,58
44765,42
44766,29
44767,27
44768,51
44769,62
44770,55
44771,27
44772,52
44773,28
44774,31
44775,51
44776,18
44777,30
44778,39
44779,35
44780,22
44781,40
44782,19
44783,18
44784,63
44785,18
44786,28
44787,34
44788,32
44789,38
44790,49
44791,51
44792,64
44793,63
44794,54
44795,50
44796,44
44797,51
44798,64
44799,32
44800,18
44801,30
44802,50
44803,50
44804,42
44805,64
44806,54
44807,49
44808,57
44809,31
44810,38
44811,25
44812,23
44813,19
44814,22
44815,22
44816,43
44817,30
44818,34
44819,26
44820,36
44821,46
44822,38
44823,50
44824,22
44825,55
44826,56
44827,21
44828,35
44829,34
44830,23
44831,27
44832,43
44833,55
44834,45
44835,45
44836,47
44837,56
44838,30
44839,51
44840,54
44841,40
44842,47
44843,37
44844,44
44845,18
44846,20
44847,48
44848,26
44849,41
44850,45
44851,52
44852,20
44853,47
44854,55
44855,62
44856,61
44857,47
44858,34
44859,48
44860,51
44861,35
44862,38
44863,22
44864,58
44865,42
44866,29
44867,27
44868,51
44869,62
44870,55
44871,27
44872,52
44873,28
44874,31
44875,51
44876,18
44877,30
44878,39
44879,35
44880,22
44881,40
44882,19
44883,18
44884,63
44885,18
44886,28
44887,34
44888,32
44889,38
44890,49
44891,51
44892,64
44893,63
44894,54
44895,50
44896,44
44897,51
44898,64
44899,32
44900,18
44901,30
44902,50
44903,50
44904,42
44905,64
44906,54
44907,49
44908,57
44909,31
44910,38
44911,25
44912,23
44913,19
44914,22
44915,22
44916,43
44917,30
44918,34
44919,26
44920,36
44921,46
44922,38
44923,50
44924,22
44925,55
44926,56
44927,21
44928,35
44929,34
44930,23
44931,27
44932,43
44933,55
44934,45
44935,45
44936,47
44937,56
44938,30
44939,51
44940,54
44941,40
44942,47
44943,37
44944,44
44945,18
44946,20
44947,48
44948,26
44949,41
44950,45
44951,52
44952,20
44953,47
44954,55
44955,62
44956,61
44957,47
44958,34
44959,48
44960,51
44961,35
44962,38
44963,22
44964,58
44965,42
44966,29
44967,27
44968,51
44969,62
44970,55
44971,27
44972,52
44973,28
44974,31
44975,51
44976,18
44977,30
44978,39
44979,35
44980,22
44981,40
44982,19
44983,18
44984,63
44985,18
44986,28
44987,34
44988,32
44989,38
44990,49
44991,51
44992,64
44993,63
44994,54
44995,50
44996,44
44997,51
44998,64
44999,32
45000,18
45001,30
45002,50
45003,50
45004,42
45005,64
45006,54
45007,49
45008,57
45009,31
45010,38
45011,25
45012,23
45013,19
45014,22
45015,22
45016,43
45017,30
45018,34
45019,26
45020,36
45021,46
45022,38
45023,50
45024,22
45025,55
45026,56
45027,21
45028,35
45029,34
45030,23
45031,27
45032,43
45033,55
45034,45
45035,45
45036,47
45037,56
45038,30
45039,51
45040,54
45041,40
45042,47
45043,37
45044,44
45045,18
45046,20
45047,48
45048,26
45049,41
45050,45
45051,52
45052,20
45053,47
45054,55
45055,62
45056,61
45057,47
45058,34
45059,48
45060,51
45061,35
45062,38
45063,22
45064,58
45065,42
45066,29
45067,27
45068,51
45069,62
45070,55
45071,27
45072,52
45073,28
45074,31
45075,51
45076,18
45077,30
45078,39
45079,35
45080,22
45081,40
45082,19
45083,18
45084,63
45085,18
45086,28
45087,34
45088,32
45089,38
45090,49
45091,51
45092,64
45093,63
45094,54
45095,50
45096,44
45097,51
45098,64
45099,32
45100,18
45101,30
45102,50
45103,50
45104,42
45105,64
45106,54
45107,49
45108,57
45109,31
45110,38
45111,25
45112,23
45113,19
45114,22
45115,22
45116,43
45117,30
45118,34
45119,26
45120,36
45121,46
45122,38
45123,50
45124,22
45125,55
45126,56
45127,21
45128,35
45129,34
45130,23
45131,27
45132,43
45133,55
45134,45
45135,45
45136,47
45137,56
45138,30
45139,51
45140,54
45141,40
45142,47
45143,37
45144,44
45145,18
45146,20
45147,48
45148,26
45149,41
45150,45
45151,52
45152,20
45153,47
45154,55
45155,62
45156,61
45157,47
45158,34
45159,48
45160,51
45161,35
45162,38
45163,22
45164,58
45165,42
45166,29
45167,27
45168,51
45169,62
45170,55
45171,27
45172,52
45173,28
45174,31
45175,51
45176,18
45177,30
45178,39
45179,35
45180,22
45181,40
45182,19
45183,18
45184,63
45185,18
45186,28
45187,34
45188,32
45189,38
45190,49
45191,51
45192,64
45193,63
45194,54
45195,50
45196,44
45197,51
45198,64
45199,32
45200,18
45201,30
45202,50
45203,50
45204,42
45205,64
45206,54
45207,49
45208,57
45209,31
45210,38
45211,25
45212,23
45213,19
45214,22
45215,22
45216,43
45217,30
45218,34
45219,26
45220,36
45221,46
45222,38
45223,50
45224,22
45225,55
45226,56
45227,21
45228,35
45229,34
45230,23
45231,27
45232,43
45233,55
45234,45
45235,45
45236,47
45237,56
45238,30
45239,51
45240,54
45241,40
45242,47
45243,37
45244,44
45245,18
45246,20
45247,48
45248,26
45249,41
45250,45
45251,52
45252,20
45253,47
45254,55
45255,62
45256,61
45257,47
45258,34
45259,48
45260,51
45261,35
45262,38
45263,22
45264,58
45265,42
45266,29
45267,27
45268,51
45269,62
45270,55
45271,27
45272,52
45273,28
45274,31
45275,51
45276,18
45277,30
45278,39
45279,35
45280,22
45281,40
45282,19
45283,18
45284,63
45285,18
45286,28
45287,34
45288,32
45289,38
45290,49
45291,51
45292,64
45293,63
45294,54
45295,50
45296,44
45297,51
45298,64
45299,32
45300,18
45301,30
45302,50
45303,50
45304,42
45305,64
45306,54
45307,49
45308,57
45309,31
45310,38
45311,25
45312,23
45313,19
45314,22
45315,22
45316,43
45317,30
45318,34
45319,26
45320,36
45321,46
45322,38
45323,50
45324,22
45325,55
45326,56
45327,21
45328,35
45329,34
45330,23
45331,27
45332,43
45333,55
45334,45
45335,45
45336,47
45337,56
45338,30
45339,51
45340,54
45341,40
45342,47
45343,37
45344,44
45345,18
45346,20
45347,48
45348,26
45349,41
45350,45
45351,52
45352,20
45353,47
45354,55
45355,62
45356,61
45357,47
45358,34
45359,48
45360,51
45361,35
45362,38
45363,22
45364,58
45365,42
45366,29
45367,27
45368,51
45369,62
45370,55
45371,27
45372,52
45373,28
45374,31
45375,51
45376,18
45377,30
45378,39
45379,35
45380,22
45381,40
45382,19
45383,18
45384,63
45385,18
45386,28
45387,34
45388,32
45389,38
45390,49
45391,51
45392,64
45393,63
45394,54
45395,50
45396,44
45397,51
45398,64
45399,32
45400,18
45401,30
45402,50
45403,50
45404,42
45405,64
45406,54
45407,49
45408,57
45409,31
45410,38
45411,25
45412,23
45413,19
45414,22
45415,22
45416,43
45417,30
45418,34
45419,26
45420,36
45421,46
45422,38
45423,50
45424,22
45425,55
45426,56
45427,21
45428,35
45429,34
45430,23
45431,27
45432,43
45433,55
45434,45
45435,45
45436,47
45437,56
45438,30
45439,51
45440,54
45441,40
45442,47
45443,37
45444,44
45445,18
45446,20
45447,48
45448,26
45449,41
45450,45
45451,52
45452,20
45453,47
45454,55
45455,62
45456,61
45457,47
45458,34
45459,48
45460,51
45461,35
45462,38
45463,22
45464,58
45465,42
45466,29
45467,27
45468,51
45469,62
45470,55
45471,27
45472,52
45473,28
45474,31
45475,51
45476,18
45477,30
45478,39
45479,35
45480,22
45481,40
45482,19
45483,18
45484,63
45485,18
45486,28
45487,34
45488,32
45489,38
45490,49
45491,51
45492,64
45493,63
45494,54
45495,50
45496,44
45497,51
45498,64
45499,32
45500,18
45501,30
45502,50
45503,50
45504,42
45505,64
45506,54
45507,49
45508,57
45509,31
45510,38
45511,25
45512,23
45513,19
45514,22
45515,22
45516,43
45517,30
45518,34
45519,26
45520,36
45521,46
45522,38
45523,50
45524,22
45525,55
45526,56
45527,21
45528,35
45529,34
45530,23
45531,27
45532,43
45533,55
45534,45
45535,45
45536,47
45537,56
45538,30
45539,51
45540,54
45541,40
45542,47
45543,37
45544,44
45545,18
45546,20
45547,48
45548,26
45549,41
45550,45
45551,52
45552,20
45553,47
45554,55
45555,62
45556,61
45557,47
45558,34
45559,48
45560,51
45561,35
45562,38
45563,22
45564,58
45565,42
45566,29
45567,27
45568,51
45569,62
45570,55
45571,27
45572,52
45573,28
45574,31
45575,51
45576,18
45577,30
45578,39
45579,35
45580,22
45581,40
45582,19
45583,18
45584,63
45585,18
45586,28
45587,34
45588,32
45589,38
45590,49
45591,51
45592,64
45593,63
45594,54
45595,50
45596,44
45597,51
45598,64
45599,32
45600,18
45601,30
45602,50
45603,50
45604,42
45605,64
45606,54
45607,49
45608,57
45609,31
45610,38
45611,25
45612,23
45613,19
45614,22
45615,22
45616,43
45617,30
45618,34
45619,26
45620,36
45621,46
45622,38
45623,50
45624,22
45625,55
45626,56
45627,21
45628,35
45629,34
45630,23
45631,27
45632,43
45633,55
45634,45
45635,45
45636,47
45637,56
45638,30
45639,51
45640,54
45641,40
45642,47
45643,37
45644,44
45645,18
45646,20
45647,48
45648,26
45649,41
45650,45
45651,52
45652,20
45653,47
45654,55
45655,62
45656,61
45657,47
45658,34
45659,48
45660,51
45661,35
45662,38
45663,22
45664,58
45665,42
45666,29
45667,27
45668,51
45669,62
45670,55
45671,27
45672,52
45673,28
45674,31
45675,51
45676,18
45677,30
45678,39
45679,35
45680,22
45681,40
45682,19
45683,18
45684,63
45685,18
45686,28
45687,34
45688,32
45689,38
45690,49
45691,51
45692,64
45693,63
45694,54
45695,50
45696,44
45697,51
45698,64
45699,32
45700,18
45701,30
45702,50
45703,50
45704,42
45705,64
45706,54
45707,49
45708,57
45709,31
45710,38
45711,25
45712,23
45713,19
45714,22
45715,22
45716,43
45717,30
45718,34
45719,26
45720,36
45721,46
45722,38
45723,50
45724,22
45725,55
45726,56
45727,21
45728,35
45729,34
45730,23
45731,27
45732,43
45733,55
45734,45
45735,45
45736,47
45737,56
45738,30
45739,51
45740,54
45741,40
45742,47
45743,37
45744,44
45745,18
45746,20
45747,48
45748,26
45749,41
45750,45
45751,52
45752,20
45753,47
45754,55
45755,62
45756,61
45757,47
45758,34
45759,48
45760,51
45761,35
45762,38
45763,22
45764,58
45765,42
45766,29
45767,27
45768,51
45769,62
45770,55
45771,27
45772,52
45773,28
45774,31
45775,51
45776,18
45777,30
45778,39
45779,35
45780,22
45781,40
45782,19
45783,18
45784,63
45785,18
45786,28
45787,34
45788,32
45789,38
45790,49
45791,51
45792,64
45793,63
45794,54
45795,50
45796,44
45797,51
45798,64
45799,32
45800,18
45801,30
45802,50
45803,50
45804,42
45805,64
45806,54
45807,49
45808,57
45809,31
45810,38
45811,25
45812,23
45813,19
45814,22
45815,22
45816,43
45817,30
45818,34
45819,26
45820,36
45821,46
45822,38
45823,50
45824,22
45825,55
45826,56
45827,21
45828,35
45829,34
45830,23
45831,27
45832,43
45833,55
45834,45
45835,45
45836,47
45837,56
45838,30
45839,51
45840,54
45841,40
45842,47
45843,37
45844,44
45845,18
45846,20
45847,48
45848,26
45849,41
45850,45
45851,52
45852,20
45853,47
45854,55
45855,62
45856,61
45857,47
45858,34
45859,48
45860,51
45861,35
45862,38
45863,22
45864,58
45865,42
45866,29
45867,27
45868,51
45869,62
45870,55
45871,27
45872,52
45873,28
45874,31
45875,51
45876,18
45877,30
45878,39
45879,35
45880,22
45881,40
45882,19
45883,18
45884,63
45885,18
45886,28
45887,34
45888,32
45889,38
45890,49
45891,51
45892,64
45893,63
45894,54
45895,50
45896,44
45897,51
45898,64
45899,32
45900,18
45901,30
45902,50
45903,50
45904,42
45905,64
45906,54
45907,49
45908,57
45909,31
45910,38
45911,25
45912,23
45913,19
45914,22
45915,22
45916,43
45917,30
45918,34
45919,26
45920,36
45921,46
45922,38
45923,50
45924,22
45925,55
45926,56
45927,21
45928,35
45929,34
45930,23
45931,27
45932,43
45933,55
45934,45
45935,45
45936,47
45937,56
45938,30
45939,51
45940,54
45941,40
45942,47
45943,37
45944,44
45945,18
45946,20
45947,48
45948,26
45949,41
45950,45
45951,52
45952,20
45953,47
45954,55
45955,62
45956,61
45957,47
45958,34
45959,48
45960,51
45961,35
45962,38
45963,22
45964,58
45965,42
45966,29
45967,27
45968,51
45969,62
45970,55
45971,27
45972,52
45973,28
45974,31
45975,51
45976,18
45977,30
45978,39
45979,35
45980,22
45981,40
45982,19
45983,18
45984,63
45985,18
45986,28
45987,34
45988,32
45989,38
45990,49
45991,51
45992,64
45993,63
45994,54
45995,50
45996,44
45997,51
45998,64
45999,32
46000,18
46001,30
46002,50
46003,50
46004,42
46005,64
46006,54
46007,49
46008,57
46009,31
46010,38
46011,25
46012,23
46013,19
46014,22
46015,22
46016,43
46017,30
46018,34
46019,26
46020,36
46021,46
46022,38
46023,50
46024,22
46025,55
46026,56
46027,21
46028,35
46029,34
46030,23
46031,27
46032,43
46033,55
46034,45
46035,45
46036,47
46037,56
46038,30
46039,51
46040,54
46041,40
46042,47
46043,37
46044,44
46045,18
46046,20
46047,48
46048,26
46049,41
46050,45
46051,52
46052,20
46053,47
46054,55
46055,62
46056,61
46057,47
46058,34
46059,48
46060,51
46061,35
46062,38
46063,22
46064,58
46065,42
46066,29
46067,27
46068,51
46069,62
46070,55
46071,27
46072,52
46073,28
46074,31
46075,51
46076,18
46077,30
46078,39
46079,35
46080,22
46081,40
46082,19
46083,18
46084,63
46085,18
46086,28
46087,34
46088,32
46089,38
46090,49
46091,51
46092,64
46093,63
46094,54
46095,50
46096,44
46097,51
46098,64
46099,32
46100,18
46101,30
46102,50
46103,50
46104,42
46105,64
46106,54
46107,49
46108,57
46109,31
46110,38
46111,25
46112,23
46113,19
46114,22
46115,22
46116,43
46117,30
46118,34
46119,26
46120,36
46121,46
46122,38
46123,50
46124,22
46125,55
46126,56
46127,21
46128,35
46129,34
46130,23
46131,27
46132,43
46133,55
46134,45
46135,45
46136,47
46137,56
46138,30
46139,51
46140,54
46141,40
46142,47
46143,37
46144,44
46145,18
46146,20
46147,48
46148,26
46149,41
46150,45
46151,52
46152,20
46153,47
46154,55
46155,62
46156,61
46157,47
46158,34
46159,48
46160,51
46161,35
46162,38
46163,22
46164,58
46165,42
46166,29
46167,27
46168,51
46169,62
46170,55
46171,27
46172,52
46173,28
46174,31
46175,51
46176,18
46177,30
46178,39
46179,35
46180,22
46181,40
46182,19
46183,18
46184,63
46185,18
46186,28
46187,34
46188,32
46189,38
46190,49
46191,51
46192,64
46193,63
46194,54
46195,50
46196,44
46197,51
46198,64
46199,32
46200,18
46201,30
46202,50
46203,50
46204,42
46205,64
46206,54
46207,49
46208,57
46209,31
46210,38
46211,25
46212,23
46213,19
46214,22
46215,22
46216,43
46217,30
46218,34
46219,26
46220,36
46221,46
46222,38
46223,50
46224,22
46225,55
46226,56
46227,21
46228,35
46229,34
46230,23
46231,27
46232,43
46233,55
46234,45
46235,45
46236,47
46237,56
46238,30
46239,51
46240,54
46241,40
46242,47
46243,37
46244,44
46245,18
46246,20
46247,48
46248,26
46249,41
46250,45
46251,52
46252,20
46253,47
46254,55
46255,62
46256,61
46257,47
46258,34
46259,48
46260,51
46261,35
46262,38
46263,22
46264,58
46265,42
46266,29
46267,27
46268,51
46269,62
46270,55
46271,27
46272,52
46273,28
46274,31
46275,51
46276,18
46277,30
46278,39
46279,35
46280,22
46281,40
46282,19
46283,18
46284,63
46285,18
46286,28
46287,34
46288,32
46289,38
46290,49
46291,51
46292,64
46293,63
46294,54
46295,50
46296,44
46297,51
46298,64
46299,32
46300,18
46301,30
46302,50
46303,50
46304,42
46305,64
46306,54
46307,49
46308,57
46309,31
46310,38
46311,25
46312,23
46313,19
46314,22
46315,22
46316,43
46317,30
46318,34
46319,26
46320,36
46321,46
46322,38
46323,50
46324,22
46325,55
46326,56
46327,21
46328,35
46329,34
46330,23
46331,27
46332,43
46333,55
46334,45
46335,45
46336,47
46337,56
46338,30
46339,51
46340,54
46341,40
46342,47
46343,37
46344,44
46345,18
46346,20
46347,48
46348,26
46349,41
46350,45
46351,52
46352,20
46353,47
46354,55
46355,62
46356,61
46357,47
46358,34
46359,48
46360,51
46361,35
46362,38
46363,22
46364,58
46365,42
46366,29
46367,27
46368,51
46369,62
46370,55
46371,27
46372,52
46373,28
46374,31
46375,51
46376,18
46377,30
46378,39
46379,35
46380,22
46381,40
46382,19
46383,18
46384,63
46385,18
46386,28
46387,34
46388,32
46389,38
46390,49
46391,51
46392,64
46393,63
46394,54
46395,50
46396,44
46397,51
46398,64
46399,32
46400,18
46401,30
46402,50
46403,50
46404,42
46405,64
46406,54
46407,49
46408,57
46409,31
46410,38
46411,25
46412,23
46413,19
46414,22
46415,22
46416,43
46417,30
46418,34
46419,26
46420,36
46421,46
46422,38
46423,50
46424,22
46425,55
46426,56
46427,21
46428,35
46429,34
46430,23
46431,27
46432,43
46433,55
46434,45
46435,45
46436,47
46437,56
46438,30
46439,51
46440,54
46441,40
46442,47
46443,37
46444,44
46445,18
46446,20
46447,48
46448,26
46449,41
46450,45
46451,52
46452,20
46453,47
46454,55
46455,62
46456,61
46457,47
46458,34
46459,48
46460,51
46461,35
46462,38
46463,22
46464,58
46465,42
46466,29
46467,27
46468,51
46469,62
46470,55
46471,27
46472,52
46473,28
46474,31
46475,51
46476,18
46477,30
46478,39
46479,35
46480,22
46481,40
46482,19
46483,18
46484,63
46485,18
46486,28
46487,34
46488,32
46489,38
46490,49
46491,51
46492,64
46493,63
46494,54
46495,50
46496,44
46497,51
46498,64
46499,32
46500,18
46501,30
46502,50
46503,50
46504,42
46505,64
46506,54
46507,49
46508,57
46509,31
46510,38
46511,25
46512,23
46513,19
46514,22
46515,22
46516,43
46517,30
46518,34
46519,26
46520,36
46521,46
46522,38
46523,50
46524,22
46525,55
46526,56
46527,21
46528,35
46529,34
46530,23
46531,27
46532,43
46533,55
46534,45
46535,45
46536,47
46537,56
46538,30
46539,51
46540,54
46541,40
46542,47
46543,37
46544,44
46545,18
46546,20
46547,48
46548,26
46549,41
46550,45
46551,52
46552,20
46553,47
46554,55
46555,62
46556,61
46557,47
46558,34
46559,48
46560,51
46561,35
46562,38
46563,22
46564,58
46565,42
46566,29
46567,27
46568,51
46569,62
46570,55
46571,27
46572,52
46573,28
46574,31
46575,51
46576,18
46577,30
46578,39
46579,35
46580,22
46581,40
46582,19
46583,18
46584,63
46585,18
46586,28
46587,34
46588,32
46589,38
46590,49
46591,51
46592,64
46593,63
46594,54
46595,50
46596,44
46597,51
46598,64
46599,32
46600,18
46601,30
46602,50
46603,50
46604,42
46605,64
46606,54
46607,49
46608,57
46609,31
46610,38
46611,25
46612,23
46613,19
46614,22
46615,22
46616,43
46617,30
46618,34
46619,26
46620,36
46621,46
46622,38
46623,50
46624,22
46625,55
46626,56
46627,21
46628,35
46629,34
46630,23
46631,27
46632,43
46633,55
46634,45
46635,45
46636,47
46637,56
46638,30
46639,51
46640,54
46641,40
46642,47
46643,37
46644,44
46645,18
46646,20
46647,48
46648,26
46649,41
46650,45
46651,52
46652,20
46653,47
46654,55
46655,62
46656,61
46657,47
46658,34
46659,48
46660,51
46661,35
46662,38
46663,22
46664,58
46665,42
46666,29
46667,27
46668,51
46669,62
46670,55
46671,27
46672,52
46673,28
46674,31
46675,51
46676,18
46677,30
46678,39
46679,35
46680,22
46681,40
46682,19
46683,18
46684,63
46685,18
46686,28
46687,34
46688,32
46689,38
46690,49
46691,51
46692,64
46693,63
46694,54
46695,50
46696,44
46697,51
46698,64
46699,32
46700,18
46701,30
46702,50
46703,50
46704,42
46705,64
46706,54
46707,49
46708,57
46709,31
46710,38
46711,25
46712,23
46713,19
46714,22
46715,22
46716,43
46717,30
46718,34
46719,26
46720,36
46721,46
46722,38
46723,50
46724,22
46725,55
46726,56
46727,21
46728,35
46729,34
46730,23
46731,27
46732,43
46733,55
46734,45
46735,45
46736,47
46737,56
46738,30
46739,51
46740,54
46741,40
46742,47
46743,37
46744,44
46745,18
46746,20
46747,48
46748,26
46749,41
46750,45
46751,52
46752,20
46753,47
46754,55
46755,62
46756,61
46757,47
46758,34
46759,48
46760,51
46761,35
46762,38
46763,22
46764,58
46765,42
46766,29
46767,27
46768,51
46769,62
46770,55
46771,27
46772,52
46773,28
46774,31
46775,51
46776,18
46777,30
46778,39
46779,35
46780,22
46781,40
46782,19
46783,18
46784,63
46785,18
46786,28
46787,34
46788,32
46789,38
46790,49
46791,51
46792,64
46793,63
46794,54
46795,50
46796,44
46797,51
46798,64
46799,32
46800,18
46801,30
46802,50
46803,50
46804,42
46805,64
46806,54
46807,49
46808,57
46809,31
46810,38
46811,25
46812,23
46813,19
46814,22
46815,22
46816,43
46817,30
46818,34
46819,26
46820,36
46821,46
46822,38
46823,50
46824,22
46825,55
46826,56
46827,21
46828,35
46829,34
46830,23
46831,27
46832,43
46833,55
46834,45
46835,45
46836,47
46837,56
46838,30
46839,51
46840,54
46841,40
46842,47
46843,37
46844,44
46845,18
46846,20
46847,48
46848,26
46849,41
46850,45
46851,52
46852,20
46853,47
46854,55
46855,62
46856,61
46857,47
46858,34
46859,48
46860,51
46861,35
46862,38
46863,22
46864,58
46865,42
46866,29
46867,27
46868,51
46869,62
46870,55
46871,27
46872,52
46873,28
46874,31
46875,51
46876,18
46877,30
46878,39
46879,35
46880,22
46881,40
46882,19
46883,18
46884,63
46885,18
46886,28
46887,34
46888,32
46889,38
46890,49
46891,51
46892,64
46893,63
46894,54
46895,50
46896,44
46897,51
46898,64
46899,32
46900,18
46901,30
46902,50
46903,50
46904,42
46905,64
46906,54
46907,49
46908,57
46909,31
46910,38
46911,25
46912,23
46913,19
46914,22
46915,22
46916,43
46917,30
46918,34
46919,26
46920,36
46921,46
46922,38
46923,50
46924,22
46925,55
46926,56
46927,21
46928,35
46929,34
46930,23
46931,27
46932,43
46933,55
46934,45
46935,45
46936,47
46937,56
46938,30
46939,51
46940,54
46941,40
46942,47
46943,37
46944,44
46945,18
46946,20
46947,48
46948,26
46949,41
46950,45
46951,52
46952,20
46953,47
46954,55
46955,62
46956,61
46957,47
46958,34
46959,48
46960,51
46961,35
46962,38
46963,22
46964,58
46965,42
46966,29
46967,27
46968,51
46969,62
46970,55
46971,27
46972,52
46973,28
46974,31
46975,51
46976,18
46977,30
46978,39
46979,35
46980,22
46981,40
46982,19
46983,18
46984,63
46985,18
46986,28
46987,34
46988,32
46989,38
46990,49
46991,51
46992,64
46993,63
46994,54
46995,50
46996,44
46997,51
46998,64
46999,32
47000,18
47001,30
47002,50
47003,50
47004,42
47005,64
47006,54
47007,49
47008,57
47009,31
47010,38
47011,25
47012,23
47013,19
47014,22
47015,22
47016,43
47017,30
47018,34
47019,26
47020,36
47021,46
47022,38
47023,50
47024,22
47025,55
47026,56
47027,21
47028,35
47029,34
47030,23
47031,27
47032,43
47033,55
47034,45
47035,45
47036,47
47037,56
47038,30
47039,51
47040,54
47041,40
47042,47
47043,37
47044,44
47045,18
47046,20
47047,48
47048,26
47049,41
47050,45
47051,52
47052,20
47053,47
47054,55
47055,62
47056,61
47057,47
47058,34
47059,48
47060,51
47061,35
47062,38
47063,22
47064,58
47065,42
47066,29
47067,27
47068,51
47069,62
47070,55
47071,27
47072,52
47073,28
47074,31
47075,51
47076,18
47077,30
47078,39
47079,35
47080,22
47081,40
47082,19
47083,18
47084,63
47085,18
47086,28
47087,34
47088,32
47089,38
47090,49
47091,51
47092,64
47093,63
47094,54
47095,50
47096,44
47097,51
47098,64
47099,32
47100,18
47101,30
47102,50
47103,50
47104,42
47105,64
47106,54
47107,49
47108,57
47109,31
47110,38
47111,25
47112,23
47113,19
47114,22
47115,22
47116,43
47117,30
47118,34
47119,26
47120,36
47121,46
47122,38
47123,50
47124,22
47125,55
47126,56
47127,21
47128,35
47129,34
47130,23
47131,27
47132,43
47133,55
47134,45
47135,45
47136,47
47137,56
47138,30
47139,51
47140,54
47141,40
47142,47
47143,37
47144,44
47145,18
47146,20
47147,48
47148,26
47149,41
47150,45
47151,52
47152,20
47153,47
47154,55
47155,62
47156,61
47157,47
47158,34
47159,48
47160,51
47161,35
47162,38
47163,22
47164,58
47165,42
47166,29
47167,27
47168,51
47169,62
47170,55
47171,27
47172,52
47173,28
47174,31
47175,51
47176,18
47177,30
47178,39
47179,35
47180,22
47181,40
47182,19
47183,18
47184,63
47185,18
47186,28
47187,34
47188,32
47189,38
47190,49
47191,51
47192,64
47193,63
47194,54
47195,50
47196,44
47197,51
47198,64
47199,32
47200,18
47201,30
47202,50
47203,50
47204,42
47205,64
47206,54
47207,49
47208,57
47209,31
47210,38
47211,25
47212,23
47213,19
47214,22
47215,22
47216,43
47217,30
47218,34
47219,26
47220,36
47221,46
47222,38
47223,50
47224,22
47225,55
47226,56
47227,21
47228,35
47229,34
47230,23
47231,27
47232,43
47233,55
47234,45
47235,45
47236,47
47237,56
47238,30
47239,51
47240,54
47241,40
47242,47
47243,37
47244,44
47245,18
47246,20
47247,48
47248,26
47249,41
47250,45
47251,52
47252,20
47253,47
47254,55
47255,62
47256,61
47257,47
47258,34
47259,48
47260,51
47261,35
47262,38
47263,22
47264,58
47265,42
47266,29
47267,27
47268,51
47269,62
47270,55
47271,27
47272,52
47273,28
47274,31
47275,51
47276,18
47277,30
47278,39
47279,35
47280,22
47281,40
47282,19
47283,18
47284,63
47285,18
47286,28
47287,34
47288,32
47289,38
47290,49
47291,51
47292,64
47293,63
47294,54
47295,50
47296,44
47297,51
47298,64
47299,32
47300,18
47301,30
47302,50
47303,50
47304,42
47305,64
47306,54
47307,49
47308,57
47309,31
47310,38
47311,25
47312,23
47313,19
47314,22
47315,22
47316,43
47317,30
47318,34
47319,26
47320,36
47321,46
47322,38
47323,50
47324,22
47325,55
47326,56
47327,21
47328,35
47329,34
47330,23
47331,27
47332,43
47333,55
47334,45
47335,45
47336,47
47337,56
47338,30
47339,51
47340,54
47341,40
47342,47
47343,37
47344,44
47345,18
47346,20
47347,48
47348,26
47349,41
47350,45
47351,52
47352,20
47353,47
47354,55
47355,62
47356,61
47357,47
47358,34
47359,48
47360,51
47361,35
47362,38
47363,22
47364,58
47365,42
47366,29
47367,27
47368,51
47369,62
47370,55
47371,27
47372,52
47373,28
47374,31
47375,51
47376,18
47377,30
47378,39
47379,35
47380,22
47381,40
47382,19
47383,18
47384,63
47385,18
47386,28
47387,34
47388,32
47389,38
47390,49
47391,51
47392,64
47393,63
47394,54
47395,50
47396,44
47397,51
47398,64
47399,32
47400,18
47401,30
47402,50
47403,50
47404,42
47405,64
47406,54
47407,49
47408,57
47409,31
47410,38
47411,25
47412,23
47413,19
47414,22
47415,22
47416,43
47417,30
47418,34
47419,26
47420,36
47421,46
47422,38
47423,50
47424,22
47425,55
47426,56
47427,21
47428,35
47429,34
47430,23
47431,27
47432,43
47433,55
47434,45
47435,45
47436,47
47437,56
47438,30
47439,51
47440,54
47441,40
47442,47
47443,37
47444,44
47445,18
47446,20
47447,48
47448,26
47449,41
47450,45
47451,52
47452,20
47453,47
47454,55
47455,62
47456,61
47457,47
47458,34
47459,48
47460,51
47461,35
47462,38
47463,22
47464,58
47465,42
47466,29
47467,27
47468,51
47469,62
47470,55
47471,27
47472,52
47473,28
47474,31
47475,51
47476,18
47477,30
47478,39
47479,35
47480,22
47481,40
47482,19
47483,18
47484,63
47485,18
47486,28
47487,34
47488,32
47489,38
47490,49
47491,51
47492,64
47493,63
47494,54
47495,50
47496,44
47497,51
47498,64
47499,32
47500,18
47501,30
47502,50
47503,50
47504,42
47505,64
47506,54
47507,49
47508,57
47509,31
47510,38
47511,25
47512,23
47513,19
47514,22
47515,22
47516,43
47517,30
47518,34
47519,26
47520,36
47521,46
47522,38
47523,50
47524,22
47525,55
47526,56
47527,21
47528,35
47529,34
47530,23
47531,27
47532,43
47533,55
47534,45
47535,45
47536,47
47537,56
47538,30
47539,51
47540,54
47541,40
47542,47
47543,37
47544,44
47545,18
47546,20
47547,48
47548,26
47549,41
47550,45
47551,52
47552,20
47553,47
47554,55
47555,62
47556,61
47557,47
47558,34
47559,48
47560,51
47561,35
47562,38
47563,22
47564,58
47565,42
47566,29
47567,27
47568,51
47569,62
47570,55
47571,27
47572,52
47573,28
47574,31
47575,51
47576,18
47577,30
47578,39
47579,35
47580,22
47581,40
47582,19
47583,18
47584,63
47585,18
47586,28
47587,34
47588,32
47589,38
47590,49
47591,51
47592,64
47593,63
47594,54
47595,50
47596,44
47597,51
47598,64
47599,32
47600,18
47601,30
47602,50
47603,50
47604,42
47605,64
47606,54
47607,49
47608,57
47609,31
47610,38
47611,25
47612,23
47613,19
47614,22
47615,22
47616,43
47617,30
47618,34
47619,26
47620,36
47621,46
47622,38
47623,50
47624,22
47625,55
47626,56
47627,21
47628,35
47629,34
47630,23
47631,27
47632,43
47633,55
47634,45
47635,45
47636,47
47637,56
47638,30
47639,51
47640,54
47641,40
47642,47
47643,37
47644,44
47645,18
47646,20
47647,48
47648,26
47649,41
47650,45
47651,52
47652,20
47653,47
47654,55
47655,62
47656,61
47657,47
47658,34
47659,48
47660,51
47661,35
47662,38
47663,22
47664,58
47665,42
47666,29
47667,27
47668,51
47669,62
47670,55
47671,27
47672,52
47673,28
47674,31
47675,51
47676,18
47677,30
47678,39
47679,35
47680,22
47681,40
47682,19
47683,18
47684,63
47685,18
47686,28
47687,34
47688,32
47689,38
47690,49
47691,51
47692,64
47693,63
47694,54
47695,50
47696,44
47697,51
47698,64
47699,32
47700,18
47701,30
47702,50
47703,50
47704,42
47705,64
47706,54
47707,49
47708,57
47709,31
47710,38
47711,25
47712,23
47713,19
47714,22
47715,22
47716,43
47717,30
47718,34
47719,26
47720,36
47721,46
47722,38
47723,50
47724,22
47725,55
47726,56
47727,21
47728,35
47729,34
47730,23
47731,27
47732,43
47733,55
47734,45
47735,45
47736,47
47737,56
47738,30
47739,51
47740,54
47741,40
47742,47
47743,37
47744,44
47745,18
47746,20
47747,48
47748,26
47749,41
47750,45
47751,52
47752,20
47753,47
47754,55
47755,62
47756,61
47757,47
47758,34
47759,48
47760,51
47761,35
47762,38
47763,22
47764,58
47765,42
47766,29
47767,27
47768,51
47769,62
47770,55
47771,27
47772,52
47773,28
47774,31
47775,51
47776,18
47777,30
47778,39
47779,35
47780,22
47781,40
47782,19
47783,18
47784,63
47785,18
47786,28
47787,34
47788,32
47789,38
47790,49
47791,51
47792,64
47793,63
47794,54
47795,50
47796,44
47797,51
47798,64
47799,32
47800,18
47801,30
47802,50
47803,50
47804,42
47805,64
47806,54
47807,49
47808,57
47809,31
47810,38
47811,25
47812,23
47813,19
47814,22
47815,22
47816,43
47817,30
47818,34
47819,26
47820,36
47821,46
47822,38
47823,50
47824,22
47825,55
47826,56
47827,21
47828,35
47829,34
47830,23
47831,27
47832,43
47833,55
47834,45
47835,45
47836,47
47837,56
47838,30
47839,51
47840,54
47841,40
47842,47
47843,37
47844,44
47845,18
47846,20
47847,48
47848,26
47849,41
47850,45
47851,52
47852,20
47853,47
47854,55
47855,62
47856,61
47857,47
47858,34
47859,48
47860,51
47861,35
47862,38
47863,22
47864,58
47865,42
47866,29
47867,27
47868,51
47869,62
47870,55
47871,27
47872,52
47873,28
47874,31
47875,51
47876,18
47877,30
47878,39
47879,35
47880,22
47881,40
47882,19
47883,18
47884,63
47885,18
47886,28
47887,34
47888,32
47889,38
47890,49
47891,51
47892,64
47893,63
47894,54
47895,50
47896,44
47897,51
47898,64
47899,32
47900,18
47901,30
47902,50
47903,50
47904,42
47905,64
47906,54
47907,49
47908,57
47909,31
47910,38
47911,25
47912,23
47913,19
47914,22
47915,22
47916,43
47917,30
47918,34
47919,26
47920,36
47921,46
47922,38
47923,50
47924,22
47925,55
47926,56
47927,21
47928,35
47929,34
47930,23
47931,27
47932,43
47933,55
47934,45
47935,45
47936,47
47937,56
47938,30
47939,51
47940,54
47941,40
47942,47
47943,37
47944,44
47945,18
47946,20
47947,48
47948,26
47949,41
47950,45
47951,52
47952,20
47953,47
47954,55
47955,62
47956,61
47957,47
47958,34
47959,48
47960,51
47961,35
47962,38
47963,22
47964,58
47965,42
47966,29
47967,27
47968,51
47969,62
47970,55
47971,27
47972,52
47973,28
47974,31
47975,51
47976,18
47977,30
47978,39
47979,35
47980,22
47981,40
47982,19
47983,18
47984,63
47985,18
47986,28
47987,34
47988,32
47989,38
47990,49
47991,51
47992,64
47993,63
47994,54
47995,50
47996,44
47997,51
47998,64
47999,32
48000,18
48001,30
48002,50
48003,50
48004,42
48005,64
48006,54
48007,49
48008,57
48009,31
48010,38
48011,25
48012,23
48013,19
48014,22
48015,22
48016,43
48017,30
48018,34
48019,26
48020,36
48021,46
48022,38
48023,50
48024,22
48025,55
48026,56
48027,21
48028,35
48029,34
48030,23
48031,27
48032,43
48033,55
48034,45
48035,45
48036,47
48037,56
48038,30
48039,51
48040,54
48041,40
48042,47
48043,37
48044,44
48045,18
48046,20
48047,48
48048,26
48049,41
48050,45
48051,52
48052,20
48053,47
48054,55
48055,62
48056,61
48057,47
48058,34
48059,48
48060,51
48061,35
48062,38
48063,22
48064,58
48065,42
48066,29
48067,27
48068,51
48069,62
48070,55
48071,27
48072,52
48073,28
48074,31
48075,51
48076,18
48077,30
48078,39
48079,35
48080,22
48081,40
48082,19
48083,18
48084,63
48085,18
48086,28
48087,34
48088,32
48089,38
48090,49
48091,51
48092,64
48093,63
48094,54
48095,50
48096,44
48097,51
48098,64
48099,32
48100,18
48101,30
48102,50
48103,50
48104,42
48105,64
48106,54
48107,49
48108,57
48109,31
48110,38
48111,25
48112,23
48113,19
48114,22
48115,22
48116,43
48117,30
48118,34
48119,26
48120,36
48121,46
48122,38
48123,50
48124,22
48125,55
48126,56
48127,21
48128,35
48129,34
48130,23
48131,27
48132,43
48133,55
48134,45
48135,45
48136,47
48137,56
48138,30
48139,51
48140,54
48141,40
48142,47
48143,37
48144,44
48145,18
48146,20
48147,48
48148,26
48149,41
48150,45
48151,52
48152,20
48153,47
48154,55
48155,62
48156,61
48157,47
48158,34
48159,48
48160,51
48161,35
48162,38
48163,22
48164,58
48165,42
48166,29
48167,27
48168,51
48169,62
48170,55
48171,27
48172,52
48173,28
48174,31
48175,51
48176,18
48177,30
48178,39
48179,35
48180,22
48181,40
48182,19
48183,18
48184,63
48185,18
48186,28
48187,34
48188,32
48189,38
48190,49
48191,51
48192,64
48193,63
48194,54
48195,50
48196,44
48197,51
48198,64
48199,32
48200,18
48201,30
48202,50
48203,50
48204,42
48205,64
48206,54
48207,49
48208,57
48209,31
48210,38
48211,25
48212,23
48213,19
48214,22
48215,22
48216,43
48217,30
48218,34
48219,26
48220,36
48221,46
48222,38
48223,50
48224,22
48225,55
48226,56
48227,21
48228,35
48229,34
48230,23
48231,27
48232,43
48233,55
48234,45
48235,45
48236,47
48237,56
48238,30
48239,51
48240,54
48241,40
48242,47
48243,37
48244,44
48245,18
48246,20
48247,48
48248,26
48249,41
48250,45
48251,52
48252,20
48253,47
48254,55
48255,62
48256,61
48257,47
48258,34
48259,48
48260,51
48261,35
48262,38
48263,22
48264,58
48265,42
48266,29
48267,27
48268,51
48269,62
48270,55
48271,27
48272,52
48273,28
48274,31
48275,51
48276,18
48277,30
48278,39
48279,35
48280,22
48281,40
48282,19
48283,18
48284,63
48285,18
48286,28
48287,34
48288,32
48289,38
48290,49
48291,51
48292,64
48293,63
48294,54
48295,50
48296,44
48297,51
48298,64
48299,32
48300,18
48301,30
48302,50
48303,50
48304,42
48305,64
48306,54
48307,49
48308,57
48309,31
48310,38
48311,25
48312,23
48313,19
48314,22
48315,22
48316,43
48317,30
48318,34
48319,26
48320,36
48321,46
48322,38
48323,50
48324,22
48325,55
48326,56
48327,21
48328,35
48329,34
48330,23
48331,27
48332,43
48333,55
48334,45
48335,45
48336,47
48337,56
48338,30
48339,51
48340,54
48341,40
48342,47
48343,37
48344,44
48345,18
48346,20
48347,48
48348,26
48349,41
48350,45
48351,52
48352,20
48353,47
48354,55
48355,62
48356,61
48357,47
48358,34
48359,48
48360,51
48361,35
48362,38
48363,22
48364,58
48365,42
48366,29
48367,27
48368,51
48369,62
48370,55
48371,27
48372,52
48373,28
48374,31
48375,51
48376,18
48377,30
48378,39
48379,35
48380,22
48381,40
48382,19
48383,18
48384,63
48385,18
48386,28
48387,34
48388,32
48389,38
48390,49
48391,51
48392,64
48393,63
48394,54
48395,50
48396,44
48397,51
48398,64
48399,32
48400,18
48401,30
48402,50
48403,50
48404,42
48405,64
48406,54
48407,49
48408,57
48409,31
48410,38
48411,25
48412,23
48413,19
48414,22
48415,22
48416,43
48417,30
48418,34
48419,26
48420,36
48421,46
48422,38
48423,50
48424,22
48425,55
48426,56
48427,21
48428,35
48429,34
48430,23
48431,27
48432,43
48433,55
48434,45
48435,45
48436,47
48437,56
48438,30
48439,51
48440,54
48441,40
48442,47
48443,37
48444,44
48445,18
48446,20
48447,48
48448,26
48449,41
48450,45
48451,52
48452,20
48453,47
48454,55
48455,62
48456,61
48457,47
48458,34
48459,48
48460,51
48461,35
48462,38
48463,22
48464,58
48465,42
48466,29
48467,27
48468,51
48469,62
48470,55
48471,27
48472,52
48473,28
48474,31
48475,51
48476,18
48477,30
48478,39
48479,35
48480,22
48481,40
48482,19
48483,18
48484,63
48485,18
48486,28
48487,34
48488,32
48489,38
48490,49
48491,51
48492,64
48493,63
48494,54
48495,50
48496,44
48497,51
48498,64
48499,32
48500,18
48501,30
48502,50
48503,50
48504,42
48505,64
48506,54
48507,49
48508,57
48509,31
48510,38
48511,25
48512,23
48513,19
48514,22
48515,22
48516,43
48517,30
48518,34
48519,26
48520,36
48521,46
48522,38
48523,50
48524,22
48525,55
48526,56
48527,21
48528,35
48529,34
48530,23
48531,27
48532,43
48533,55
48534,45
48535,45
48536,47
48537,56
48538,30
48539,51
48540,54
48541,40
48542,47
48543,37
48544,44
48545,18
48546,20
48547,48
48548,26
48549,41
48550,45
48551,52
48552,20
48553,47
48554,55
48555,62
48556,61
48557,47
48558,34
48559,48
48560,51
48561,35
48562,38
48563,22
48564,58
48565,42
48566,29
48567,27
48568,51
48569,62
48570,55
48571,27
48572,52
48573,28
48574,31
48575,51
48576,18
48577,30
48578,39
48579,35
48580,22
48581,40
48582,19
48583,18
48584,63
48585,18
48586,28
48587,34
48588,32
48589,38
48590,49
48591,51
48592,64
48593,63
48594,54
48595,50
48596,44
48597,51
48598,64
48599,32
48600,18
48601,30
48602,50
48603,50
48604,42
48605,64
48606,54
48607,49
48608,57
48609,31
48610,38
48611,25
48612,23
48613,19
48614,22
48615,22
48616,43
48617,30
48618,34
48619,26
48620,36
48621,46
48622,38
48623,50
48624,22
48625,55
48626,56
48627,21
48628,35
48629,34
48630,23
48631,27
48632,43
48633,55
48634,45
48635,45
48636,47
48637,56
48638,30
48639,51
48640,54
48641,40
48642,47
48643,37
48644,44
48645,18
48646,20
48647,48
48648,26
48649,41
48650,45
48651,52
48652,20
48653,47
48654,55
48655,62
48656,61
48657,47
48658,34
48659,48
48660,51
48661,35
48662,38
48663,22
48664,58
48665,42
48666,29
48667,27
48668,51
48669,62
48670,55
48671,27
48672,52
48673,28
48674,31
48675,51
48676,18
48677,30
48678,39
48679,35
48680,22
48681,40
48682,19
48683,18
48684,63
48685,18
48686,28
48687,34
48688,32
48689,38
48690,49
48691,51
48692,64
48693,63
48694,54
48695,50
48696,44
48697,51
48698,64
48699,32
48700,18
48701,30
48702,50
48703,50
48704,42
48705,64
48706,54
48707,49
48708,57
48709,31
48710,38
48711,25
48712,23
48713,19
48714,22
48715,22
48716,43
48717,30
48718,34
48719,26
48720,36
48721,46
48722,38
48723,50
48724,22
48725,55
48726,56
48727,21
48728,35
48729,34
48730,23
48731,27
48732,43
48733,55
48734,45
48735,45
48736,47
48737,56
48738,30
48739,51
48740,54
48741,40
48742,47
48743,37
48744,44
48745,18
48746,20
48747,48
48748,26
48749,41
48750,45
48751,52
48752,20
48753,47
48754,55
48755,62
48756,61
48757,47
48758,34
48759,48
48760,51
48761,35
48762,38
48763,22
48764,58
48765,42
48766,29
48767,27
48768,51
48769,62
48770,55
48771,27
48772,52
48773,28
48774,31
48775,51
48776,18
48777,30
48778,39
48779,35
48780,22
48781,40
48782,19
48783,18
48784,63
48785,18
48786,28
48787,34
48788,32
48789,38
48790,49
48791,51
48792,64
48793,63
48794,54
48795,50
48796,44
48797,51
48798,64
48799,32
48800,18
48801,30
48802,50
48803,50
48804,42
48805,64
48806,54
48807,49
48808,57
48809,31
48810,38
48811,25
48812,23
48813,19
48814,22
48815,22
48816,43
48817,30
48818,34
48819,26
48820,36
48821,46
48822,38
48823,50
48824,22
48825,55
48826,56
48827,21
48828,35
48829,34
48830,23
48831,27
48832,43
48833,55
48834,45
48835,45
48836,47
48837,56
48838,30
48839,51
48840,54
48841,40
48842,47
48843,37
48844,44
48845,18
48846,20
48847,48
48848,26
48849,41
48850,45
48851,52
48852,20
48853,47
48854,55
48855,62
48856,61
48857,47
48858,34
48859,48
48860,51
48861,35
48862,38
48863,22
48864,58
48865,42
48866,29
48867,27
48868,51
48869,62
48870,55
48871,27
48872,52
48873,28
48874,31
48875,51
48876,18
48877,30
48878,39
48879,35
48880,22
48881,40
48882,19
48883,18
48884,63
48885,18
48886,28
48887,34
48888,32
48889,38
48890,49
48891,51
48892,64
48893,63
48894,54
48895,50
48896,44
48897,51
48898,64
48899,32
48900,18
48901,30
48902,50
48903,50
48904,42
48905,64
48906,54
48907,49
48908,57
48909,31
48910,38
48911,25
48912,23
48913,19
48914,22
48915,22
48916,43
48917,30
48918,34
48919,26
48920,36
48921,46
48922,38
48923,50
48924,22
48925,55
48926,56
48927,21
48928,35
48929,34
48930,23
48931,27
48932,43
48933,55
48934,45
48935,45
48936,47
48937,56
48938,30
48939,51
48940,54
48941,40
48942,47
48943,37
48944,44
48945,18
48946,20
48947,48
48948,26
48949,41
48950,45
48951,52
48952,20
48953,47
48954,55
48955,62
48956,61
48957,47
48958,34
48959,48
48960,51
48961,35
48962,38
48963,22
48964,58
48965,42
48966,29
48967,27
48968,51
48969,62
48970,55
48971,27
48972,52
48973,28
48974,31
48975,51
48976,18
48977,30
48978,39
48979,35
48980,22
48981,40
48982,19
48983,18
48984,63
48985,18
48986,28
48987,34
48988,32
48989,38
48990,49
48991,51
48992,64
48993,63
48994,54
48995,50
48996,44
48997,51
48998,64
48999,32
49000,18
49001,30
49002,50
49003,50
49004,42
49005,64
49006,54
49007,49
49008,57
49009,31
49010,38
49011,25
49012,23
49013,19
49014,22
49015,22
49016,43
49017,30
49018,34
49019,26
49020,36
49021,46
49022,38
49023,50
49024,22
49025,55
49026,56
49027,21
49028,35
49029,34
49030,23
49031,27
49032,43
49033,55
49034,45
49035,45
49036,47
49037,56
49038,30
49039,51
49040,54
49041,40
49042,47
49043,37
49044,44
49045,18
49046,20
49047,48
49048,26
49049,41
49050,45
49051,52
49052,20
49053,47
49054,55
49055,62
49056,61
49057,47
49058,34
49059,48
49060,51
49061,35
49062,38
49063,22
49064,58
49065,42
49066,29
49067,27
49068,51
49069,62
49070,55
49071,27
49072,52
49073,28
49074,31
49075,51
49076,18
49077,30
49078,39
49079,35
49080,22
49081,40
49082,19
49083,18
49084,63
49085,18
49086,28
49087,34
49088,32
49089,38
49090,49
49091,51
49092,64
49093,63
49094,54
49095,50
49096,44
49097,51
49098,64
49099,32
49100,18
49101,30
49102,50
49103,50
49104,42
49105,64
49106,54
49107,49
49108,57
49109,31
49110,38
49111,25
49112,23
49113,19
49114,22
49115,22
49116,43
49117,30
49118,34
49119,26
49120,36
49121,46
49122,38
49123,50
49124,22
49125,55
49126,56
49127,21
49128,35
49129,34
49130,23
49131,27
49132,43
49133,55
49134,45
49135,45
49136,47
49137,56
49138,30
49139,51
49140,54
49141,40
49142,47
49143,37
49144,44
49145,18
49146,20
49147,48
49148,26
49149,41
49150,45
49151,52
49152,20
49153,47
49154,55
49155,62
49156,61
49157,47
49158,34
49159,48
49160,51
49161,35
49162,38
49163,22
49164,58
49165,42
49166,29
49167,27
49168,51
49169,62
49170,55
49171,27
49172,52
49173,28
49174,31
49175,51
49176,18
49177,30
49178,39
49179,35
49180,22
49181,40
49182,19
49183,18
49184,63
49185,18
49186,28
49187,34
49188,32
49189,38
49190,49
49191,51
49192,64
49193,63
49194,54
49195,50
49196,44
49197,51
49198,64
49199,32
49200,18
49201,30
49202,50
49203,50
49204,42
49205,64
49206,54
49207,49
49208,57
49209,31
49210,38
49211,25
49212,23
49213,19
49214,22
49215,22
49216,43
49217,30
49218,34
49219,26
49220,36
49221,46
49222,38
49223,50
49224,22
49225,55
49226,56
49227,21
49228,35
49229,34
49230,23
49231,27
49232,43
49233,55
49234,45
49235,45
49236,47
49237,56
49238,30
49239,51
49240,54
49241,40
49242,47
49243,37
49244,44
49245,18
49246,20
49247,48
49248,26
49249,41
49250,45
49251,52
49252,20
49253,47
49254,55
49255,62
49256,61
49257,47
49258,34
49259,48
49260,51
49261,35
49262,38
49263,22
49264,58
49265,42
49266,29
49267,27
49268,51
49269,62
49270,55
49271,27
49272,52
49273,28
49274,31
49275,51
49276,18
49277,30
49278,39
49279,35
49280,22
49281,40
49282,19
49283,18
49284,63
49285,18
49286,28
49287,34
49288,32
49289,38
49290,49
49291,51
49292,64
49293,63
49294,54
49295,50
49296,44
49297,51
49298,64
49299,32
49300,18
49301,30
49302,50
49303,50
49304,42
49305,64
49306,54
49307,49
49308,57
49309,31
49310,38
49311,25
49312,23
49313,19
49314,22
49315,22
49316,43
49317,30
49318,34
49319,26
49320,36
49321,46
49322,38
49323,50
49324,22
49325,55
49326,56
49327,21
49328,35
49329,34
49330,23
49331,27
49332,43
49333,55
49334,45
49335,45
49336,47
49337,56
49338,30
49339,51
49340,54
49341,40
49342,47
49343,37
49344,44
49345,18
49346,20
49347,48
49348,26
49349,41
49350,45
49351,52
49352,20
49353,47
49354,55
49355,62
49356,61
49357,47
49358,34
49359,48
49360,51
49361,35
49362,38
49363,22
49364,58
49365,42
49366,29
49367,27
49368,51
49369,62
49370,55
49371,27
49372,52
49373,28
49374,31
49375,51
49376,18
49377,30
49378,39
49379,35
49380,22
49381,40
49382,19
49383,18
49384,63
49385,18
49386,28
49387,34
49388,32
49389,38
49390,49
49391,51
49392,64
49393,63
49394,54
49395,50
49396,44
49397,51
49398,64
49399,32
49400,18
49401,30
49402,50
49403,50
49404,42
49405,64
49406,54
49407,49
49408,57
49409,31
49410,38
49411,25
49412,23
49413,19
49414,22
49415,22
49416,43
49417,30
49418,34
49419,26
49420,36
49421,46
49422,38
49423,50
49424,22
49425,55
49426,56
49427,21
49428,35
49429,34
49430,23
49431,27
49432,43
49433,55
49434,45
49435,45
49436,47
49437,56
49438,30
49439,51
49440,54
49441,40
49442,47
49443,37
49444,44
49445,18
49446,20
49447,48
49448,26
49449,41
49450,45
49451,52
49452,20
49453,47
49454,55
49455,62
49456,61
49457,47
49458,34
49459,48
49460,51
49461,35
49462,38
49463,22
49464,58
49465,42
49466,29
49467,27
49468,51
49469,62
49470,55
49471,27
49472,52
49473,28
49474,31
49475,51
49476,18
49477,30
49478,39
49479,35
49480,22
49481,40
49482,19
49483,18
49484,63
49485,18
49486,28
49487,34
49488,32
49489,38
49490,49
49491,51
49492,64
49493,63
49494,54
49495,50
49496,44
49497,51
49498,64
49499,32
49500,18
49501,30
49502,50
49503,50
49504,42
49505,64
49506,54
49507,49
49508,57
49509,31
49510,38
49511,25
49512,23
49513,19
49514,22
49515,22
49516,43
49517,30
49518,34
49519,26
49520,36
49521,46
49522,38
49523,50
49524,22
49525,55
49526,56
49527,21
49528,35
49529,34
49530,23
49531,27
49532,43
49533,55
49534,45
49535,45
49536,47
49537,56
49538,30
49539,51
49540,54
49541,40
49542,47
49543,37
49544,44
49545,18
49546,20
49547,48
49548,26
49549,41
49550,45
49551,52
49552,20
49553,47
49554,55
49555,62
49556,61
49557,47
49558,34
49559,48
49560,51
49561,35
49562,38
49563,22
49564,58
49565,42
49566,29
49567,27
49568,51
49569,62
49570,55
49571,27
49572,52
49573,28
49574,31
49575,51
49576,18
49577,30
49578,39
49579,35
49580,22
49581,40
49582,19
49583,18
49584,63
49585,18
49586,28
49587,34
49588,32
49589,38
49590,49
49591,51
49592,64
49593,63
49594,54
49595,50
49596,44
49597,51
49598,64
49599,32
49600,18
49601,30
49602,50
49603,50
49604,42
49605,64
49606,54
49607,49
49608,57
49609,31
49610,38
49611,25
49612,23
49613,19
49614,22
49615,22
49616,43
49617,30
49618,34
49619,26
49620,36
49621,46
49622,38
49623,50
49624,22
49625,55
49626,56
49627,21
49628,35
49629,34
49630,23
49631,27
49632,43
49633,55
49634,45
49635,45
49636,47
49637,56
49638,30
49639,51
49640,54
49641,40
49642,47
49643,37
49644,44
49645,18
49646,20
49647,48
49648,26
49649,41
49650,45
49651,52
49652,20
49653,47
49654,55
49655,62
49656,61
49657,47
49658,34
49659,48
49660,51
49661,35
49662,38
49663,22
49664,58
49665,42
49666,29
49667,27
49668,51
49669,62
49670,55
49671,27
49672,52
49673,28
49674,31
49675,51
49676,18
49677,30
49678,39
49679,35
49680,22
49681,40
49682,19
49683,18
49684,63
49685,18
49686,28
49687,34
49688,32
49689,38
49690,49
49691,51
49692,64
49693,63
49694,54
49695,50
49696,44
49697,51
49698,64
49699,32
49700,18
49701,30
49702,50
49703,50
49704,42
49705,64
49706,54
49707,49
49708,57
49709,31
49710,38
49711,25
49712,23
49713,19
49714,22
49715,22
49716,43
49717,30
49718,34
49719,26
49720,36
49721,46
49722,38
49723,50
49724,22
49725,55
49726,56
49727,21
49728,35
49729,34
49730,23
49731,27
49732,43
49733,55
49734,45
49735,45
49736,47
49737,56
49738,30
49739,51
49740,54
49741,40
49742,47
49743,37
49744,44
49745,18
49746,20
49747,48
49748,26
49749,41
49750,45
49751,52
49752,20
49753,47
49754,55
49755,62
49756,61
49757,47
49758,34
49759,48
49760,51
49761,35
49762,38
49763,22
49764,58
49765,42
49766,29
49767,27
49768,51
49769,62
49770,55
49771,27
49772,52
49773,28
49774,31
49775,51
49776,18
49777,30
49778,39
49779,35
49780,22
49781,40
49782,19
49783,18
49784,63
49785,18
49786,28
49787,34
49788,32
49789,38
49790,49
49791,51
49792,64
49793,63
49794,54
49795,50
49796,44
49797,51
49798,64
49799,32
49800,18
49801,30
49802,50
49803,50
49804,42
49805,64
49806,54
49807,49
49808,57
49809,31
49810,38
49811,25
49812,23
49813,19
49814,22
49815,22
49816,43
49817,30
49818,34
49819,26
49820,36
49821,46
49822,38
49823,50
49824,22
49825,55
49826,56
49827,21
49828,35
49829,34
49830,23
49831,27
49832,43
49833,55
49834,45
49835,45
49836,47
49837,56
49838,30
49839,51
49840,54
49841,40
49842,47
49843,37
49844,44
49845,18
49846,20
49847,48
49848,26
49849,41
49850,45
49851,52
49852,20
49853,47
49854,55
49855,62
49856,61
49857,47
49858,34
49859,48
49860,51
49861,35
49862,38
49863,22
49864,58
49865,42
49866,29
49867,27
49868,51
49869,62
49870,55
49871,27
49872,52
49873,28
49874,31
49875,51
49876,18
49877,30
49878,39
49879,35
49880,22
49881,40
49882,19
49883,18
49884,63
49885,18
49886,28
49887,34
49888,32
49889,38
49890,49
49891,51
49892,64
49893,63
49894,54
49895,50
49896,44
49897,51
49898,64
49899,32
49900,18
49901,30
49902,50
49903,50
49904,42
49905,64
49906,54
49907,49
49908,57
49909,31
49910,38
49911,25
49912,23
49913,19
49914,22
49915,22
49916,43
49917,30
49918,34
49919,26
49920,36
49921,46
49922,38
49923,50
49924,22
49925,55
49926,56
49927,21
49928,35
49929,34
49930,23
49931,27
49932,43
49933,55
49934,45
49935,45
49936,47
49937,56
49938,30
49939,51
49940,54
49941,40
49942,47
49943,37
49944,44
49945,18
49946,20
49947,48
49948,26
49949,41
49950,45
49951,52
49952,20
49953,47
49954,55
49955,62
49956,61
49957,47
49958,34
49959,48
49960,51
49961,35
49962,38
49963,22
49964,58
49965,42
49966,29
49967,27
49968,51
49969,62
49970,55
49971,27
49972,52
49973,28
49974,31
49975,51
49976,18
49977,30
49978,39
49979,35
49980,22
49981,40
49982,19
49983,18
49984,63
49985,18
49986,28
49987,34
49988,32
49989,38
49990,49
49991,51
49992,64
49993,63
49994,54
49995,50
49996,44
49997,51
49998,64
49999,32
50000,18
50001,30
50002,50
50003,50
50004,42
50005,64
50006,54
50007,49
50008,57
50009,31
50010,38
50011,25
50012,23
50013,19
50014,22
50015,22
50016,43
50017,30
50018,34
50019,26
50020,36
50021,46
50022,38
50023,50
50024,22
50025,55
50026,56
50027,21
50028,35
50029,34
50030,23
50031,27
50032,43
50033,55
50034,45
50035,45
50036,47
50037,56
50038,30
50039,51
50040,54
50041,40
50042,47
50043,37
50044,44
50045,18
50046,20
50047,48
50048,26
50049,41
50050,45
50051,52
50052,20
50053,47
50054,55
50055,62
50056,61
50057,47
50058,34
50059,48
50060,51
50061,35
50062,38
50063,22
50064,58
50065,42
50066,29
50067,27
50068,51
50069,62
50070,55
50071,27
50072,52
50073,28
50074,31
50075,51
50076,18
50077,30
50078,39
50079,35
50080,22
50081,40
50082,19
50083,18
50084,63
50085,18
50086,28
50087,34
50088,32
50089,38
50090,49
50091,51
50092,64
50093,63
50094,54
50095,50
50096,44
50097,51
50098,64
50099,32
50100,18
50101,30
50102,50
50103,50
50104,42
50105,64
50106,54
50107,49
50108,57
50109,31
50110,38
50111,25
50112,23
50113,19
50114,22
50115,22
50116,43
50117,30
50118,34
50119,26
50120,36
50121,46
50122,38
50123,50
50124,22
50125,55
50126,56
50127,21
50128,35
50129,34
50130,23
50131,27
50132,43
50133,55
50134,45
50135,45
50136,47
50137,56
50138,30
50139,51
50140,54
50141,40
50142,47
50143,37
50144,44
50145,18
50146,20
50147,48
50148,26
50149,41
50150,45
50151,52
50152,20
50153,47
50154,55
50155,62
50156,61
50157,47
50158,34
50159,48
50160,51
50161,35
50162,38
50163,22
50164,58
50165,42
50166,29
50167,27
50168,51
50169,62
50170,55
50171,27
50172,52
50173,28
50174,31
50175,51
50176,18
50177,30
50178,39
50179,35
50180,22
50181,40
50182,19
50183,18
50184,63
50185,18
50186,28
50187,34
50188,32
50189,38
50190,49
50191,51
50192,64
50193,63
50194,54
50195,50
50196,44
50197,51
50198,64
50199,32
50200,18
50201,30
50202,50
50203,50
50204,42
50205,64
50206,54
50207,49
50208,57
50209,31
50210,38
50211,25
50212,23
50213,19
50214,22
50215,22
50216,43
50217,30
50218,34
50219,26
50220,36
50221,46
50222,38
50223,50
50224,22
50225,55
50226,56
50227,21
50228,35
50229,34
50230,23
50231,27
50232,43
50233,55
50234,45
50235,45
50236,47
50237,56
50238,30
50239,51
50240,54
50241,40
50242,47
50243,37
50244,44
50245,18
50246,20
50247,48
50248,26
50249,41
50250,45
50251,52
50252,20
50253,47
50254,55
50255,62
50256,61
50257,47
50258,34
50259,48
50260,51
50261,35
50262,38
50263,22
50264,58
50265,42
50266,29
50267,27
50268,51
50269,62
50270,55
50271,27
50272,52
50273,28
50274,31
50275,51
50276,18
50277,30
50278,39
50279,35
50280,22
50281,40
50282,19
50283,18
50284,63
50285,18
50286,28
50287,34
50288,32
50289,38
50290,49
50291,51
50292,64
50293,63
50294,54
50295,50
50296,44
50297,51
50298,64
50299,32
50300,18
50301,30
50302,50
50303,50
50304,42
50305,64
50306,54
50307,49
50308,57
50309,31
50310,38
50311,25
50312,23
50313,19
50314,22
50315,22
50316,43
50317,30
50318,34
50319,26
50320,36
50321,46
50322,38
50323,50
50324,22
50325,55
50326,56
50327,21
50328,35
50329,34
50330,23
50331,27
50332,43
50333,55
50334,45
50335,45
50336,47
50337,56
50338,30
50339,51
50340,54
50341,40
50342,47
50343,37
50344,44
50345,18
50346,20
50347,48
50348,26
50349,41
50350,45
50351,52
50352,20
50353,47
50354,55
50355,62
50356,61
50357,47
50358,34
50359,48
50360,51
50361,35
50362,38
50363,22
50364,58
50365,42
50366,29
50367,27
50368,51
50369,62
50370,55
50371,27
50372,52
50373,28
50374,31
50375,51
50376,18
50377,30
50378,39
50379,35
50380,22
50381,40
50382,19
50383,18
50384,63
50385,18
50386,28
50387,34
50388,32
50389,38
50390,49
50391,51
50392,64
50393,63
50394,54
50395,50
50396,44
50397,51
50398,64
50399,32
50400,18
50401,30
50402,50
50403,50
50404,42
50405,64
50406,54
50407,49
50408,57
50409,31
50410,38
50411,25
50412,23
50413,19
50414,22
50415,22
50416,43
50417,30
50418,34
50419,26
50420,36
50421,46
50422,38
50423,50
50424,22
50425,55
50426,56
50427,21
50428,35
50429,34
50430,23
50431,27
50432,43
50433,55
50434,45
50435,45
50436,47
50437,56
50438,30
50439,51
50440,54
50441,40
50442,47
50443,37
50444,44
50445,18
50446,20
50447,48
50448,26
50449,41
50450,45
50451,52
50452,20
50453,47
50454,55
50455,62
50456,61
50457,47
50458,34
50459,48
50460,51
50461,35
50462,38
50463,22
50464,58
50465,42
50466,29
50467,27
50468,51
50469,62
50470,55
50471,27
50472,52
50473,28
50474,31
50475,51
50476,18
50477,30
50478,39
50479,35
50480,22
50481,40
50482,19
50483,18
50484,63
50485,18
50486,28
50487,34
50488,32
50489,38
50490,49
50491,51
50492,64
50493,63
50494,54
50495,50
50496,44
50497,51
50498,64
50499,32
50500,18
50501,30
50502,50
50503,50
50504,42
50505,64
50506,54
50507,49
50508,57
50509,31
50510,38
50511,25
50512,23
50513,19
50514,22
50515,22
50516,43
50517,30
50518,34
50519,26
50520,36
50521,46
50522,38
50523,50
50524,22
50525,55
50526,56
50527,21
50528,35
50529,34
50530,23
50531,27
50532,43
50533,55
50534,45
50535,45
50536,47
50537,56
50538,30
50539,51
50540,54
50541,40
50542,47
50543,37
50544,44
50545,18
50546,20
50547,48
50548,26
50549,41
50550,45
50551,52
50552,20
50553,47
50554,55
50555,62
50556,61
50557,47
50558,34
50559,48
50560,51
50561,35
50562,38
50563,22
50564,58
50565,42
50566,29
50567,27
50568,51
50569,62
50570,55
50571,27
50572,52
50573,28
50574,31
50575,51
50576,18
50577,30
50578,39
50579,35
50580,22
50581,40
50582,19
50583,18
50584,63
50585,18
50586,28
50587,34
50588,32
50589,38
50590,49
50591,51
50592,64
50593,63
50594,54
50595,50
50596,44
50597,51
50598,64
50599,32
50600,18
50601,30
50602,50
50603,50
50604,42
50605,64
50606,54
50607,49
50608,57
50609,31
50610,38
50611,25
50612,23
50613,19
50614,22
50615,22
50616,43
50617,30
50618,34
50619,26
50620,36
50621,46
50622,38
50623,50
50624,22
50625,55
50626,56
50627,21
50628,35
50629,34
50630,23
50631,27
50632,43
50633,55
50634,45
50635,45
50636,47
50637,56
50638,30
50639,51
50640,54
50641,40
50642,47
50643,37
50644,44
50645,18
50646,20
50647,48
50648,26
50649,41
50650,45
50651,52
50652,20
50653,47
50654,55
50655,62
50656,61
50657,47
50658,34
50659,48
50660,51
50661,35
50662,38
50663,22
50664,58
50665,42
50666,29
50667,27
50668,51
50669,62
50670,55
50671,27
50672,52
50673,28
50674,31
50675,51
50676,18
50677,30
50678,39
50679,35
50680,22
50681,40
50682,19
50683,18
50684,63
50685,18
50686,28
50687,34
50688,32
50689,38
50690,49
50691,51
50692,64
50693,63
50694,54
50695,50
50696,44
50697,51
50698,64
50699,32
50700,18
50701,30
50702,50
50703,50
50704,42
50705,64
50706,54
50707,49
50708,57
50709,31
50710,38
50711,25
50712,23
50713,19
50714,22
50715,22
50716,43
50717,30
50718,34
50719,26
50720,36
50721,46
50722,38
50723,50
50724,22
50725,55
50726,56
50727,21
50728,35
50729,34
50730,23
50731,27
50732,43
50733,55
50734,45
50735,45
50736,47
50737,56
50738,30
50739,51
50740,54
50741,40
50742,47
50743,37
50744,44
50745,18
50746,20
50747,48
50748,26
50749,41
50750,45
50751,52
50752,20
50753,47
50754,55
50755,62
50756,61
50757,47
50758,34
50759,48
50760,51
50761,35
50762,38
50763,22
50764,58
50765,42
50766,29
50767,27
50768,51
50769,62
50770,55
50771,27
50772,52
50773,28
50774,31
50775,51
50776,18
50777,30
50778,39
50779,35
50780,22
50781,40
50782,19
50783,18
50784,63
50785,18
50786,28
50787,34
50788,32
50789,38
50790,49
50791,51
50792,64
50793,63
50794,54
50795,50
50796,44
50797,51
50798,64
50799,32
50800,18
50801,30
50802,50
50803,50
50804,42
50805,64
50806,54
50807,49
50808,57
50809,31
50810,38
50811,25
50812,23
50813,19
50814,22
50815,22
50816,43
50817,30
50818,34
50819,26
50820,36
50821,46
50822,38
50823,50
50824,22
50825,55
50826,56
50827,21
50828,35
50829,34
50830,23
50831,27
50832,43
50833,55
50834,45
50835,45
50836,47
50837,56
50838,30
50839,51
50840,54
50841,40
50842,47
50843,37
50844,44
50845,18
50846,20
50847,48
50848,26
50849,41
50850,45
50851,52
50852,20
50853,47
50854,55
50855,62
50856,61
50857,47
50858,34
50859,48
50860,51
50861,35
50862,38
50863,22
50864,58
50865,42
50866,29
50867,27
50868,51
50869,62
50870,55
50871,27
50872,52
50873,28
50874,31
50875,51
50876,18
50877,30
50878,39
50879,35
50880,22
50881,40
50882,19
50883,18
50884,63
50885,18
50886,28
50887,34
50888,32
50889,38
50890,49
50891,51
50892,64
50893,63
50894,54
50895,50
50896,44
50897,51
50898,64
50899,32
50900,18
50901,30
50902,50
50903,50
50904,42
50905,64
50906,54
50907,49
50908,57
50909,31
50910,38
50911,25
50912,23
50913,19
50914,22
50915,22
50916,43
50917,30
50918,34
50919,26
50920,36
50921,46
50922,38
50923,50
50924,22
50925,55
50926,56
50927,21
50928,35
50929,34
50930,23
50931,27
50932,43
50933,55
50934,45
50935,45
50936,47
50937,56
50938,30
50939,51
50940,54
50941,40
50942,47
50943,37
50944,44
50945,18
50946,20
50947,48
50948,26
50949,41
50950,45
50951,52
50952,20
50953,47
50954,55
50955,62
50956,61
50957,47
50958,34
50959,48
50960,51
50961,35
50962,38
50963,22
50964,58
50965,42
50966,29
50967,27
50968,51
50969,62
50970,55
50971,27
50972,52
50973,28
50974,31
50975,51
50976,18
50977,30
50978,39
50979,35
50980,22
50981,40
50982,19
50983,18
50984,63
50985,18
50986,28
50987,34
50988,32
50989,38
50990,49
50991,51
50992,64
50993,63
50994,54
50995,50
50996,44
50997,51
50998,64
50999,32
51000,18
51001,30
51002,50
51003,50
51004,42
51005,64
51006,54
51007,49
51008,57
51009,31
51010,38
51011,25
51012,23
51013,19
51014,22
51015,22
51016,43
51017,30
51018,34
51019,26
51020,36
51021,46
51022,38
51023,50
51024,22
51025,55
51026,56
51027,21
51028,35
51029,34
51030,23
51031,27
51032,43
51033,55
51034,45
51035,45
51036,47
51037,56
51038,30
51039,51
51040,54
51041,40
51042,47
51043,37
51044,44
51045,18
51046,20
51047,48
51048,26
51049,41
51050,45
51051,52
51052,20
51053,47
51054,55
51055,62
51056,61
51057,47
51058,34
51059,48
51060,51
51061,35
51062,38
51063,22
51064,58
51065,42
51066,29
51067,27
51068,51
51069,62
51070,55
51071,27
51072,52
51073,28
51074,31
51075,51
51076,18
51077,30
51078,39
51079,35
51080,22
51081,40
51082,19
51083,18
51084,63
51085,18
51086,28
51087,34
51088,32
51089,38
51090,49
51091,51
51092,64
51093,63
51094,54
51095,50
51096,44
51097,51
51098,64
51099,32
51100,18
51101,30
51102,50
51103,50
51104,42
51105,64
51106,54
51107,49
51108,57
51109,31
51110,38
51111,25
51112,23
51113,19
51114,22
51115,22
51116,43
51117,30
51118,34
51119,26
51120,36
51121,46
51122,38
51123,50
51124,22
51125,55
51126,56
51127,21
51128,35
51129,34
51130,23
51131,27
51132,43
51133,55
51134,45
51135,45
51136,47
51137,56
51138,30
51139,51
51140,54
51141,40
51142,47
51143,37
51144,44
51145,18
51146,20
51147,48
51148,26
51149,41
51150,45
51151,52
51152,20
51153,47
51154,55
51155,62
51156,61
51157,47
51158,34
51159,48
51160,51
51161,35
51162,38
51163,22
51164,58
51165,42
51166,29
51167,27
51168,51
51169,62
51170,55
51171,27
51172,52
51173,28
51174,31
51175,51
51176,18
51177,30
51178,39
51179,35
51180,22
51181,40
51182,19
51183,18
51184,63
51185,18
51186,28
51187,34
51188,32
51189,38
51190,49
51191,51
51192,64
51193,63
51194,54
51195,50
51196,44
51197,51
51198,64
51199,32
51200,18
51201,30
51202,50
51203,50
51204,42
51205,64
51206,54
51207,49
51208,57
51209,31
51210,38
51211,25
51212,23
51213,19
51214,22
51215,22
51216,43
51217,30
51218,34
51219,26
51220,36
51221,46
51222,38
51223,50
51224,22
51225,55
51226,56
51227,21
51228,35
51229,34
51230,23
51231,27
51232,43
51233,55
51234,45
51235,45
51236,47
51237,56
51238,30
51239,51
51240,54
51241,40
51242,47
51243,37
51244,44
51245,18
51246,20
51247,48
51248,26
51249,41
51250,45
51251,52
51252,20
51253,47
51254,55
51255,62
51256,61
51257,47
51258,34
51259,48
51260,51
51261,35
51262,38
51263,22
51264,58
51265,42
51266,29
51267,27
51268,51
51269,62
51270,55
51271,27
51272,52
51273,28
51274,31
51275,51
51276,18
51277,30
51278,39
51279,35
51280,22
51281,40
51282,19
51283,18
51284,63
51285,18
51286,28
51287,34
51288,32
51289,38
51290,49
51291,51
51292,64
51293,63
51294,54
51295,50
51296,44
51297,51
51298,64
51299,32
51300,18
51301,30
51302,50
51303,50
51304,42
51305,64
51306,54
51307,49
51308,57
51309,31
51310,38
51311,25
51312,23
51313,19
51314,22
51315,22
51316,43
51317,30
51318,34
51319,26
51320,36
51321,46
51322,38
51323,50
51324,22
51325,55
51326,56
51327,21
51328,35
51329,34
51330,23
51331,27
51332,43
51333,55
51334,45
51335,45
51336,47
51337,56
51338,30
51339,51
51340,54
51341,40
51342,47
51343,37
51344,44
51345,18
51346,20
51347,48
51348,26
51349,41
51350,45
51351,52
51352,20
51353,47
51354,55
51355,62
51356,61
51357,47
51358,34
51359,48
51360,51
51361,35
51362,38
51363,22
51364,58
51365,42
51366,29
51367,27
51368,51
51369,62
51370,55
51371,27
51372,52
51373,28
51374,31
51375,51
51376,18
51377,30
51378,39
51379,35
51380,22
51381,40
51382,19
51383,18
51384,63
51385,18
51386,28
51387,34
51388,32
51389,38
51390,49
51391,51
51392,64
51393,63
51394,54
51395,50
51396,44
51397,51
51398,64
51399,32
51400,18
51401,30
51402,50
51403,50
51404,42
51405,64
51406,54
51407,49
51408,57
51409,31
51410,38
51411,25
51412,23
51413,19
51414,22
51415,22
51416,43
51417,30
51418,34
51419,26
51420,36
51421,46
51422,38
51423,50
51424,22
51425,55
51426,56
51427,21
51428,35
51429,34
51430,23
51431,27
51432,43
51433,55
51434,45
51435,45
51436,47
51437,56
51438,30
51439,51
51440,54
51441,40
51442,47
51443,37
51444,44
51445,18
51446,20
51447,48
51448,26
51449,41
51450,45
51451,52
51452,20
51453,47
51454,55
51455,62
51456,61
51457,47
51458,34
51459,48
51460,51
51461,35
51462,38
51463,22
51464,58
51465,42
51466,29
51467,27
51468,51
51469,62
51470,55
51471,27
51472,52
51473,28
51474,31
51475,51
51476,18
51477,30
51478,39
51479,35
51480,22
51481,40
51482,19
51483,18
51484,63
51485,18
51486,28
51487,34
51488,32
51489,38
51490,49
51491,51
51492,64
51493,63
51494,54
51495,50
51496,44
51497,51
51498,64
51499,32
51500,18
51501,30
51502,50
51503,50
51504,42
51505,64
51506,54
51507,49
51508,57
51509,31
51510,38
51511,25
51512,23
51513,19
51514,22
51515,22
51516,43
51517,30
51518,34
51519,26
51520,36
51521,46
51522,38
51523,50
51524,22
51525,55
51526,56
51527,21
51528,35
51529,34
51530,23
51531,27
51532,43
51533,55
51534,45
51535,45
51536,47
51537,56
51538,30
51539,51
51540,54
51541,40
51542,47
51543,37
51544,44
51545,18
51546,20
51547,48
51548,26
51549,41
51550,45
51551,52
51552,20
51553,47
51554,55
51555,62
51556,61
51557,47
51558,34
51559,48
51560,51
51561,35
51562,38
51563,22
51564,58
51565,42
51566,29
51567,27
51568,51
51569,62
51570,55
51571,27
51572,52
51573,28
51574,31
51575,51
51576,18
51577,30
51578,39
51579,35
51580,22
51581,40
51582,19
51583,18
51584,63
51585,18
51586,28
51587,34
51588,32
51589,38
51590,49
51591,51
51592,64
51593,63
51594,54
51595,50
51596,44
51597,51
51598,64
51599,32
51600,18
51601,30
51602,50
51603,50
51604,42
51605,64
51606,54
51607,49
51608,57
51609,31
51610,38
51611,25
51612,23
51613,19
51614,22
51615,22
51616,43
51617,30
51618,34
51619,26
51620,36
51621,46
51622,38
51623,50
51624,22
51625,55
51626,56
51627,21
51628,35
51629,34
51630,23
51631,27
51632,43
51633,55
51634,45
51635,45
51636,47
51637,56
51638,30
51639,51
51640,54
51641,40
51642,47
51643,37
51644,44
51645,18
51646,20
51647,48
51648,26
51649,41
51650,45
51651,52
51652,20
51653,47
51654,55
51655,62
51656,61
51657,47
51658,34
51659,48
51660,51
51661,35
51662,38
51663,22
51664,58
51665,42
51666,29
51667,27
51668,51
51669,62
51670,55
51671,27
51672,52
51673,28
51674,31
51675,51
51676,18
51677,30
51678,39
51679,35
51680,22
51681,40
51682,19
51683,18
51684,63
51685,18
51686,28
51687,34
51688,32
51689,38
51690,49
51691,51
51692,64
51693,63
51694,54
51695,50
51696,44
51697,51
51698,64
51699,32
51700,18
51701,30
51702,50
51703,50
51704,42
51705,64
51706,54
51707,49
51708,57
51709,31
51710,38
51711,25
51712,23
51713,19
51714,22
51715,22
51716,43
51717,30
51718,34
51719,26
51720,36
51721,46
51722,38
51723,50
51724,22
51725,55
51726,56
51727,21
51728,35
51729,34
51730,23
51731,27
51732,43
51733,55
51734,45
51735,45
51736,47
51737,56
51738,30
51739,51
51740,54
51741,40
51742,47
51743,37
51744,44
51745,18
51746,20
51747,48
51748,26
51749,41
51750,45
51751,52
51752,20
51753,47
51754,55
51755,62
51756,61
51757,47
51758,34
51759,48
51760,51
51761,35
51762,38
51763,22
51764,58
51765,42
51766,29
51767,27
51768,51
51769,62
51770,55
51771,27
51772,52
51773,28
51774,31
51775,51
51776,18
51777,30
51778,39
51779,35
51780,22
51781,40
51782,19
51783,18
51784,63
51785,18
51786,28
51787,34
51788,32
51789,38
51790,49
51791,51
51792,64
51793,63
51794,54
51795,50
51796,44
51797,51
51798,64
51799,32
51800,18
51801,30
51802,50
51803,50
51804,42
51805,64
51806,54
51807,49
51808,57
51809,31
51810,38
51811,25
51812,23
51813,19
51814,22
51815,22
51816,43
51817,30
51818,34
51819,26
51820,36
51821,46
51822,38
51823,50
51824,22
51825,55
51826,56
51827,21
51828,35
51829,34
51830,23
51831,27
51832,43
51833,55
51834,45
51835,45
51836,47
51837,56
51838,30
51839,51
51840,54
51841,40
51842,47
51843,37
51844,44
51845,18
51846,20
51847,48
51848,26
51849,41
51850,45
51851,52
51852,20
51853,47
51854,55
51855,62
51856,61
51857,47
51858,34
51859,48
51860,51
51861,35
51862,38
51863,22
51864,58
51865,42
51866,29
51867,27
51868,51
51869,62
51870,55
51871,27
51872,52
51873,28
51874,31
51875,51
51876,18
51877,30
51878,39
51879,35
51880,22
51881,40
51882,19
51883,18
51884,63
51885,18
51886,28
51887,34
51888,32
51889,38
51890,49
51891,51
51892,64
51893,63
51894,54
51895,50
51896,44
51897,51
51898,64
51899,32
51900,18
51901,30
51902,50
51903,50
51904,42
51905,64
51906,54
51907,49
51908,57
51909,31
51910,38
51911,25
51912,23
51913,19
51914,22
51915,22
51916,43
51917,30
51918,34
51919,26
51920,36
51921,46
51922,38
51923,50
51924,22
51925,55
51926,56
51927,21
51928,35
51929,34
51930,23
51931,27
51932,43
51933,55
51934,45
51935,45
51936,47
51937,56
51938,30
51939,51
51940,54
51941,40
51942,47
51943,37
51944,44
51945,18
51946,20
51947,48
51948,26
51949,41
51950,45
51951,52
51952,20
51953,47
51954,55
51955,62
51956,61
51957,47
51958,34
51959,48
51960,51
51961,35
51962,38
51963,22
51964,58
51965,42
51966,29
51967,27
51968,51
51969,62
51970,55
51971,27
51972,52
51973,28
51974,31
51975,51
51976,18
51977,30
51978,39
51979,35
51980,22
51981,40
51982,19
51983,18
51984,63
51985,18
51986,28
51987,34
51988,32
51989,38
51990,49
51991,51
51992,64
51993,63
51994,54
51995,50
51996,44
51997,51
51998,64
51999,32
52000,18
52001,30
52002,50
52003,50
52004,42
52005,64
52006,54
52007,49
52008,57
52009,31
52010,38
52011,25
52012,23
52013,19
52014,22
52015,22
52016,43
52017,30
52018,34
52019,26
52020,36
52021,46
52022,38
52023,50
52024,22
52025,55
52026,56
52027,21
52028,35
52029,34
52030,23
52031,27
52032,43
52033,55
52034,45
52035,45
52036,47
52037,56
52038,30
52039,51
52040,54
52041,40
52042,47
52043,37
52044,44
52045,18
52046,20
52047,48
52048,26
52049,41
52050,45
52051,52
52052,20
52053,47
52054,55
52055,62
52056,61
52057,47
52058,34
52059,48
52060,51
52061,35
52062,38
52063,22
52064,58
52065,42
52066,29
52067,27
52068,51
52069,62
52070,55
52071,27
52072,52
52073,28
52074,31
52075,51
52076,18
52077,30
52078,39
52079,35
52080,22
52081,40
52082,19
52083,18
52084,63
52085,18
52086,28
52087,34
52088,32
52089,38
52090,49
52091,51
52092,64
52093,63
52094,54
52095,50
52096,44
52097,51
52098,64
52099,32
52100,18
52101,30
52102,50
52103,50
52104,42
52105,64
52106,54
52107,49
52108,57
52109,31
52110,38
52111,25
52112,23
52113,19
52114,22
52115,22
52116,43
52117,30
52118,34
52119,26
52120,36
52121,46
52122,38
52123,50
52124,22
52125,55
52126,56
52127,21
52128,35
52129,34
52130,23
52131,27
52132,43
52133,55
52134,45
52135,45
52136,47
52137,56
52138,30
52139,51
52140,54
52141,40
52142,47
52143,37
52144,44
52145,18
52146,20
52147,48
52148,26
52149,41
52150,45
52151,52
52152,20
52153,47
52154,55
52155,62
52156,61
52157,47
52158,34
52159,48
52160,51
52161,35
52162,38
52163,22
52164,58
52165,42
52166,29
52167,27
52168,51
52169,62
52170,55
52171,27
52172,52
52173,28
52174,31
52175,51
52176,18
52177,30
52178,39
52179,35
52180,22
52181,40
52182,19
52183,18
52184,63
52185,18
52186,28
52187,34
52188,32
52189,38
52190,49
52191,51
52192,64
52193,63
52194,54
52195,50
52196,44
52197,51
52198,64
52199,32
52200,18
52201,30
52202,50
52203,50
52204,42
52205,64
52206,54
52207,49
52208,57
52209,31
52210,38
52211,25
52212,23
52213,19
52214,22
52215,22
52216,43
52217,30
52218,34
52219,26
52220,36
52221,46
52222,38
52223,50
52224,22
52225,55
52226,56
52227,21
52228,35
52229,34
52230,23
52231,27
52232,43
52233,55
52234,45
52235,45
52236,47
52237,56
52238,30
52239,51
52240,54
52241,40
52242,47
52243,37
52244,44
52245,18
52246,20
52247,48
52248,26
52249,41
52250,45
52251,52
52252,20
52253,47
52254,55
52255,62
52256,61
52257,47
52258,34
52259,48
52260,51
52261,35
52262,38
52263,22
52264,58
52265,42
52266,29
52267,27
52268,51
52269,62
52270,55
52271,27
52272,52
52273,28
52274,31
52275,51
52276,18
52277,30
52278,39
52279,35
52280,22
52281,40
52282,19
52283,18
52284,63
52285,18
52286,28
52287,34
52288,32
52289,38
52290,49
52291,51
52292,64
52293,63
52294,54
52295,50
52296,44
52297,51
52298,64
52299,32
52300,18
52301,30
52302,50
52303,50
52304,42
52305,64
52306,54
52307,49
52308,57
52309,31
52310,38
52311,25
52312,23
52313,19
52314,22
52315,22
52316,43
52317,30
52318,34
52319,26
52320,36
52321,46
52322,38
52323,50
52324,22
52325,55
52326,56
52327,21
52328,35
52329,34
52330,23
52331,27
52332,43
52333,55
52334,45
52335,45
52336,47
52337,56
52338,30
52339,51
52340,54
52341,40
52342,47
52343,37
52344,44
52345,18
52346,20
52347,48
52348,26
52349,41
52350,45
52351,52
52352,20
52353,47
52354,55
52355,62
52356,61
52357,47
52358,34
52359,48
52360,51
52361,35
52362,38
52363,22
52364,58
52365,42
52366,29
52367,27
52368,51
52369,62
52370,55
52371,27
52372,52
52373,28
52374,31
52375,51
52376,18
52377,30
52378,39
52379,35
52380,22
52381,40
52382,19
52383,18
52384,63
52385,18
52386,28
52387,34
52388,32
52389,38
52390,49
52391,51
52392,64
52393,63
52394,54
52395,50
52396,44
52397,51
52398,64
52399,32
52400,18
52401,30
52402,50
52403,50
52404,42
52405,64
52406,54
52407,49
52408,57
52409,31
52410,38
52411,25
52412,23
52413,19
52414,22
52415,22
52416,43
52417,30
52418,34
52419,26
52420,36
52421,46
52422,38
52423,50
52424,22
52425,55
52426,56
52427,21
52428,35
52429,34
52430,23
52431,27
52432,43
52433,55
52434,45
52435,45
52436,47
52437,56
52438,30
52439,51
52440,54
52441,40
52442,47
52443,37
52444,44
52445,18
52446,20
52447,48
52448,26
52449,41
52450,45
52451,52
52452,20
52453,47
52454,55
52455,62
52456,61
52457,47
52458,34
52459,48
52460,51
52461,35
52462,38
52463,22
52464,58
52465,42
52466,29
52467,27
52468,51
52469,62
52470,55
52471,27
52472,52
52473,28
52474,31
52475,51
52476,18
52477,30
52478,39
52479,35
52480,22
52481,40
52482,19
52483,18
52484,63
52485,18
52486,28
52487,34
52488,32
52489,38
52490,49
52491,51
52492,64
52493,63
52494,54
52495,50
52496,44
52497,51
52498,64
52499,32
52500,18
52501,30
52502,50
52503,50
52504,42
52505,64
52506,54
52507,49
52508,57
52509,31
52510,38
52511,25
52512,23
52513,19
52514,22
52515,22
52516,43
52517,30
52518,34
52519,26
52520,36
52521,46
52522,38
52523,50
52524,22
52525,55
52526,56
52527,21
52528,35
52529,34
52530,23
52531,27
52532,43
52533,55
52534,45
52535,45
52536,47
52537,56
52538,30
52539,51
52540,54
52541,40
52542,47
52543,37
52544,44
52545,18
52546,20
52547,48
52548,26
52549,41
52550,45
52551,52
52552,20
52553,47
52554,55
52555,62
52556,61
52557,47
52558,34
52559,48
52560,51
52561,35
52562,38
52563,22
52564,58
52565,42
52566,29
52567,27
52568,51
52569,62
52570,55
52571,27
52572,52
52573,28
52574,31
52575,51
52576,18
52577,30
52578,39
52579,35
52580,22
52581,40
52582,19
52583,18
52584,63
52585,18
52586,28
52587,34
52588,32
52589,38
52590,49
52591,51
52592,64
52593,63
52594,54
52595,50
52596,44
52597,51
52598,64
52599,32
52600,18
52601,30
52602,50
52603,50
52604,42
52605,64
52606,54
52607,49
52608,57
52609,31
52610,38
52611,25
52612,23
52613,19
52614,22
52615,22
52616,43
52617,30
52618,34
52619,26
52620,36
52621,46
52622,38
52623,50
52624,22
52625,55
52626,56
52627,21
52628,35
52629,34
52630,23
52631,27
52632,43
52633,55
52634,45
52635,45
52636,47
52637,56
52638,30
52639,51
52640,54
52641,40
52642,47
52643,37
52644,44
52645,18
52646,20
52647,48
52648,26
52649,41
52650,45
52651,52
52652,20
52653,47
52654,55
52655,62
52656,61
52657,47
52658,34
52659,48
52660,51
52661,35
52662,38
52663,22
52664,58
52665,42
52666,29
52667,27
52668,51
52669,62
52670,55
52671,27
52672,52
52673,28
52674,31
52675,51
52676,18
52677,30
52678,39
52679,35
52680,22
52681,40
52682,19
52683,18
52684,63
52685,18
52686,28
52687,34
52688,32
52689,38
52690,49
52691,51
52692,64
52693,63
52694,54
52695,50
52696,44
52697,51
52698,64
52699,32
52700,18
52701,30
52702,50
52703,50
52704,42
52705,64
52706,54
52707,49
52708,57
52709,31
52710,38
52711,25
52712,23
52713,19
52714,22
52715,22
52716,43
52717,30
52718,34
52719,26
52720,36
52721,46
52722,38
52723,50
52724,22
52725,55
52726,56
52727,21
52728,35
52729,34
52730,23
52731,27
52732,43
52733,55
52734,45
52735,45
52736,47
52737,56
52738,30
52739,51
52740,54
52741,40
52742,47
52743,37
52744,44
52745,18
52746,20
52747,48
52748,26
52749,41
52750,45
52751,52
52752,20
52753,47
52754,55
52755,62
52756,61
52757,47
52758,34
52759,48
52760,51
52761,35
52762,38
52763,22
52764,58
52765,42
52766,29
52767,27
52768,51
52769,62
52770,55
52771,27
52772,52
52773,28
52774,31
52775,51
52776,18
52777,30
52778,39
52779,35
52780,22
52781,40
52782,19
52783,18
52784,63
52785,18
52786,28
52787,34
52788,32
52789,38
52790,49
52791,51
52792,64
52793,63
52794,54
52795,50
52796,44
52797,51
52798,64
52799,32
52800,18
52801,30
52802,50
52803,50
52804,42
52805,64
52806,54
52807,49
52808,57
52809,31
52810,38
52811,25
52812,23
52813,19
52814,22
52815,22
52816,43
52817,30
52818,34
52819,26
52820,36
52821,46
52822,38
52823,50
52824,22
52825,55
52826,56
52827,21
52828,35
52829,34
52830,23
52831,27
52832,43
52833,55
52834,45
52835,45
52836,47
52837,56
52838,30
52839,51
52840,54
52841,40
52842,47
52843,37
52844,44
52845,18
52846,20
52847,48
52848,26
52849,41
52850,45
52851,52
52852,20
52853,47
52854,55
52855,62
52856,61
52857,47
52858,34
52859,48
52860,51
52861,35
52862,38
52863,22
52864,58
52865,42
52866,29
52867,27
52868,51
52869,62
52870,55
52871,27
52872,52
52873,28
52874,31
52875,51
52876,18
52877,30
52878,39
52879,35
52880,22
52881,40
52882,19
52883,18
52884,63
52885,18
52886,28
52887,34
52888,32
52889,38
52890,49
52891,51
52892,64
52893,63
52894,54
52895,50
52896,44
52897,51
52898,64
52899,32
52900,18
52901,30
52902,50
52903,50
52904,42
52905,64
52906,54
52907,49
52908,57
52909,31
52910,38
52911,25
52912,23
52913,19
52914,22
52915,22
52916,43
52917,30
52918,34
52919,26
52920,36
52921,46
52922,38
52923,50
52924,22
52925,55
52926,56
52927,21
52928,35
52929,34
52930,23
52931,27
52932,43
52933,55
52934,45
52935,45
52936,47
52937,56
52938,30
52939,51
52940,54
52941,40
52942,47
52943,37
52944,44
52945,18
52946,20
52947,48
52948,26
52949,41
52950,45
52951,52
52952,20
52953,47
52954,55
52955,62
52956,61
52957,47
52958,34
52959,48
52960,51
52961,35
52962,38
52963,22
52964,58
52965,42
52966,29
52967,27
52968,51
52969,62
52970,55
52971,27
52972,52
52973,28
52974,31
52975,51
52976,18
52977,30
52978,39
52979,35
52980,22
52981,40
52982,19
52983,18
52984,63
52985,18
52986,28
52987,34
52988,32
52989,38
52990,49
52991,51
52992,64
52993,63
52994,54
52995,50
52996,44
52997,51
52998,64
52999,32
53000,18
53001,30
53002,50
53003,50
53004,42
53005,64
53006,54
53007,49
53008,57
53009,31
53010,38
53011,25
53012,23
53013,19
53014,22
53015,22
53016,43
53017,30
53018,34
53019,26
53020,36
53021,46
53022,38
53023,50
53024,22
53025,55
53026,56
53027,21
53028,35
53029,34
53030,23
53031,27
53032,43
53033,55
53034,45
53035,45
53036,47
53037,56
53038,30
53039,51
53040,54
53041,40
53042,47
53043,37
53044,44
53045,18
53046,20
53047,48
53048,26
53049,41
53050,45
53051,52
53052,20
53053,47
53054,55
53055,62
53056,61
53057,47
53058,34
53059,48
53060,51
53061,35
53062,38
53063,22
53064,58
53065,42
53066,29
53067,27
53068,51
53069,62
53070,55
53071,27
53072,52
53073,28
53074,31
53075,51
53076,18
53077,30
53078,39
53079,35
53080,22
53081,40
53082,19
53083,18
53084,63
53085,18
53086,28
53087,34
53088,32
53089,38
53090,49
53091,51
53092,64
53093,63
53094,54
53095,50
53096,44
53097,51
53098,64
53099,32
53100,18
53101,30
53102,50
53103,50
53104,42
53105,64
53106,54
53107,49
53108,57
53109,31
53110,38
53111,25
53112,23
53113,19
53114,22
53115,22
53116,43
53117,30
53118,34
53119,26
53120,36
53121,46
53122,38
53123,50
53124,22
53125,55
53126,56
53127,21
53128,35
53129,34
53130,23
53131,27
53132,43
53133,55
53134,45
53135,45
53136,47
53137,56
53138,30
53139,51
53140,54
53141,40
53142,47
53143,37
53144,44
53145,18
53146,20
53147,48
53148,26
53149,41
53150,45
53151,52
53152,20
53153,47
53154,55
53155,62
53156,61
53157,47
53158,34
53159,48
53160,51
53161,35
53162,38
53163,22
53164,58
53165,42
53166,29
53167,27
53168,51
53169,62
53170,55
53171,27
53172,52
53173,28
53174,31
53175,51
53176,18
53177,30
53178,39
53179,35
53180,22
53181,40
53182,19
53183,18
53184,63
53185,18
53186,28
53187,34
53188,32
53189,38
53190,49
53191,51
53192,64
53193,63
53194,54
53195,50
53196,44
53197,51
53198,64
53199,32
53200,18
53201,30
53202,50
53203,50
53204,42
53205,64
53206,54
53207,49
53208,57
53209,31
53210,38
53211,25
53212,23
53213,19
53214,22
53215,22
53216,43
53217,30
53218,34
53219,26
53220,36
53221,46
53222,38
53223,50
53224,22
53225,55
53226,56
53227,21
53228,35
53229,34
53230,23
53231,27
53232,43
53233,55
53234,45
53235,45
53236,47
53237,56
53238,30
53239,51
53240,54
53241,40
53242,47
53243,37
53244,44
53245,18
53246,20
53247,48
53248,26
53249,41
53250,45
53251,52
53252,20
53253,47
53254,55
53255,62
53256,61
53257,47
53258,34
53259,48
53260,51
53261,35
53262,38
53263,22
53264,58
53265,42
53266,29
53267,27
53268,51
53269,62
53270,55
53271,27
53272,52
53273,28
53274,31
53275,51
53276,18
53277,30
53278,39
53279,35
53280,22
53281,40
53282,19
53283,18
53284,63
53285,18
53286,28
53287,34
53288,32
53289,38
53290,49
53291,51
53292,64
53293,63
53294,54
53295,50
53296,44
53297,51
53298,64
53299,32
53300,18
53301,30
53302,50
53303,50
53304,42
53305,64
53306,54
53307,49
53308,57
53309,31
53310,38
53311,25
53312,23
53313,19
53314,22
53315,22
53316,43
53317,30
53318,34
53319,26
53320,36
53321,46
53322,38
53323,50
53324,22
53325,55
53326,56
53327,21
53328,35
53329,34
53330,23
53331,27
53332,43
53333,55
53334,45
53335,45
53336,47
53337,56
53338,30
53339,51
53340,54
53341,40
53342,47
53343,37
53344,44
53345,18
53346,20
53347,48
53348,26
53349,41
53350,45
53351,52
53352,20
53353,47
53354,55
53355,62
53356,61
53357,47
53358,34
53359,48
53360,51
53361,35
53362,38
53363,22
53364,58
53365,42
53366,29
53367,27
53368,51
53369,62
53370,55
53371,27
53372,52
53373,28
53374,31
53375,51
53376,18
53377,30
53378,39
53379,35
53380,22
53381,40
53382,19
53383,18
53384,63
53385,18
53386,28
53387,34
53388,32
53389,38
53390,49
53391,51
53392,64
53393,63
53394,54
53395,50
53396,44
53397,51
53398,64
53399,32
53400,18
53401,30
53402,50
53403,50
53404,42
53405,64
53406,54
53407,49
53408,57
53409,31
53410,38
53411,25
53412,23
53413,19
53414,22
53415,22
53416,43
53417,30
53418,34
53419,26
53420,36
53421,46
53422,38
53423,50
53424,22
53425,55
53426,56
53427,21
53428,35
53429,34
53430,23
53431,27
53432,43
53433,55
53434,45
53435,45
53436,47
53437,56
53438,30
53439,51
53440,54
53441,40
53442,47
53443,37
53444,44
53445,18
53446,20
53447,48
53448,26
53449,41
53450,45
53451,52
53452,20
53453,47
53454,55
53455,62
53456,61
53457,47
53458,34
53459,48
53460,51
53461,35
53462,38
53463,22
53464,58
53465,42
53466,29
53467,27
53468,51
53469,62
53470,55
53471,27
53472,52
53473,28
53474,31
53475,51
53476,18
53477,30
53478,39
53479,35
53480,22
53481,40
53482,19
53483,18
53484,63
53485,18
53486,28
53487,34
53488,32
53489,38
53490,49
53491,51
53492,64
53493,63
53494,54
53495,50
53496,44
53497,51
53498,64
53499,32
53500,18
53501,30
53502,50
53503,50
53504,42
53505,64
53506,54
53507,49
53508,57
53509,31
53510,38
53511,25
53512,23
53513,19
53514,22
53515,22
53516,43
53517,30
53518,34
53519,26
53520,36
53521,46
53522,38
53523,50
53524,22
53525,55
53526,56
53527,21
53528,35
53529,34
53530,23
53531,27
53532,43
53533,55
53534,45
53535,45
53536,47
53537,56
53538,30
53539,51
53540,54
53541,40
53542,47
53543,37
53544,44
53545,18
53546,20
53547,48
53548,26
53549,41
53550,45
53551,52
53552,20
53553,47
53554,55
53555,62
53556,61
53557,47
53558,34
53559,48
53560,51
53561,35
53562,38
53563,22
53564,58
53565,42
53566,29
53567,27
53568,51
53569,62
53570,55
53571,27
53572,52
53573,28
53574,31
53575,51
53576,18
53577,30
53578,39
53579,35
53580,22
53581,40
53582,19
53583,18
53584,63
53585,18
53586,28
53587,34
53588,32
53589,38
53590,49
53591,51
53592,64
53593,63
53594,54
53595,50
53596,44
53597,51
53598,64
53599,32
53600,18
53601,30
53602,50
53603,50
53604,42
53605,64
53606,54
53607,49
53608,57
53609,31
53610,38
53611,25
53612,23
53613,19
53614,22
53615,22
53616,43
53617,30
53618,34
53619,26
53620,36
53621,46
53622,38
53623,50
53624,22
53625,55
53626,56
53627,21
53628,35
53629,34
53630,23
53631,27
53632,43
53633,55
53634,45
53635,45
53636,47
53637,56
53638,30
53639,51
53640,54
53641,40
53642,47
53643,37
53644,44
53645,18
53646,20
53647,48
53648,26
53649,41
53650,45
53651,52
53652,20
53653,47
53654,55
53655,62
53656,61
53657,47
53658,34
53659,48
53660,51
53661,35
53662,38
53663,22
53664,58
53665,42
53666,29
53667,27
53668,51
53669,62
53670,55
53671,27
53672,52
53673,28
53674,31
53675,51
53676,18
53677,30
53678,39
53679,35
53680,22
53681,40
53682,19
53683,18
53684,63
53685,18
53686,28
53687,34
53688,32
53689,38
53690,49
53691,51
53692,64
53693,63
53694,54
53695,50
53696,44
53697,51
53698,64
53699,32
53700,18
53701,30
53702,50
53703,50
53704,42
53705,64
53706,54
53707,49
53708,57
53709,31
53710,38
53711,25
53712,23
53713,19
53714,22
53715,22
53716,43
53717,30
53718,34
53719,26
53720,36
53721,46
53722,38
53723,50
53724,22
53725,55
53726,56
53727,21
53728,35
53729,34
53730,23
53731,27
53732,43
53733,55
53734,45
53735,45
53736,47
53737,56
53738,30
53739,51
53740,54
53741,40
53742,47
53743,37
53744,44
53745,18
53746,20
53747,48
53748,26
53749,41
53750,45
53751,52
53752,20
53753,47
53754,55
53755,62
53756,61
53757,47
53758,34
53759,48
53760,51
53761,35
53762,38
53763,22
53764,58
53765,42
53766,29
53767,27
53768,51
53769,62
53770,55
53771,27
53772,52
53773,28
53774,31
53775,51
53776,18
53777,30
53778,39
53779,35
53780,22
53781,40
53782,19
53783,18
53784,63
53785,18
53786,28
53787,34
53788,32
53789,38
53790,49
53791,51
53792,64
53793,63
53794,54
53795,50
53796,44
53797,51
53798,64
53799,32
53800,18
53801,30
53802,50
53803,50
53804,42
53805,64
53806,54
53807,49
53808,57
53809,31
53810,38
53811,25
53812,23
53813,19
53814,22
53815,22
53816,43
53817,30
53818,34
53819,26
53820,36
53821,46
53822,38
53823,50
53824,22
53825,55
53826,56
53827,21
53828,35
53829,34
53830,23
53831,27
53832,43
53833,55
53834,45
53835,45
53836,47
53837,56
53838,30
53839,51
53840,54
53841,40
53842,47
53843,37
53844,44
53845,18
53846,20
53847,48
53848,26
53849,41
53850,45
53851,52
53852,20
53853,47
53854,55
53855,62
53856,61
53857,47
53858,34
53859,48
53860,51
53861,35
53862,38
53863,22
53864,58
53865,42
53866,29
53867,27
53868,51
53869,62
53870,55
53871,27
53872,52
53873,28
53874,31
53875,51
53876,18
53877,30
53878,39
53879,35
53880,22
53881,40
53882,19
53883,18
53884,63
53885,18
53886,28
53887,34
53888,32
53889,38
53890,49
53891,51
53892,64
53893,63
53894,54
53895,50
53896,44
53897,51
53898,64
53899,32
53900,18
53901,30
53902,50
53903,50
53904,42
53905,64
53906,54
53907,49
53908,57
53909,31
53910,38
53911,25
53912,23
53913,19
53914,22
53915,22
53916,43
53917,30
53918,34
53919,26
53920,36
53921,46
53922,38
53923,50
53924,22
53925,55
53926,56
53927,21
53928,35
53929,34
53930,23
53931,27
53932,43
53933,55
53934,45
53935,45
53936,47
53937,56
53938,30
53939,51
53940,54
53941,40
53942,47
53943,37
53944,44
53945,18
53946,20
53947,48
53948,26
53949,41
53950,45
53951,52
53952,20
53953,47
53954,55
53955,62
53956,61
53957,47
53958,34
53959,48
53960,51
53961,35
53962,38
53963,22
53964,58
53965,42
53966,29
53967,27
53968,51
53969,62
53970,55
53971,27
53972,52
53973,28
53974,31
53975,51
53976,18
53977,30
53978,39
53979,35
53980,22
53981,40
53982,19
53983,18
53984,63
53985,18
53986,28
53987,34
53988,32
53989,38
53990,49
53991,51
53992,64
53993,63
53994,54
53995,50
53996,44
53997,51
53998,64
53999,32
54000,18
54001,30
54002,50
54003,50
54004,42
54005,64
54006,54
54007,49
54008,57
54009,31
54010,38
54011,25
54012,23
54013,19
54014,22
54015,22
54016,43
54017,30
54018,34
54019,26
54020,36
54021,46
54022,38
54023,50
54024,22
54025,55
54026,56
54027,21
54028,35
54029,34
54030,23
54031,27
54032,43
54033,55
54034,45
54035,45
54036,47
54037,56
54038,30
54039,51
54040,54
54041,40
54042,47
54043,37
54044,44
54045,18
54046,20
54047,48
54048,26
54049,41
54050,45
54051,52
54052,20
54053,47
54054,55
54055,62
54056,61
54057,47
54058,34
54059,48
54060,51
54061,35
54062,38
54063,22
54064,58
54065,42
54066,29
54067,27
54068,51
54069,62
54070,55
54071,27
54072,52
54073,28
54074,31
54075,51
54076,18
54077,30
54078,39
54079,35
54080,22
54081,40
54082,19
54083,18
54084,63
54085,18
54086,28
54087,34
54088,32
54089,38
54090,49
54091,51
54092,64
54093,63
54094,54
54095,50
54096,44
54097,51
54098,64
54099,32
54100,18
54101,30
54102,50
54103,50
54104,42
54105,64
54106,54
54107,49
54108,57
54109,31
54110,38
54111,25
54112,23
54113,19
54114,22
54115,22
54116,43
54117,30
54118,34
54119,26
54120,36
54121,46
54122,38
54123,50
54124,22
54125,55
54126,56
54127,21
54128,35
54129,34
54130,23
54131,27
54132,43
54133,55
54134,45
54135,45
54136,47
54137,56
54138,30
54139,51
54140,54
54141,40
54142,47
54143,37
54144,44
54145,18
54146,20
54147,48
54148,26
54149,41
54150,45
54151,52
54152,20
54153,47
54154,55
54155,62
54156,61
54157,47
54158,34
54159,48
54160,51
54161,35
54162,38
54163,22
54164,58
54165,42
54166,29
54167,27
54168,51
54169,62
54170,55
54171,27
54172,52
54173,28
54174,31
54175,51
54176,18
54177,30
54178,39
54179,35
54180,22
54181,40
54182,19
54183,18
54184,63
54185,18
54186,28
54187,34
54188,32
54189,38
54190,49
54191,51
54192,64
54193,63
54194,54
54195,50
54196,44
54197,51
54198,64
54199,32
54200,18
54201,30
54202,50
54203,50
54204,42
54205,64
54206,54
54207,49
54208,57
54209,31
54210,38
54211,25
54212,23
54213,19
54214,22
54215,22
54216,43
54217,30
54218,34
54219,26
54220,36
54221,46
54222,38
54223,50
54224,22
54225,55
54226,56
54227,21
54228,35
54229,34
54230,23
54231,27
54232,43
54233,55
54234,45
54235,45
54236,47
54237,56
54238,30
54239,51
54240,54
54241,40
54242,47
54243,37
54244,44
54245,18
54246,20
54247,48
54248,26
54249,41
54250,45
54251,52
54252,20
54253,47
54254,55
54255,62
54256,61
54257,47
54258,34
54259,48
54260,51
54261,35
54262,38
54263,22
54264,58
54265,42
54266,29
54267,27
54268,51
54269,62
54270,55
54271,27
54272,52
54273,28
54274,31
54275,51
54276,18
54277,30
54278,39
54279,35
54280,22
54281,40
54282,19
54283,18
54284,63
54285,18
54286,28
54287,34
54288,32
54289,38
54290,49
54291,51
54292,64
54293,63
54294,54
54295,50
54296,44
54297,51
54298,64
54299,32
54300,18
54301,30
54302,50
54303,50
54304,42
54305,64
54306,54
54307,49
54308,57
54309,31
54310,38
54311,25
54312,23
54313,19
54314,22
54315,22
54316,43
54317,30
54318,34
54319,26
54320,36
54321,46
54322,38
54323,50
54324,22
54325,55
54326,56
54327,21
54328,35
54329,34
54330,23
54331,27
54332,43
54333,55
54334,45
54335,45
54336,47
54337,56
54338,30
54339,51
54340,54
54341,40
54342,47
54343,37
54344,44
54345,18
54346,20
54347,48
54348,26
54349,41
54350,45
54351,52
54352,20
54353,47
54354,55
54355,62
54356,61
54357,47
54358,34
54359,48
54360,51
54361,35
54362,38
54363,22
54364,58
54365,42
54366,29
54367,27
54368,51
54369,62
54370,55
54371,27
54372,52
54373,28
54374,31
54375,51
54376,18
54377,30
54378,39
54379,35
54380,22
54381,40
54382,19
54383,18
54384,63
54385,18
54386,28
54387,34
54388,32
54389,38
54390,49
54391,51
54392,64
54393,63
54394,54
54395,50
54396,44
54397,51
54398,64
54399,32
54400,18
54401,30
54402,50
54403,50
54404,42
54405,64
54406,54
54407,49
54408,57
54409,31
54410,38
54411,25
54412,23
54413,19
54414,22
54415,22
54416,43
54417,30
54418,34
54419,26
54420,36
54421,46
54422,38
54423,50
54424,22
54425,55
54426,56
54427,21
54428,35
54429,34
54430,23
54431,27
54432,43
54433,55
54434,45
54435,45
54436,47
54437,56
54438,30
54439,51
54440,54
54441,40
54442,47
54443,37
54444,44
54445,18
54446,20
54447,48
54448,26
54449,41
54450,45
54451,52
54452,20
54453,47
54454,55
54455,62
54456,61
54457,47
54458,34
54459,48
54460,51
54461,35
54462,38
54463,22
54464,58
54465,42
54466,29
54467,27
54468,51
54469,62
54470,55
54471,27
54472,52
54473,28
54474,31
54475,51
54476,18
54477,30
54478,39
54479,35
54480,22
54481,40
54482,19
54483,18
54484,63
54485,18
54486,28
54487,34
54488,32
54489,38
54490,49
54491,51
54492,64
54493,63
54494,54
54495,50
54496,44
54497,51
54498,64
54499,32
54500,18
54501,30
54502,50
54503,50
54504,42
54505,64
54506,54
54507,49
54508,57
54509,31
54510,38
54511,25
54512,23
54513,19
54514,22
54515,22
54516,43
54517,30
54518,34
54519,26
54520,36
54521,46
54522,38
54523,50
54524,22
54525,55
54526,56
54527,21
54528,35
54529,34
54530,23
54531,27
54532,43
54533,55
54534,45
54535,45
54536,47
54537,56
54538,30
54539,51
54540,54
54541,40
54542,47
54543,37
54544,44
54545,18
54546,20
54547,48
54548,26
54549,41
54550,45
54551,52
54552,20
54553,47
54554,55
54555,62
54556,61
54557,47
54558,34
54559,48
54560,51
54561,35
54562,38
54563,22
54564,58
54565,42
54566,29
54567,27
54568,51
54569,62
54570,55
54571,27
54572,52
54573,28
54574,31
54575,51
54576,18
54577,30
54578,39
54579,35
54580,22
54581,40
54582,19
54583,18
54584,63
54585,18
54586,28
54587,34
54588,32
54589,38
54590,49
54591,51
54592,64
54593,63
54594,54
54595,50
54596,44
54597,51
54598,64
54599,32
54600,18
54601,30
54602,50
54603,50
54604,42
54605,64
54606,54
54607,49
54608,57
54609,31
54610,38
54611,25
54612,23
54613,19
54614,22
54615,22
54616,43
54617,30
54618,34
54619,26
54620,36
54621,46
54622,38
54623,50
54624,22
54625,55
54626,56
54627,21
54628,35
54629,34
54630,23
54631,27
54632,43
54633,55
54634,45
54635,45
54636,47
54637,56
54638,30
54639,51
54640,54
54641,40
54642,47
54643,37
54644,44
54645,18
54646,20
54647,48
54648,26
54649,41
54650,45
54651,52
54652,20
54653,47
54654,55
54655,62
54656,61
54657,47
54658,34
54659,48
54660,51
54661,35
54662,38
54663,22
54664,58
54665,42
54666,29
54667,27
54668,51
54669,62
54670,55
54671,27
54672,52
54673,28
54674,31
54675,51
54676,18
54677,30
54678,39
54679,35
54680,22
54681,40
54682,19
54683,18
54684,63
54685,18
54686,28
54687,34
54688,32
54689,38
54690,49
54691,51
54692,64
54693,63
54694,54
54695,50
54696,44
54697,51
54698,64
54699,32
54700,18
54701,30
54702,50
54703,50
54704,42
54705,64
54706,54
54707,49
54708,57
54709,31
54710,38
54711,25
54712,23
54713,19
54714,22
54715,22
54716,43
54717,30
54718,34
54719,26
54720,36
54721,46
54722,38
54723,50
54724,22
54725,55
54726,56
54727,21
54728,35
54729,34
54730,23
54731,27
54732,43
54733,55
54734,45
54735,45
54736,47
54737,56
54738,30
54739,51
54740,54
54741,40
54742,47
54743,37
54744,44
54745,18
54746,20
54747,48
54748,26
54749,41
54750,45
54751,52
54752,20
54753,47
54754,55
54755,62
54756,61
54757,47
54758,34
54759,48
54760,51
54761,35
54762,38
54763,22
54764,58
54765,42
54766,29
54767,27
54768,51
54769,62
54770,55
54771,27
54772,52
54773,28
54774,31
54775,51
54776,18
54777,30
54778,39
54779,35
54780,22
54781,40
54782,19
54783,18
54784,63
54785,18
54786,28
54787,34
54788,32
54789,38
54790,49
54791,51
54792,64
54793,63
54794,54
54795,50
54796,44
54797,51
54798,64
54799,32
54800,18
54801,30
54802,50
54803,50
54804,42
54805,64
54806,54
54807,49
54808,57
54809,31
54810,38
54811,25
54812,23
54813,19
54814,22
54815,22
54816,43
54817,30
54818,34
54819,26
54820,36
54821,46
54822,38
54823,50
54824,22
54825,55
54826,56
54827,21
54828,35
54829,34
54830,23
54831,27
54832,43
54833,55
54834,45
54835,45
54836,47
54837,56
54838,30
54839,51
54840,54
54841,40
54842,47
54843,37
54844,44
54845,18
54846,20
54847,48
54848,26
54849,41
54850,45
54851,52
54852,20
54853,47
54854,55
54855,62
54856,61
54857,47
54858,34
54859,48
54860,51
54861,35
54862,38
54863,22
54864,58
54865,42
54866,29
54867,27
54868,51
54869,62
54870,55
54871,27
54872,52
54873,28
54874,31
54875,51
54876,18
54877,30
54878,39
54879,35
54880,22
54881,40
54882,19
54883,18
54884,63
54885,18
54886,28
54887,34
54888,32
54889,38
54890,49
54891,51
54892,64
54893,63
54894,54
54895,50
54896,44
54897,51
54898,64
54899,32
54900,18
54901,30
54902,50
54903,50
54904,42
54905,64
54906,54
54907,49
54908,57
54909,31
54910,38
54911,25
54912,23
54913,19
54914,22
54915,22
54916,43
54917,30
54918,34
54919,26
54920,36
54921,46
54922,38
54923,50
54924,22
54925,55
54926,56
54927,21
54928,35
54929,34
54930,23
54931,27
54932,43
54933,55
54934,45
54935,45
54936,47
54937,56
54938,30
54939,51
54940,54
54941,40
54942,47
54943,37
54944,44
54945,18
54946,20
54947,48
54948,26
54949,41
54950,45
54951,52
54952,20
54953,47
54954,55
54955,62
54956,61
54957,47
54958,34
54959,48
54960,51
54961,35
54962,38
54963,22
54964,58
54965,42
54966,29
54967,27
54968,51
54969,62
54970,55
54971,27
54972,52
54973,28
54974,31
54975,51
54976,18
54977,30
54978,39
54979,35
54980,22
54981,40
54982,19
54983,18
54984,63
54985,18
54986,28
54987,34
54988,32
54989,38
54990,49
54991,51
54992,64
54993,63
54994,54
54995,50
54996,44
54997,51
54998,64
54999,32
55000,18
55001,30
55002,50
55003,50
55004,42
55005,64
55006,54
55007,49
55008,57
55009,31
55010,38
55011,25
55012,23
55013,19
55014,22
55015,22
55016,43
55017,30
55018,34
55019,26
55020,36
55021,46
55022,38
55023,50
55024,22
55025,55
55026,56
55027,21
55028,35
55029,34
55030,23
55031,27
55032,43
55033,55
55034,45
55035,45
55036,47
55037,56
55038,30
55039,51
55040,54
55041,40
55042,47
55043,37
55044,44
55045,18
55046,20
55047,48
55048,26
55049,41
55050,45
55051,52
55052,20
55053,47
55054,55
55055,62
55056,61
55057,47
55058,34
55059,48
55060,51
55061,35
55062,38
55063,22
55064,58
55065,42
55066,29
55067,27
55068,51
55069,62
55070,55
55071,27
55072,52
55073,28
55074,31
55075,51
55076,18
55077,30
55078,39
55079,35
55080,22
55081,40
55082,19
55083,18
55084,63
55085,18
55086,28
55087,34
55088,32
55089,38
55090,49
55091,51
55092,64
55093,63
55094,54
55095,50
55096,44
55097,51
55098,64
55099,32
55100,18
55101,30
55102,50
55103,50
55104,42
55105,64
55106,54
55107,49
55108,57
55109,31
55110,38
55111,25
55112,23
55113,19
55114,22
55115,22
55116,43
55117,30
55118,34
55119,26
55120,36
55121,46
55122,38
55123,50
55124,22
55125,55
55126,56
55127,21
55128,35
55129,34
55130,23
55131,27
55132,43
55133,55
55134,45
55135,45
55136,47
55137,56
55138,30
55139,51
55140,54
55141,40
55142,47
55143,37
55144,44
55145,18
55146,20
55147,48
55148,26
55149,41
55150,45
55151,52
55152,20
55153,47
55154,55
55155,62
55156,61
55157,47
55158,34
55159,48
55160,51
55161,35
55162,38
55163,22
55164,58
55165,42
55166,29
55167,27
55168,51
55169,62
55170,55
55171,27
55172,52
55173,28
55174,31
55175,51
55176,18
55177,30
55178,39
55179,35
55180,22
55181,40
55182,19
55183,18
55184,63
55185,18
55186,28
55187,34
55188,32
55189,38
55190,49
55191,51
55192,64
55193,63
55194,54
55195,50
55196,44
55197,51
55198,64
55199,32
55200,18
55201,30
55202,50
55203,50
55204,42
55205,64
55206,54
55207,49
55208,57
55209,31
55210,38
55211,25
55212,23
55213,19
55214,22
55215,22
55216,43
55217,30
55218,34
55219,26
55220,36
55221,46
55222,38
55223,50
55224,22
55225,55
55226,56
55227,21
55228,35
55229,34
55230,23
55231,27
55232,43
55233,55
55234,45
55235,45
55236,47
55237,56
55238,30
55239,51
55240,54
55241,40
55242,47
55243,37
55244,44
55245,18
55246,20
55247,48
55248,26
55249,41
55250,45
55251,52
55252,20
55253,47
55254,55
55255,62
55256,61
55257,47
55258,34
55259,48
55260,51
55261,35
55262,38
55263,22
55264,58
55265,42
55266,29
55267,27
55268,51
55269,62
55270,55
55271,27
55272,52
55273,28
55274,31
55275,51
55276,18
55277,30
55278,39
55279,35
55280,22
55281,40
55282,19
55283,18
55284,63
55285,18
55286,28
55287,34
55288,32
55289,38
55290,49
55291,51
55292,64
55293,63
55294,54
55295,50
55296,44
55297,51
55298,64
55299,32
55300,18
55301,30
55302,50
55303,50
55304,42
55305,64
55306,54
55307,49
55308,57
55309,31
55310,38
55311,25
55312,23
55313,19
55314,22
55315,22
55316,43
55317,30
55318,34
55319,26
55320,36
55321,46
55322,38
55323,50
55324,22
55325,55
55326,56
55327,21
55328,35
55329,34
55330,23
55331,27
55332,43
55333,55
55334,45
55335,45
55336,47
55337,56
55338,30
55339,51
55340,54
55341,40
55342,47
55343,37
55344,44
55345,18
55346,20
55347,48
55348,26
55349,41
55350,45
55351,52
55352,20
55353,47
55354,55
55355,62
55356,61
55357,47
55358,34
55359,48
55360,51
55361,35
55362,38
55363,22
55364,58
55365,42
55366,29
55367,27
55368,51
55369,62
55370,55
55371,27
55372,52
55373,28
55374,31
55375,51
55376,18
55377,30
55378,39
55379,35
55380,22
55381,40
55382,19
55383,18
55384,63
55385,18
55386,28
55387,34
55388,32
55389,38
55390,49
55391,51
55392,64
55393,63
55394,54
55395,50
55396,44
55397,51
55398,64
55399,32
55400,18
55401,30
55402,50
55403,50
55404,42
55405,64
55406,54
55407,49
55408,57
55409,31
55410,38
55411,25
55412,23
55413,19
55414,22
55415,22
55416,43
55417,30
55418,34
55419,26
55420,36
55421,46
55422,38
55423,50
55424,22
55425,55
55426,56
55427,21
55428,35
55429,34
55430,23
55431,27
55432,43
55433,55
55434,45
55435,45
55436,47
55437,56
55438,30
55439,51
55440,54
55441,40
55442,47
55443,37
55444,44
55445,18
55446,20
55447,48
55448,26
55449,41
55450,45
55451,52
55452,20
55453,47
55454,55
55455,62
55456,61
55457,47
55458,34
55459,48
55460,51
55461,35
55462,38
55463,22
55464,58
55465,42
55466,29
55467,27
55468,51
55469,62
55470,55
55471,27
55472,52
55473,28
55474,31
55475,51
55476,18
55477,30
55478,39
55479,35
55480,22
55481,40
55482,19
55483,18
55484,63
55485,18
55486,28
55487,34
55488,32
55489,38
55490,49
55491,51
55492,64
55493,63
55494,54
55495,50
55496,44
55497,51
55498,64
55499,32
55500,18
55501,30
55502,50
55503,50
55504,42
55505,64
55506,54
55507,49
55508,57
55509,31
55510,38
55511,25
55512,23
55513,19
55514,22
55515,22
55516,43
55517,30
55518,34
55519,26
55520,36
55521,46
55522,38
55523,50
55524,22
55525,55
55526,56
55527,21
55528,35
55529,34
55530,23
55531,27
55532,43
55533,55
55534,45
55535,45
55536,47
55537,56
55538,30
55539,51
55540,54
55541,40
55542,47
55543,37
55544,44
55545,18
55546,20
55547,48
55548,26
55549,41
55550,45
55551,52
55552,20
55553,47
55554,55
55555,62
55556,61
55557,47
55558,34
55559,48
55560,51
55561,35
55562,38
55563,22
55564,58
55565,42
55566,29
55567,27
55568,51
55569,62
55570,55
55571,27
55572,52
55573,28
55574,31
55575,51
55576,18
55577,30
55578,39
55579,35
55580,22
55581,40
55582,19
55583,18
55584,63
55585,18
55586,28
55587,34
55588,32
55589,38
55590,49
55591,51
55592,64
55593,63
55594,54
55595,50
55596,44
55597,51
55598,64
55599,32
55600,18
55601,30
55602,50
55603,50
55604,42
55605,64
55606,54
55607,49
55608,57
55609,31
55610,38
55611,25
55612,23
55613,19
55614,22
55615,22
55616,43
55617,30
55618,34
55619,26
55620,36
55621,46
55622,38
55623,50
55624,22
55625,55
55626,56
55627,21
55628,35
55629,34
55630,23
55631,27
55632,43
55633,55
55634,45
55635,45
55636,47
55637,56
55638,30
55639,51
55640,54
55641,40
55642,47
55643,37
55644,44
55645,18
55646,20
55647,48
55648,26
55649,41
55650,45
55651,52
55652,20
55653,47
55654,55
55655,62
55656,61
55657,47
55658,34
55659,48
55660,51
55661,35
55662,38
55663,22
55664,58
55665,42
55666,29
55667,27
55668,51
55669,62
55670,55
55671,27
55672,52
55673,28
55674,31
55675,51
55676,18
55677,30
55678,39
55679,35
55680,22
55681,40
55682,19
55683,18
55684,63
55685,18
55686,28
55687,34
55688,32
55689,38
55690,49
55691,51
55692,64
55693,63
55694,54
55695,50
55696,44
55697,51
55698,64
55699,32
55700,18
55701,30
55702,50
55703,50
55704,42
55705,64
55706,54
55707,49
55708,57
55709,31
55710,38
55711,25
55712,23
55713,19
55714,22
55715,22
55716,43
55717,30
55718,34
55719,26
55720,36
55721,46
55722,38
55723,50
55724,22
55725,55
55726,56
55727,21
55728,35
55729,34
55730,23
55731,27
55732,43
55733,55
55734,45
55735,45
55736,47
55737,56
55738,30
55739,51
55740,54
55741,40
55742,47
55743,37
55744,44
55745,18
55746,20
55747,48
55748,26
55749,41
55750,45
55751,52
55752,20
55753,47
55754,55
55755,62
55756,61
55757,47
55758,34
55759,48
55760,51
55761,35
55762,38
55763,22
55764,58
55765,42
55766,29
55767,27
55768,51
55769,62
55770,55
55771,27
55772,52
55773,28
55774,31
55775,51
55776,18
55777,30
55778,39
55779,35
55780,22
55781,40
55782,19
55783,18
55784,63
55785,18
55786,28
55787,34
55788,32
55789,38
55790,49
55791,51
55792,64
55793,63
55794,54
55795,50
55796,44
55797,51
55798,64
55799,32
55800,18
55801,30
55802,50
55803,50
55804,42
55805,64
55806,54
55807,49
55808,57
55809,31
55810,38
55811,25
55812,23
55813,19
55814,22
55815,22
55816,43
55817,30
55818,34
55819,26
55820,36
55821,46
55822,38
55823,50
55824,22
55825,55
55826,56
55827,21
55828,35
55829,34
55830,23
55831,27
55832,43
55833,55
55834,45
55835,45
55836,47
55837,56
55838,30
55839,51
55840,54
55841,40
55842,47
55843,37
55844,44
55845,18
55846,20
55847,48
55848,26
55849,41
55850,45
55851,52
55852,20
55853,47
55854,55
55855,62
55856,61
55857,47
55858,34
55859,48
55860,51
55861,35
55862,38
55863,22
55864,58
55865,42
55866,29
55867,27
55868,51
55869,62
55870,55
55871,27
55872,52
55873,28
55874,31
55875,51
55876,18
55877,30
55878,39
55879,35
55880,22
55881,40
55882,19
55883,18
55884,63
55885,18
55886,28
55887,34
55888,32
55889,38
55890,49
55891,51
55892,64
55893,63
55894,54
55895,50
55896,44
55897,51
55898,64
55899,32
55900,18
55901,30
55902,50
55903,50
55904,42
55905,64
55906,54
55907,49
55908,57
55909,31
55910,38
55911,25
55912,23
55913,19
55914,22
55915,22
55916,43
55917,30
55918,34
55919,26
55920,36
55921,46
55922,38
55923,50
55924,22
55925,55
55926,56
55927,21
55928,35
55929,34
55930,23
55931,27
55932,43
55933,55
55934,45
55935,45
55936,47
55937,56
55938,30
55939,51
55940,54
55941,40
55942,47
55943,37
55944,44
55945,18
55946,20
55947,48
55948,26
55949,41
55950,45
55951,52
55952,20
55953,47
55954,55
55955,62
55956,61
55957,47
55958,34
55959,48
55960,51
55961,35
55962,38
55963,22
55964,58
55965,42
55966,29
55967,27
55968,51
55969,62
55970,55
55971,27
55972,52
55973,28
55974,31
55975,51
55976,18
55977,30
55978,39
55979,35
55980,22
55981,40
55982,19
55983,18
55984,63
55985,18
55986,28
55987,34
55988,32
55989,38
55990,49
55991,51
55992,64
55993,63
55994,54
55995,50
55996,44
55997,51
55998,64
55999,32
56000,18
56001,30
56002,50
56003,50
56004,42
56005,64
56006,54
56007,49
56008,57
56009,31
56010,38
56011,25
56012,23
56013,19
56014,22
56015,22
56016,43
56017,30
56018,34
56019,26
56020,36
56021,46
56022,38
56023,50
56024,22
56025,55
56026,56
56027,21
56028,35
56029,34
56030,23
56031,27
56032,43
56033,55
56034,45
56035,45
56036,47
56037,56
56038,30
56039,51
56040,54
56041,40
56042,47
56043,37
56044,44
56045,18
56046,20
56047,48
56048,26
56049,41
56050,45
56051,52
56052,20
56053,47
56054,55
56055,62
56056,61
56057,47
56058,34
56059,48
56060,51
56061,35
56062,38
56063,22
56064,58
56065,42
56066,29
56067,27
56068,51
56069,62
56070,55
56071,27
56072,52
56073,28
56074,31
56075,51
56076,18
56077,30
56078,39
56079,35
56080,22
56081,40
56082,19
56083,18
56084,63
56085,18
56086,28
56087,34
56088,32
56089,38
56090,49
56091,51
56092,64
56093,63
56094,54
56095,50
56096,44
56097,51
56098,64
56099,32
56100,18
56101,30
56102,50
56103,50
56104,42
56105,64
56106,54
56107,49
56108,57
56109,31
56110,38
56111,25
56112,23
56113,19
56114,22
56115,22
56116,43
56117,30
56118,34
56119,26
56120,36
56121,46
56122,38
56123,50
56124,22
56125,55
56126,56
56127,21
56128,35
56129,34
56130,23
56131,27
56132,43
56133,55
56134,45
56135,45
56136,47
56137,56
56138,30
56139,51
56140,54
56141,40
56142,47
56143,37
56144,44
56145,18
56146,20
56147,48
56148,26
56149,41
56150,45
56151,52
56152,20
56153,47
56154,55
56155,62
56156,61
56157,47
56158,34
56159,48
56160,51
56161,35
56162,38
56163,22
56164,58
56165,42
56166,29
56167,27
56168,51
56169,62
56170,55
56171,27
56172,52
56173,28
56174,31
56175,51
56176,18
56177,30
56178,39
56179,35
56180,22
56181,40
56182,19
56183,18
56184,63
56185,18
56186,28
56187,34
56188,32
56189,38
56190,49
56191,51
56192,64
56193,63
56194,54
56195,50
56196,44
56197,51
56198,64
56199,32
56200,18
56201,30
56202,50
56203,50
56204,42
56205,64
56206,54
56207,49
56208,57
56209,31
56210,38
56211,25
56212,23
56213,19
56214,22
56215,22
56216,43
56217,30
56218,34
56219,26
56220,36
56221,46
56222,38
56223,50
56224,22
56225,55
56226,56
56227,21
56228,35
56229,34
56230,23
56231,27
56232,43
56233,55
56234,45
56235,45
56236,47
56237,56
56238,30
56239,51
56240,54
56241,40
56242,47
56243,37
56244,44
56245,18
56246,20
56247,48
56248,26
56249,41
56250,45
56251,52
56252,20
56253,47
56254,55
56255,62
56256,61
56257,47
56258,34
56259,48
56260,51
56261,35
56262,38
56263,22
56264,58
56265,42
56266,29
56267,27
56268,51
56269,62
56270,55
56271,27
56272,52
56273,28
56274,31
56275,51
56276,18
56277,30
56278,39
56279,35
56280,22
56281,40
56282,19
56283,18
56284,63
56285,18
56286,28
56287,34
56288,32
56289,38
56290,49
56291,51
56292,64
56293,63
56294,54
56295,50
56296,44
56297,51
56298,64
56299,32
56300,18
56301,30
56302,50
56303,50
56304,42
56305,64
56306,54
56307,49
56308,57
56309,31
56310,38
56311,25
56312,23
56313,19
56314,22
56315,22
56316,43
56317,30
56318,34
56319,26
56320,36
56321,46
56322,38
56323,50
56324,22
56325,55
56326,56
56327,21
56328,35
56329,34
56330,23
56331,27
56332,43
56333,55
56334,45
56335,45
56336,47
56337,56
56338,30
56339,51
56340,54
56341,40
56342,47
56343,37
56344,44
56345,18
56346,20
56347,48
56348,26
56349,41
56350,45
56351,52
56352,20
56353,47
56354,55
56355,62
56356,61
56357,47
56358,34
56359,48
56360,51
56361,35
56362,38
56363,22
56364,58
56365,42
56366,29
56367,27
56368,51
56369,62
56370,55
56371,27
56372,52
56373,28
56374,31
56375,51
56376,18
56377,30
56378,39
56379,35
56380,22
56381,40
56382,19
56383,18
56384,63
56385,18
56386,28
56387,34
56388,32
56389,38
56390,49
56391,51
56392,64
56393,63
56394,54
56395,50
56396,44
56397,51
56398,64
56399,32
56400,18
56401,30
56402,50
56403,50
56404,42
56405,64
56406,54
56407,49
56408,57
56409,31
56410,38
56411,25
56412,23
56413,19
56414,22
56415,22
56416,43
56417,30
56418,34
56419,26
56420,36
56421,46
56422,38
56423,50
56424,22
56425,55
56426,56
56427,21
56428,35
56429,34
56430,23
56431,27
56432,43
56433,55
56434,45
56435,45
56436,47
56437,56
56438,30
56439,51
56440,54
56441,40
56442,47
56443,37
56444,44
56445,18
56446,20
56447,48
56448,26
56449,41
56450,45
56451,52
56452,20
56453,47
56454,55
56455,62
56456,61
56457,47
56458,34
56459,48
56460,51
56461,35
56462,38
56463,22
56464,58
56465,42
56466,29
56467,27
56468,51
56469,62
56470,55
56471,27
56472,52
56473,28
56474,31
56475,51
56476,18
56477,30
56478,39
56479,35
56480,22
56481,40
56482,19
56483,18
56484,63
56485,18
56486,28
56487,34
56488,32
56489,38
56490,49
56491,51
56492,64
56493,63
56494,54
56495,50
56496,44
56497,51
56498,64
56499,32
56500,18
56501,30
56502,50
56503,50
56504,42
56505,64
56506,54
56507,49
56508,57
56509,31
56510,38
56511,25
56512,23
56513,19
56514,22
56515,22
56516,43
56517,30
56518,34
56519,26
56520,36
56521,46
56522,38
56523,50
56524,22
56525,55
56526,56
56527,21
56528,35
56529,34
56530,23
56531,27
56532,43
56533,55
56534,45
56535,45
56536,47
56537,56
56538,30
56539,51
56540,54
56541,40
56542,47
56543,37
56544,44
56545,18
56546,20
56547,48
56548,26
56549,41
56550,45
56551,52
56552,20
56553,47
56554,55
56555,62
56556,61
56557,47
56558,34
56559,48
56560,51
56561,35
56562,38
56563,22
56564,58
56565,42
56566,29
56567,27
56568,51
56569,62
56570,55
56571,27
56572,52
56573,28
56574,31
56575,51
56576,18
56577,30
56578,39
56579,35
56580,22
56581,40
56582,19
56583,18
56584,63
56585,18
56586,28
56587,34
56588,32
56589,38
56590,49
56591,51
56592,64
56593,63
56594,54
56595,50
56596,44
56597,51
56598,64
56599,32
56600,18
56601,30
56602,50
56603,50
56604,42
56605,64
56606,54
56607,49
56608,57
56609,31
56610,38
56611,25
56612,23
56613,19
56614,22
56615,22
56616,43
56617,30
56618,34
56619,26
56620,36
56621,46
56622,38
56623,50
56624,22
56625,55
56626,56
56627,21
56628,35
56629,34
56630,23
56631,27
56632,43
56633,55
56634,45
56635,45
56636,47
56637,56
56638,30
56639,51
56640,54
56641,40
56642,47
56643,37
56644,44
56645,18
56646,20
56647,48
56648,26
56649,41
56650,45
56651,52
56652,20
56653,47
56654,55
56655,62
56656,61
56657,47
56658,34
56659,48
56660,51
56661,35
56662,38
56663,22
56664,58
56665,42
56666,29
56667,27
56668,51
56669,62
56670,55
56671,27
56672,52
56673,28
56674,31
56675,51
56676,18
56677,30
56678,39
56679,35
56680,22
56681,40
56682,19
56683,18
56684,63
56685,18
56686,28
56687,34
56688,32
56689,38
56690,49
56691,51
56692,64
56693,63
56694,54
56695,50
56696,44
56697,51
56698,64
56699,32
56700,18
56701,30
56702,50
56703,50
56704,42
56705,64
56706,54
56707,49
56708,57
56709,31
56710,38
56711,25
56712,23
56713,19
56714,22
56715,22
56716,43
56717,30
56718,34
56719,26
56720,36
56721,46
56722,38
56723,50
56724,22
56725,55
56726,56
56727,21
56728,35
56729,34
56730,23
56731,27
56732,43
56733,55
56734,45
56735,45
56736,47
56737,56
56738,30
56739,51
56740,54
56741,40
56742,47
56743,37
56744,44
56745,18
56746,20
56747,48
56748,26
56749,41
56750,45
56751,52
56752,20
56753,47
56754,55
56755,62
56756,61
56757,47
56758,34
56759,48
56760,51
56761,35
56762,38
56763,22
56764,58
56765,42
56766,29
56767,27
56768,51
56769,62
56770,55
56771,27
56772,52
56773,28
56774,31
56775,51
56776,18
56777,30
56778,39
56779,35
56780,22
56781,40
56782,19
56783,18
56784,63
56785,18
56786,28
56787,34
56788,32
56789,38
56790,49
56791,51
56792,64
56793,63
56794,54
56795,50
56796,44
56797,51
56798,64
56799,32
56800,18
56801,30
56802,50
56803,50
56804,42
56805,64
56806,54
56807,49
56808,57
56809,31
56810,38
56811,25
56812,23
56813,19
56814,22
56815,22
56816,43
56817,30
56818,34
56819,26
56820,36
56821,46
56822,38
56823,50
56824,22
56825,55
56826,56
56827,21
56828,35
56829,34
56830,23
56831,27
56832,43
56833,55
56834,45
56835,45
56836,47
56837,56
56838,30
56839,51
56840,54
56841,40
56842,47
56843,37
56844,44
56845,18
56846,20
56847,48
56848,26
56849,41
56850,45
56851,52
56852,20
56853,47
56854,55
56855,62
56856,61
56857,47
56858,34
56859,48
56860,51
56861,35
56862,38
56863,22
56864,58
56865,42
56866,29
56867,27
56868,51
56869,62
56870,55
56871,27
56872,52
56873,28
56874,31
56875,51
56876,18
56877,30
56878,39
56879,35
56880,22
56881,40
56882,19
56883,18
56884,63
56885,18
56886,28
56887,34
56888,32
56889,38
56890,49
56891,51
56892,64
56893,63
56894,54
56895,50
56896,44
56897,51
56898,64
56899,32
56900,18
56901,30
56902,50
56903,50
56904,42
56905,64
56906,54
56907,49
56908,57
56909,31
56910,38
56911,25
56912,23
56913,19
56914,22
56915,22
56916,43
56917,30
56918,34
56919,26
56920,36
56921,46
56922,38
56923,50
56924,22
56925,55
56926,56
56927,21
56928,35
56929,34
56930,23
56931,27
56932,43
56933,55
56934,45
56935,45
56936,47
56937,56
56938,30
56939,51
56940,54
56941,40
56942,47
56943,37
56944,44
56945,18
56946,20
56947,48
56948,26
56949,41
56950,45
56951,52
56952,20
56953,47
56954,55
56955,62
56956,61
56957,47
56958,34
56959,48
56960,51
56961,35
56962,38
56963,22
56964,58
56965,42
56966,29
56967,27
56968,51
56969,62
56970,55
56971,27
56972,52
56973,28
56974,31
56975,51
56976,18
56977,30
56978,39
56979,35
56980,22
56981,40
56982,19
56983,18
56984,63
56985,18
56986,28
56987,34
56988,32
56989,38
56990,49
56991,51
56992,64
56993,63
56994,54
56995,50
56996,44
56997,51
56998,64
56999,32
57000,18
57001,30
57002,50
57003,50
57004,42
57005,64
57006,54
57007,49
57008,57
57009,31
57010,38
57011,25
57012,23
57013,19
57014,22
57015,22
57016,43
57017,30
57018,34
57019,26
57020,36
57021,46
57022,38
57023,50
57024,22
57025,55
57026,56
57027,21
57028,35
57029,34
57030,23
57031,27
57032,43
57033,55
57034,45
57035,45
57036,47
57037,56
57038,30
57039,51
57040,54
57041,40
57042,47
57043,37
57044,44
57045,18
57046,20
57047,48
57048,26
57049,41
57050,45
57051,52
57052,20
57053,47
57054,55
57055,62
57056,61
57057,47
57058,34
57059,48
57060,51
57061,35
57062,38
57063,22
57064,58
57065,42
57066,29
57067,27
57068,51
57069,62
57070,55
57071,27
57072,52
57073,28
57074,31
57075,51
57076,18
57077,30
57078,39
57079,35
57080,22
57081,40
57082,19
57083,18
57084,63
57085,18
57086,28
57087,34
57088,32
57089,38
57090,49
57091,51
57092,64
57093,63
57094,54
57095,50
57096,44
57097,51
57098,64
57099,32
57100,18
57101,30
57102,50
57103,50
57104,42
57105,64
57106,54
57107,49
57108,57
57109,31
57110,38
57111,25
57112,23
57113,19
57114,22
57115,22
57116,43
57117,30
57118,34
57119,26
57120,36
57121,46
57122,38
57123,50
57124,22
57125,55
57126,56
57127,21
57128,35
57129,34
57130,23
57131,27
57132,43
57133,55
57134,45
57135,45
57136,47
57137,56
57138,30
57139,51
57140,54
57141,40
57142,47
57143,37
57144,44
57145,18
57146,20
57147,48
57148,26
57149,41
57150,45
57151,52
57152,20
57153,47
57154,55
57155,62
57156,61
57157,47
57158,34
57159,48
57160,51
57161,35
57162,38
57163,22
57164,58
57165,42
57166,29
57167,27
57168,51
57169,62
57170,55
57171,27
57172,52
57173,28
57174,31
57175,51
57176,18
57177,30
57178,39
57179,35
57180,22
57181,40
57182,19
57183,18
57184,63
57185,18
57186,28
57187,34
57188,32
57189,38
57190,49
57191,51
57192,64
57193,63
57194,54
57195,50
57196,44
57197,51
57198,64
57199,32
57200,18
57201,30
57202,50
57203,50
57204,42
57205,64
57206,54
57207,49
57208,57
57209,31
57210,38
57211,25
57212,23
57213,19
57214,22
57215,22
57216,43
57217,30
57218,34
57219,26
57220,36
57221,46
57222,38
57223,50
57224,22
57225,55
57226,56
57227,21
57228,35
57229,34
57230,23
57231,27
57232,43
57233,55
57234,45
57235,45
57236,47
57237,56
57238,30
57239,51
57240,54
57241,40
57242,47
57243,37
57244,44
57245,18
57246,20
57247,48
57248,26
57249,41
57250,45
57251,52
57252,20
57253,47
57254,55
57255,62
57256,61
57257,47
57258,34
57259,48
57260,51
57261,35
57262,38
57263,22
57264,58
57265,42
57266,29
57267,27
57268,51
57269,62
57270,55
57271,27
57272,52
57273,28
57274,31
57275,51
57276,18
57277,30
57278,39
57279,35
57280,22
57281,40
57282,19
57283,18
57284,63
57285,18
57286,28
57287,34
57288,32
57289,38
57290,49
57291,51
57292,64
57293,63
57294,54
57295,50
57296,44
57297,51
57298,64
57299,32
57300,18
57301,30
57302,50
57303,50
57304,42
57305,64
57306,54
57307,49
57308,57
57309,31
57310,38
57311,25
57312,23
57313,19
57314,22
57315,22
57316,43
57317,30
57318,34
57319,26
57320,36
57321,46
57322,38
57323,50
57324,22
57325,55
57326,56
57327,21
57328,35
57329,34
57330,23
57331,27
57332,43
57333,55
57334,45
57335,45
57336,47
57337,56
57338,30
57339,51
57340,54
57341,40
57342,47
57343,37
57344,44
57345,18
57346,20
57347,48
57348,26
57349,41
57350,45
57351,52
57352,20
57353,47
57354,55
57355,62
57356,61
57357,47
57358,34
57359,48
57360,51
57361,35
57362,38
57363,22
57364,58
57365,42
57366,29
57367,27
57368,51
57369,62
57370,55
57371,27
57372,52
57373,28
57374,31
57375,51
57376,18
57377,30
57378,39
57379,35
57380,22
57381,40
57382,19
57383,18
57384,63
57385,18
57386,28
57387,34
57388,32
57389,38
57390,49
57391,51
57392,64
57393,63
57394,54
57395,50
57396,44
57397,51
57398,64
57399,32
57400,18
57401,30
57402,50
57403,50
57404,42
57405,64
57406,54
57407,49
57408,57
57409,31
57410,38
57411,25
57412,23
57413,19
57414,22
57415,22
57416,43
57417,30
57418,34
57419,26
57420,36
57421,46
57422,38
57423,50
57424,22
57425,55
57426,56
57427,21
57428,35
57429,34
57430,23
57431,27
57432,43
57433,55
57434,45
57435,45
57436,47
57437,56
57438,30
57439,51
57440,54
57441,40
57442,47
57443,37
57444,44
57445,18
57446,20
57447,48
57448,26
57449,41
57450,45
57451,52
57452,20
57453,47
57454,55
57455,62
57456,61
57457,47
57458,34
57459,48
57460,51
57461,35
57462,38
57463,22
57464,58
57465,42
57466,29
57467,27
57468,51
57469,62
57470,55
57471,27
57472,52
57473,28
57474,31
57475,51
57476,18
57477,30
57478,39
57479,35
57480,22
57481,40
57482,19
57483,18
57484,63
57485,18
57486,28
57487,34
57488,32
57489,38
57490,49
57491,51
57492,64
57493,63
57494,54
57495,50
57496,44
57497,51
57498,64
57499,32
57500,18
57501,30
57502,50
57503,50
57504,42
57505,64
57506,54
57507,49
57508,57
57509,31
57510,38
57511,25
57512,23
57513,19
57514,22
57515,22
57516,43
57517,30
57518,34
57519,26
57520,36
57521,46
57522,38
57523,50
57524,22
57525,55
57526,56
57527,21
57528,35
57529,34
57530,23
57531,27
57532,43
57533,55
57534,45
57535,45
57536,47
57537,56
57538,30
57539,51
57540,54
57541,40
57542,47
57543,37
57544,44
57545,18
57546,20
57547,48
57548,26
57549,41
57550,45
57551,52
57552,20
57553,47
57554,55
57555,62
57556,61
57557,47
57558,34
57559,48
57560,51
57561,35
57562,38
57563,22
57564,58
57565,42
57566,29
57567,27
57568,51
57569,62
57570,55
57571,27
57572,52
57573,28
57574,31
57575,51
57576,18
57577,30
57578,39
57579,35
57580,22
57581,40
57582,19
57583,18
57584,63
57585,18
57586,28
57587,34
57588,32
57589,38
57590,49
57591,51
57592,64
57593,63
57594,54
57595,50
57596,44
57597,51
57598,64
57599,32
57600,18
57601,30
57602,50
57603,50
57604,42
57605,64
57606,54
57607,49
57608,57
57609,31
57610,38
57611,25
57612,23
57613,19
57614,22
57615,22
57616,43
57617,30
57618,34
57619,26
57620,36
57621,46
57622,38
57623,50
57624,22
57625,55
57626,56
57627,21
57628,35
57629,34
57630,23
57631,27
57632,43
57633,55
57634,45
57635,45
57636,47
57637,56
57638,30
57639,51
57640,54
57641,40
57642,47
57643,37
57644,44
57645,18
57646,20
57647,48
57648,26
57649,41
57650,45
57651,52
57652,20
57653,47
57654,55
57655,62
57656,61
57657,47
57658,34
57659,48
57660,51
57661,35
57662,38
57663,22
57664,58
57665,42
57666,29
57667,27
57668,51
57669,62
57670,55
57671,27
57672,52
57673,28
57674,31
57675,51
57676,18
57677,30
57678,39
57679,35
57680,22
57681,40
57682,19
57683,18
57684,63
57685,18
57686,28
57687,34
57688,32
57689,38
57690,49
57691,51
57692,64
57693,63
57694,54
57695,50
57696,44
57697,51
57698,64
57699,32
57700,18
57701,30
57702,50
57703,50
57704,42
57705,64
57706,54
57707,49
57708,57
57709,31
57710,38
57711,25
57712,23
57713,19
57714,22
57715,22
57716,43
57717,30
57718,34
57719,26
57720,36
57721,46
57722,38
57723,50
57724,22
57725,55
57726,56
57727,21
57728,35
57729,34
57730,23
57731,27
57732,43
57733,55
57734,45
57735,45
57736,47
57737,56
57738,30
57739,51
57740,54
57741,40
57742,47
57743,37
57744,44
57745,18
57746,20
57747,48
57748,26
57749,41
57750,45
57751,52
57752,20
57753,47
57754,55
57755,62
57756,61
57757,47
57758,34
57759,48
57760,51
57761,35
57762,38
57763,22
57764,58
57765,42
57766,29
57767,27
57768,51
57769,62
57770,55
57771,27
57772,52
57773,28
57774,31
57775,51
57776,18
57777,30
57778,39
57779,35
57780,22
57781,40
57782,19
57783,18
57784,63
57785,18
57786,28
57787,34
57788,32
57789,38
57790,49
57791,51
57792,64
57793,63
57794,54
57795,50
57796,44
57797,51
57798,64
57799,32
57800,18
57801,30
57802,50
57803,50
57804,42
57805,64
57806,54
57807,49
57808,57
57809,31
57810,38
57811,25
57812,23
57813,19
57814,22
57815,22
57816,43
57817,30
57818,34
57819,26
57820,36
57821,46
57822,38
57823,50
57824,22
57825,55
57826,56
57827,21
57828,35
57829,34
57830,23
57831,27
57832,43
57833,55
57834,45
57835,45
57836,47
57837,56
57838,30
57839,51
57840,54
57841,40
57842,47
57843,37
57844,44
57845,18
57846,20
57847,48
57848,26
57849,41
57850,45
57851,52
57852,20
57853,47
57854,55
57855,62
57856,61
57857,47
57858,34
57859,48
57860,51
57861,35
57862,38
57863,22
57864,58
57865,42
57866,29
57867,27
57868,51
57869,62
57870,55
57871,27
57872,52
57873,28
57874,31
57875,51
57876,18
57877,30
57878,39
57879,35
57880,22
57881,40
57882,19
57883,18
57884,63
57885,18
57886,28
57887,34
57888,32
57889,38
57890,49
57891,51
57892,64
57893,63
57894,54
57895,50
57896,44
57897,51
57898,64
57899,32
57900,18
57901,30
57902,50
57903,50
57904,42
57905,64
57906,54
57907,49
57908,57
57909,31
57910,38
57911,25
57912,23
57913,19
57914,22
57915,22
57916,43
57917,30
57918,34
57919,26
57920,36
57921,46
57922,38
57923,50
57924,22
57925,55
57926,56
57927,21
57928,35
57929,34
57930,23
57931,27
57932,43
57933,55
57934,45
57935,45
57936,47
57937,56
57938,30
57939,51
57940,54
57941,40
57942,47
57943,37
57944,44
57945,18
57946,20
57947,48
57948,26
57949,41
57950,45
57951,52
57952,20
57953,47
57954,55
57955,62
57956,61
57957,47
57958,34
57959,48
57960,51
57961,35
57962,38
57963,22
57964,58
57965,42
57966,29
57967,27
57968,51
57969,62
57970,55
57971,27
57972,52
57973,28
57974,31
57975,51
57976,18
57977,30
57978,39
57979,35
57980,22
57981,40
57982,19
57983,18
57984,63
57985,18
57986,28
57987,34
57988,32
57989,38
57990,49
57991,51
57992,64
57993,63
57994,54
57995,50
57996,44
57997,51
57998,64
57999,32
58000,18
58001,30
58002,50
58003,50
58004,42
58005,64
58006,54
58007,49
58008,57
58009,31
58010,38
58011,25
58012,23
58013,19
58014,22
58015,22
58016,43
58017,30
58018,34
58019,26
58020,36
58021,46
58022,38
58023,50
58024,22
58025,55
58026,56
58027,21
58028,35
58029,34
58030,23
58031,27
58032,43
58033,55
58034,45
58035,45
58036,47
58037,56
58038,30
58039,51
58040,54
58041,40
58042,47
58043,37
58044,44
58045,18
58046,20
58047,48
58048,26
58049,41
58050,45
58051,52
58052,20
58053,47
58054,55
58055,62
58056,61
58057,47
58058,34
58059,48
58060,51
58061,35
58062,38
58063,22
58064,58
58065,42
58066,29
58067,27
58068,51
58069,62
58070,55
58071,27
58072,52
58073,28
58074,31
58075,51
58076,18
58077,30
58078,39
58079,35
58080,22
58081,40
58082,19
58083,18
58084,63
58085,18
58086,28
58087,34
58088,32
58089,38
58090,49
58091,51
58092,64
58093,63
58094,54
58095,50
58096,44
58097,51
58098,64
58099,32
58100,18
58101,30
58102,50
58103,50
58104,42
58105,64
58106,54
58107,49
58108,57
58109,31
58110,38
58111,25
58112,23
58113,19
58114,22
58115,22
58116,43
58117,30
58118,34
58119,26
58120,36
58121,46
58122,38
58123,50
58124,22
58125,55
58126,56
58127,21
58128,35
58129,34
58130,23
58131,27
58132,43
58133,55
58134,45
58135,45
58136,47
58137,56
58138,30
58139,51
58140,54
58141,40
58142,47
58143,37
58144,44
58145,18
58146,20
58147,48
58148,26
58149,41
58150,45
58151,52
58152,20
58153,47
58154,55
58155,62
58156,61
58157,47
58158,34
58159,48
58160,51
58161,35
58162,38
58163,22
58164,58
58165,42
58166,29
58167,27
58168,51
58169,62
58170,55
58171,27
58172,52
58173,28
58174,31
58175,51
58176,18
58177,30
58178,39
58179,35
58180,22
58181,40
58182,19
58183,18
58184,63
58185,18
58186,28
58187,34
58188,32
58189,38
58190,49
58191,51
58192,64
58193,63
58194,54
58195,50
58196,44
58197,51
58198,64
58199,32
58200,18
58201,30
58202,50
58203,50
58204,42
58205,64
58206,54
58207,49
58208,57
58209,31
58210,38
58211,25
58212,23
58213,19
58214,22
58215,22
58216,43
58217,30
58218,34
58219,26
58220,36
58221,46
58222,38
58223,50
58224,22
58225,55
58226,56
58227,21
58228,35
58229,34
58230,23
58231,27
58232,43
58233,55
58234,45
58235,45
58236,47
58237,56
58238,30
58239,51
58240,54
58241,40
58242,47
58243,37
58244,44
58245,18
58246,20
58247,48
58248,26
58249,41
58250,45
58251,52
58252,20
58253,47
58254,55
58255,62
58256,61
58257,47
58258,34
58259,48
58260,51
58261,35
58262,38
58263,22
58264,58
58265,42
58266,29
58267,27
58268,51
58269,62
58270,55
58271,27
58272,52
58273,28
58274,31
58275,51
58276,18
58277,30
58278,39
58279,35
58280,22
58281,40
58282,19
58283,18
58284,63
58285,18
58286,28
58287,34
58288,32
58289,38
58290,49
58291,51
58292,64
58293,63
58294,54
58295,50
58296,44
58297,51
58298,64
58299,32
58300,18
58301,30
58302,50
58303,50
58304,42
58305,64
58306,54
58307,49
58308,57
58309,31
58310,38
58311,25
58312,23
58313,19
58314,22
58315,22
58316,43
58317,30
58318,34
58319,26
58320,36
58321,46
58322,38
58323,50
58324,22
58325,55
58326,56
58327,21
58328,35
58329,34
58330,23
58331,27
58332,43
58333,55
58334,45
58335,45
58336,47
58337,56
58338,30
58339,51
58340,54
58341,40
58342,47
58343,37
58344,44
58345,18
58346,20
58347,48
58348,26
58349,41
58350,45
58351,52
58352,20
58353,47
58354,55
58355,62
58356,61
58357,47
58358,34
58359,48
58360,51
58361,35
58362,38
58363,22
58364,58
58365,42
58366,29
58367,27
58368,51
58369,62
58370,55
58371,27
58372,52
58373,28
58374,31
58375,51
58376,18
58377,30
58378,39
58379,35
58380,22
58381,40
58382,19
58383,18
58384,63
58385,18
58386,28
58387,34
58388,32
58389,38
58390,49
58391,51
58392,64
58393,63
58394,54
58395,50
58396,44
58397,51
58398,64
58399,32
58400,18
58401,30
58402,50
58403,50
58404,42
58405,64
58406,54
58407,49
58408,57
58409,31
58410,38
58411,25
58412,23
58413,19
58414,22
58415,22
58416,43
58417,30
58418,34
58419,26
58420,36
58421,46
58422,38
58423,50
58424,22
58425,55
58426,56
58427,21
58428,35
58429,34
58430,23
58431,27
58432,43
58433,55
58434,45
58435,45
58436,47
58437,56
58438,30
58439,51
58440,54
58441,40
58442,47
58443,37
58444,44
58445,18
58446,20
58447,48
58448,26
58449,41
58450,45
58451,52
58452,20
58453,47
58454,55
58455,62
58456,61
58457,47
58458,34
58459,48
58460,51
58461,35
58462,38
58463,22
58464,58
58465,42
58466,29
58467,27
58468,51
58469,62
58470,55
58471,27
58472,52
58473,28
58474,31
58475,51
58476,18
58477,30
58478,39
58479,35
58480,22
58481,40
58482,19
58483,18
58484,63
58485,18
58486,28
58487,34
58488,32
58489,38
58490,49
58491,51
58492,64
58493,63
58494,54
58495,50
58496,44
58497,51
58498,64
58499,32
58500,18
58501,30
58502,50
58503,50
58504,42
58505,64
58506,54
58507,49
58508,57
58509,31
58510,38
58511,25
58512,23
58513,19
58514,22
58515,22
58516,43
58517,30
58518,34
58519,26
58520,36
58521,46
58522,38
58523,50
58524,22
58525,55
58526,56
58527,21
58528,35
58529,34
58530,23
58531,27
58532,43
58533,55
58534,45
58535,45
58536,47
58537,56
58538,30
58539,51
58540,54
58541,40
58542,47
58543,37
58544,44
58545,18
58546,20
58547,48
58548,26
58549,41
58550,45
58551,52
58552,20
58553,47
58554,55
58555,62
58556,61
58557,47
58558,34
58559,48
58560,51
58561,35
58562,38
58563,22
58564,58
58565,42
58566,29
58567,27
58568,51
58569,62
58570,55
58571,27
58572,52
58573,28
58574,31
58575,51
58576,18
58577,30
58578,39
58579,35
58580,22
58581,40
58582,19
58583,18
58584,63
58585,18
58586,28
58587,34
58588,32
58589,38
58590,49
58591,51
58592,64
58593,63
58594,54
58595,50
58596,44
58597,51
58598,64
58599,32
58600,18
58601,30
58602,50
58603,50
58604,42
58605,64
58606,54
58607,49
58608,57
58609,31
58610,38
58611,25
58612,23
58613,19
58614,22
58615,22
58616,43
58617,30
58618,34
58619,26
58620,36
58621,46
58622,38
58623,50
58624,22
58625,55
58626,56
58627,21
58628,35
58629,34
58630,23
58631,27
58632,43
58633,55
58634,45
58635,45
58636,47
58637,56
58638,30
58639,51
58640,54
58641,40
58642,47
58643,37
58644,44
58645,18
58646,20
58647,48
58648,26
58649,41
58650,45
58651,52
58652,20
58653,47
58654,55
58655,62
58656,61
58657,47
58658,34
58659,48
58660,51
58661,35
58662,38
58663,22
58664,58
58665,42
58666,29
58667,27
58668,51
58669,62
58670,55
58671,27
58672,52
58673,28
58674,31
58675,51
58676,18
58677,30
58678,39
58679,35
58680,22
58681,40
58682,19
58683,18
58684,63
58685,18
58686,28
58687,34
58688,32
58689,38
58690,49
58691,51
58692,64
58693,63
58694,54
58695,50
58696,44
58697,51
58698,64
58699,32
58700,18
58701,30
58702,50
58703,50
58704,42
58705,64
58706,54
58707,49
58708,57
58709,31
58710,38
58711,25
58712,23
58713,19
58714,22
58715,22
58716,43
58717,30
58718,34
58719,26
58720,36
58721,46
58722,38
58723,50
58724,22
58725,55
58726,56
58727,21
58728,35
58729,34
58730,23
58731,27
58732,43
58733,55
58734,45
58735,45
58736,47
58737,56
58738,30
58739,51
58740,54
58741,40
58742,47
58743,37
58744,44
58745,18
58746,20
58747,48
58748,26
58749,41
58750,45
58751,52
58752,20
58753,47
58754,55
58755,62
58756,61
58757,47
58758,34
58759,48
58760,51
58761,35
58762,38
58763,22
58764,58
58765,42
58766,29
58767,27
58768,51
58769,62
58770,55
58771,27
58772,52
58773,28
58774,31
58775,51
58776,18
58777,30
58778,39
58779,35
58780,22
58781,40
58782,19
58783,18
58784,63
58785,18
58786,28
58787,34
58788,32
58789,38
58790,49
58791,51
58792,64
58793,63
58794,54
58795,50
58796,44
58797,51
58798,64
58799,32
58800,18
58801,30
58802,50
58803,50
58804,42
58805,64
58806,54
58807,49
58808,57
58809,31
58810,38
58811,25
58812,23
58813,19
58814,22
58815,22
58816,43
58817,30
58818,34
58819,26
58820,36
58821,46
58822,38
58823,50
58824,22
58825,55
58826,56
58827,21
58828,35
58829,34
58830,23
58831,27
58832,43
58833,55
58834,45
58835,45
58836,47
58837,56
58838,30
58839,51
58840,54
58841,40
58842,47
58843,37
58844,44
58845,18
58846,20
58847,48
58848,26
58849,41
58850,45
58851,52
58852,20
58853,47
58854,55
58855,62
58856,61
58857,47
58858,34
58859,48
58860,51
58861,35
58862,38
58863,22
58864,58
58865,42
58866,29
58867,27
58868,51
58869,62
58870,55
58871,27
58872,52
58873,28
58874,31
58875,51
58876,18
58877,30
58878,39
58879,35
58880,22
58881,40
58882,19
58883,18
58884,63
58885,18
58886,28
58887,34
58888,32
58889,38
58890,49
58891,51
58892,64
58893,63
58894,54
58895,50
58896,44
58897,51
58898,64
58899,32
58900,18
58901,30
58902,50
58903,50
58904,42
58905,64
58906,54
58907,49
58908,57
58909,31
58910,38
58911,25
58912,23
58913,19
58914,22
58915,22
58916,43
58917,30
58918,34
58919,26
58920,36
58921,46
58922,38
58923,50
58924,22
58925,55
58926,56
58927,21
58928,35
58929,34
58930,23
58931,27
58932,43
58933,55
58934,45
58935,45
58936,47
58937,56
58938,30
58939,51
58940,54
58941,40
58942,47
58943,37
58944,44
58945,18
58946,20
58947,48
58948,26
58949,41
58950,45
58951,52
58952,20
58953,47
58954,55
58955,62
58956,61
58957,47
58958,34
58959,48
58960,51
58961,35
58962,38
58963,22
58964,58
58965,42
58966,29
58967,27
58968,51
58969,62
58970,55
58971,27
58972,52
58973,28
58974,31
58975,51
58976,18
58977,30
58978,39
58979,35
58980,22
58981,40
58982,19
58983,18
58984,63
58985,18
58986,28
58987,34
58988,32
58989,38
58990,49
58991,51
58992,64
58993,63
58994,54
58995,50
58996,44
58997,51
58998,64
58999,32
59000,18
59001,30
59002,50
59003,50
59004,42
59005,64
59006,54
59007,49
59008,57
59009,31
59010,38
59011,25
59012,23
59013,19
59014,22
59015,22
59016,43
59017,30
59018,34
59019,26
59020,36
59021,46
59022,38
59023,50
59024,22
59025,55
59026,56
59027,21
59028,35
59029,34
59030,23
59031,27
59032,43
59033,55
59034,45
59035,45
59036,47
59037,56
59038,30
59039,51
59040,54
59041,40
59042,47
59043,37
59044,44
59045,18
59046,20
59047,48
59048,26
59049,41
59050,45
59051,52
59052,20
59053,47
59054,55
59055,62
59056,61
59057,47
59058,34
59059,48
59060,51
59061,35
59062,38
59063,22
59064,58
59065,42
59066,29
59067,27
59068,51
59069,62
59070,55
59071,27
59072,52
59073,28
59074,31
59075,51
59076,18
59077,30
59078,39
59079,35
59080,22
59081,40
59082,19
59083,18
59084,63
59085,18
59086,28
59087,34
59088,32
59089,38
59090,49
59091,51
59092,64
59093,63
59094,54
59095,50
59096,44
59097,51
59098,64
59099,32
59100,18
59101,30
59102,50
59103,50
59104,42
59105,64
59106,54
59107,49
59108,57
59109,31
59110,38
59111,25
59112,23
59113,19
59114,22
59115,22
59116,43
59117,30
59118,34
59119,26
59120,36
59121,46
59122,38
59123,50
59124,22
59125,55
59126,56
59127,21
59128,35
59129,34
59130,23
59131,27
59132,43
59133,55
59134,45
59135,45
59136,47
59137,56
59138,30
59139,51
59140,54
59141,40
59142,47
59143,37
59144,44
59145,18
59146,20
59147,48
59148,26
59149,41
59150,45
59151,52
59152,20
59153,47
59154,55
59155,62
59156,61
59157,47
59158,34
59159,48
59160,51
59161,35
59162,38
59163,22
59164,58
59165,42
59166,29
59167,27
59168,51
59169,62
59170,55
59171,27
59172,52
59173,28
59174,31
59175,51
59176,18
59177,30
59178,39
59179,35
59180,22
59181,40
59182,19
59183,18
59184,63
59185,18
59186,28
59187,34
59188,32
59189,38
59190,49
59191,51
59192,64
59193,63
59194,54
59195,50
59196,44
59197,51
59198,64
59199,32
59200,18
59201,30
59202,50
59203,50
59204,42
59205,64
59206,54
59207,49
59208,57
59209,31
59210,38
59211,25
59212,23
59213,19
59214,22
59215,22
59216,43
59217,30
59218,34
59219,26
59220,36
59221,46
59222,38
59223,50
59224,22
59225,55
59226,56
59227,21
59228,35
59229,34
59230,23
59231,27
59232,43
59233,55
59234,45
59235,45
59236,47
59237,56
59238,30
59239,51
59240,54
59241,40
59242,47
59243,37
59244,44
59245,18
59246,20
59247,48
59248,26
59249,41
59250,45
59251,52
59252,20
59253,47
59254,55
59255,62
59256,61
59257,47
59258,34
59259,48
59260,51
59261,35
59262,38
59263,22
59264,58
59265,42
59266,29
59267,27
59268,51
59269,62
59270,55
59271,27
59272,52
59273,28
59274,31
59275,51
59276,18
59277,30
59278,39
59279,35
59280,22
59281,40
59282,19
59283,18
59284,63
59285,18
59286,28
59287,34
59288,32
59289,38
59290,49
59291,51
59292,64
59293,63
59294,54
59295,50
59296,44
59297,51
59298,64
59299,32
59300,18
59301,30
59302,50
59303,50
59304,42
59305,64
59306,54
59307,49
59308,57
59309,31
59310,38
59311,25
59312,23
59313,19
59314,22
59315,22
59316,43
59317,30
59318,34
59319,26
59320,36
59321,46
59322,38
59323,50
59324,22
59325,55
59326,56
59327,21
59328,35
59329,34
59330,23
59331,27
59332,43
59333,55
59334,45
59335,45
59336,47
59337,56
59338,30
59339,51
59340,54
59341,40
59342,47
59343,37
59344,44
59345,18
59346,20
59347,48
59348,26
59349,41
59350,45
59351,52
59352,20
59353,47
59354,55
59355,62
59356,61
59357,47
59358,34
59359,48
59360,51
59361,35
59362,38
59363,22
59364,58
59365,42
59366,29
59367,27
59368,51
59369,62
59370,55
59371,27
59372,52
59373,28
59374,31
59375,51
59376,18
59377,30
59378,39
59379,35
59380,22
59381,40
59382,19
59383,18
59384,63
59385,18
59386,28
59387,34
59388,32
59389,38
59390,49
59391,51
59392,64
59393,63
59394,54
59395,50
59396,44
59397,51
59398,64
59399,32
59400,18
59401,30
59402,50
59403,50
59404,42
59405,64
59406,54
59407,49
59408,57
59409,31
59410,38
59411,25
59412,23
59413,19
59414,22
59415,22
59416,43
59417,30
59418,34
59419,26
59420,36
59421,46
59422,38
59423,50
59424,22
59425,55
59426,56
59427,21
59428,35
59429,34
59430,23
59431,27
59432,43
59433,55
59434,45
59435,45
59436,47
59437,56
59438,30
59439,51
59440,54
59441,40
59442,47
59443,37
59444,44
59445,18
59446,20
59447,48
59448,26
59449,41
59450,45
59451,52
59452,20
59453,47
59454,55
59455,62
59456,61
59457,47
59458,34
59459,48
59460,51
59461,35
59462,38
59463,22
59464,58
59465,42
59466,29
59467,27
59468,51
59469,62
59470,55
59471,27
59472,52
59473,28
59474,31
59475,51
59476,18
59477,30
59478,39
59479,35
59480,22
59481,40
59482,19
59483,18
59484,63
59485,18
59486,28
59487,34
59488,32
59489,38
59490,49
59491,51
59492,64
59493,63
59494,54
59495,50
59496,44
59497,51
59498,64
59499,32
59500,18
59501,30
59502,50
59503,50
59504,42
59505,64
59506,54
59507,49
59508,57
59509,31
59510,38
59511,25
59512,23
59513,19
59514,22
59515,22
59516,43
59517,30
59518,34
59519,26
59520,36
59521,46
59522,38
59523,50
59524,22
59525,55
59526,56
59527,21
59528,35
59529,34
59530,23
59531,27
59532,43
59533,55
59534,45
59535,45
59536,47
59537,56
59538,30
59539,51
59540,54
59541,40
59542,47
59543,37
59544,44
59545,18
59546,20
59547,48
59548,26
59549,41
59550,45
59551,52
59552,20
59553,47
59554,55
59555,62
59556,61
59557,47
59558,34
59559,48
59560,51
59561,35
59562,38
59563,22
59564,58
59565,42
59566,29
59567,27
59568,51
59569,62
59570,55
59571,27
59572,52
59573,28
59574,31
59575,51
59576,18
59577,30
59578,39
59579,35
59580,22
59581,40
59582,19
59583,18
59584,63
59585,18
59586,28
59587,34
59588,32
59589,38
59590,49
59591,51
59592,64
59593,63
59594,54
59595,50
59596,44
59597,51
59598,64
59599,32
59600,18
59601,30
59602,50
59603,50
59604,42
59605,64
59606,54
59607,49
59608,57
59609,31
59610,38
59611,25
59612,23
59613,19
59614,22
59615,22
59616,43
59617,30
59618,34
59619,26
59620,36
59621,46
59622,38
59623,50
59624,22
59625,55
59626,56
59627,21
59628,35
59629,34
59630,23
59631,27
59632,43
59633,55
59634,45
59635,45
59636,47
59637,56
59638,30
59639,51
59640,54
59641,40
59642,47
59643,37
59644,44
59645,18
59646,20
59647,48
59648,26
59649,41
59650,45
59651,52
59652,20
59653,47
59654,55
59655,62
59656,61
59657,47
59658,34
59659,48
59660,51
59661,35
59662,38
59663,22
59664,58
59665,42
59666,29
59667,27
59668,51
59669,62
59670,55
59671,27
59672,52
59673,28
59674,31
59675,51
59676,18
59677,30
59678,39
59679,35
59680,22
59681,40
59682,19
59683,18
59684,63
59685,18
59686,28
59687,34
59688,32
59689,38
59690,49
59691,51
59692,64
59693,63
59694,54
59695,50
59696,44
59697,51
59698,64
59699,32
59700,18
59701,30
59702,50
59703,50
59704,42
59705,64
59706,54
59707,49
59708,57
59709,31
59710,38
59711,25
59712,23
59713,19
59714,22
59715,22
59716,43
59717,30
59718,34
59719,26
59720,36
59721,46
59722,38
59723,50
59724,22
59725,55
59726,56
59727,21
59728,35
59729,34
59730,23
59731,27
59732,43
59733,55
59734,45
59735,45
59736,47
59737,56
59738,30
59739,51
59740,54
59741,40
59742,47
59743,37
59744,44
59745,18
59746,20
59747,48
59748,26
59749,41
59750,45
59751,52
59752,20
59753,47
59754,55
59755,62
59756,61
59757,47
59758,34
59759,48
59760,51
59761,35
59762,38
59763,22
59764,58
59765,42
59766,29
59767,27
59768,51
59769,62
59770,55
59771,27
59772,52
59773,28
59774,31
59775,51
59776,18
59777,30
59778,39
59779,35
59780,22
59781,40
59782,19
59783,18
59784,63
59785,18
59786,28
59787,34
59788,32
59789,38
59790,49
59791,51
59792,64
59793,63
59794,54
59795,50
59796,44
59797,51
59798,64
59799,32
59800,18
59801,30
59802,50
59803,50
59804,42
59805,64
59806,54
59807,49
59808,57
59809,31
59810,38
59811,25
59812,23
59813,19
59814,22
59815,22
59816,43
59817,30
59818,34
59819,26
59820,36
59821,46
59822,38
59823,50
59824,22
59825,55
59826,56
59827,21
59828,35
59829,34
59830,23
59831,27
59832,43
59833,55
59834,45
59835,45
59836,47
59837,56
59838,30
59839,51
59840,54
59841,40
59842,47
59843,37
59844,44
59845,18
59846,20
59847,48
59848,26
59849,41
59850,45
59851,52
59852,20
59853,47
59854,55
59855,62
59856,61
59857,47
59858,34
59859,48
59860,51
59861,35
59862,38
59863,22
59864,58
59865,42
59866,29
59867,27
59868,51
59869,62
59870,55
59871,27
59872,52
59873,28
59874,31
59875,51
59876,18
59877,30
59878,39
59879,35
59880,22
59881,40
59882,19
59883,18
59884,63
59885,18
59886,28
59887,34
59888,32
59889,38
59890,49
59891,51
59892,64
59893,63
59894,54
59895,50
59896,44
59897,51
59898,64
59899,32
59900,18
59901,30
59902,50
59903,50
59904,42
59905,64
59906,54
59907,49
59908,57
59909,31
59910,38
59911,25
59912,23
59913,19
59914,22
59915,22
59916,43
59917,30
59918,34
59919,26
59920,36
59921,46
59922,38
59923,50
59924,22
59925,55
59926,56
59927,21
59928,35
59929,34
59930,23
59931,27
59932,43
59933,55
59934,45
59935,45
59936,47
59937,56
59938,30
59939,51
59940,54
59941,40
59942,47
59943,37
59944,44
59945,18
59946,20
59947,48
59948,26
59949,41
59950,45
59951,52
59952,20
59953,47
59954,55
59955,62
59956,61
59957,47
59958,34
59959,48
59960,51
59961,35
59962,38
59963,22
59964,58
59965,42
59966,29
59967,27
59968,51
59969,62
59970,55
59971,27
59972,52
59973,28
59974,31
59975,51
59976,18
59977,30
59978,39
59979,35
59980,22
59981,40
59982,19
59983,18
59984,63
59985,18
59986,28
59987,34
59988,32
59989,38
59990,49
59991,51
59992,64
59993,63
59994,54
59995,50
59996,44
59997,51
59998,64
59999,32
60000,18
60001,30
60002,50
60003,50
60004,42
60005,64
60006,54
60007,49
60008,57
60009,31
60010,38
60011,25
60012,23
60013,19
60014,22
60015,22
60016,43
60017,30
60018,34
60019,26
60020,36
60021,46
60022,38
60023,50
60024,22
60025,55
60026,56
60027,21
60028,35
60029,34
60030,23
60031,27
60032,43
60033,55
60034,45
60035,45
60036,47
60037,56
60038,30
60039,51
60040,54
60041,40
60042,47
60043,37
60044,44
60045,18
60046,20
60047,48
60048,26
60049,41
60050,45
60051,52
60052,20
60053,47
60054,55
60055,62
60056,61
60057,47
60058,34
60059,48
60060,51
60061,35
60062,38
60063,22
60064,58
60065,42
60066,29
60067,27
60068,51
60069,62
60070,55
60071,27
60072,52
60073,28
60074,31
60075,51
60076,18
60077,30
60078,39
60079,35
60080,22
60081,40
60082,19
60083,18
60084,63
60085,18
60086,28
60087,34
60088,32
60089,38
60090,49
60091,51
60092,64
60093,63
60094,54
60095,50
60096,44
60097,51
60098,64
60099,32
60100,18
60101,30
60102,50
60103,50
60104,42
60105,64
60106,54
60107,49
60108,57
60109,31
60110,38
60111,25
60112,23
60113,19
60114,22
60115,22
60116,43
60117,30
60118,34
60119,26
60120,36
60121,46
60122,38
60123,50
60124,22
60125,55
60126,56
60127,21
60128,35
60129,34
60130,23
60131,27
60132,43
60133,55
60134,45
60135,45
60136,47
60137,56
60138,30
60139,51
60140,54
60141,40
60142,47
60143,37
60144,44
60145,18
60146,20
60147,48
60148,26
60149,41
60150,45
60151,52
60152,20
60153,47
60154,55
60155,62
60156,61
60157,47
60158,34
60159,48
60160,51
60161,35
60162,38
60163,22
60164,58
60165,42
60166,29
60167,27
60168,51
60169,62
60170,55
60171,27
60172,52
60173,28
60174,31
60175,51
60176,18
60177,30
60178,39
60179,35
60180,22
60181,40
60182,19
60183,18
60184,63
60185,18
60186,28
60187,34
60188,32
60189,38
60190,49
60191,51
60192,64
60193,63
60194,54
60195,50
60196,44
60197,51
60198,64
60199,32
60200,18
60201,30
60202,50
60203,50
60204,42
60205,64
60206,54
60207,49
60208,57
60209,31
60210,38
60211,25
60212,23
60213,19
60214,22
60215,22
60216,43
60217,30
60218,34
60219,26
60220,36
60221,46
60222,38
60223,50
60224,22
60225,55
60226,56
60227,21
60228,35
60229,34
60230,23
60231,27
60232,43
60233,55
60234,45
60235,45
60236,47
60237,56
60238,30
60239,51
60240,54
60241,40
60242,47
60243,37
60244,44
60245,18
60246,20
60247,48
60248,26
60249,41
60250,45
60251,52
60252,20
60253,47
60254,55
60255,62
60256,61
60257,47
60258,34
60259,48
60260,51
60261,35
60262,38
60263,22
60264,58
60265,42
60266,29
60267,27
60268,51
60269,62
60270,55
60271,27
60272,52
60273,28
60274,31
60275,51
60276,18
60277,30
60278,39
60279,35
60280,22
60281,40
60282,19
60283,18
60284,63
60285,18
60286,28
60287,34
60288,32
60289,38
60290,49
60291,51
60292,64
60293,63
60294,54
60295,50
60296,44
60297,51
60298,64
60299,32
60300,18
60301,30
60302,50
60303,50
60304,42
60305,64
60306,54
60307,49
60308,57
60309,31
60310,38
60311,25
60312,23
60313,19
60314,22
60315,22
60316,43
60317,30
60318,34
60319,26
60320,36
60321,46
60322,38
60323,50
60324,22
60325,55
60326,56
60327,21
60328,35
60329,34
60330,23
60331,27
60332,43
60333,55
60334,45
60335,45
60336,47
60337,56
60338,30
60339,51
60340,54
60341,40
60342,47
60343,37
60344,44
60345,18
60346,20
60347,48
60348,26
60349,41
60350,45
60351,52
60352,20
60353,47
60354,55
60355,62
60356,61
60357,47
60358,34
60359,48
60360,51
60361,35
60362,38
60363,22
60364,58
60365,42
60366,29
60367,27
60368,51
60369,62
60370,55
60371,27
60372,52
60373,28
60374,31
60375,51
60376,18
60377,30
60378,39
60379,35
60380,22
60381,40
60382,19
60383,18
60384,63
60385,18
60386,28
60387,34
60388,32
60389,38
60390,49
60391,51
60392,64
60393,63
60394,54
60395,50
60396,44
60397,51
60398,64
60399,32
60400,18
60401,30
60402,50
60403,50
60404,42
60405,64
60406,54
60407,49
60408,57
60409,31
60410,38
60411,25
60412,23
60413,19
60414,22
60415,22
60416,43
60417,30
60418,34
60419,26
60420,36
60421,46
60422,38
60423,50
60424,22
60425,55
60426,56
60427,21
60428,35
60429,34
60430,23
60431,27
60432,43
60433,55
60434,45
60435,45
60436,47
60437,56
60438,30
60439,51
60440,54
60441,40
60442,47
60443,37
60444,44
60445,18
60446,20
60447,48
60448,26
60449,41
60450,45
60451,52
60452,20
60453,47
60454,55
60455,62
60456,61
60457,47
60458,34
60459,48
60460,51
60461,35
60462,38
60463,22
60464,58
60465,42
60466,29
60467,27
60468,51
60469,62
60470,55
60471,27
60472,52
60473,28
60474,31
60475,51
60476,18
60477,30
60478,39
60479,35
60480,22
60481,40
60482,19
60483,18
60484,63
60485,18
60486,28
60487,34
60488,32
60489,38
60490,49
60491,51
60492,64
60493,63
60494,54
60495,50
60496,44
60497,51
60498,64
60499,32
60500,18
60501,30
60502,50
60503,50
60504,42
60505,64
60506,54
60507,49
60508,57
60509,31
60510,38
60511,25
60512,23
60513,19
60514,22
60515,22
60516,43
60517,30
60518,34
60519,26
60520,36
60521,46
60522,38
60523,50
60524,22
60525,55
60526,56
60527,21
60528,35
60529,34
60530,23
60531,27
60532,43
60533,55
60534,45
60535,45
60536,47
60537,56
60538,30
60539,51
60540,54
60541,40
60542,47
60543,37
60544,44
60545,18
60546,20
60547,48
60548,26
60549,41
60550,45
60551,52
60552,20
60553,47
60554,55
60555,62
60556,61
60557,47
60558,34
60559,48
60560,51
60561,35
60562,38
60563,22
60564,58
60565,42
60566,29
60567,27
60568,51
60569,62
60570,55
60571,27
60572,52
60573,28
60574,31
60575,51
60576,18
60577,30
60578,39
60579,35
60580,22
60581,40
60582,19
60583,18
60584,63
60585,18
60586,28
60587,34
60588,32
60589,38
60590,49
60591,51
60592,64
60593,63
60594,54
60595,50
60596,44
60597,51
60598,64
60599,32
60600,18
60601,30
60602,50
60603,50
60604,42
60605,64
60606,54
60607,49
60608,57
60609,31
60610,38
60611,25
60612,23
60613,19
60614,22
60615,22
60616,43
60617,30
60618,34
60619,26
60620,36
60621,46
60622,38
60623,50
60624,22
60625,55
60626,56
60627,21
60628,35
60629,34
60630,23
60631,27
60632,43
60633,55
60634,45
60635,45
60636,47
60637,56
60638,30
60639,51
60640,54
60641,40
60642,47
60643,37
60644,44
60645,18
60646,20
60647,48
60648,26
60649,41
60650,45
60651,52
60652,20
60653,47
60654,55
60655,62
60656,61
60657,47
60658,34
60659,48
60660,51
60661,35
60662,38
60663,22
60664,58
60665,42
60666,29
60667,27
60668,51
60669,62
60670,55
60671,27
60672,52
60673,28
60674,31
60675,51
60676,18
60677,30
60678,39
60679,35
60680,22
60681,40
60682,19
60683,18
60684,63
60685,18
60686,28
60687,34
60688,32
60689,38
60690,49
60691,51
60692,64
60693,63
60694,54
60695,50
60696,44
60697,51
60698,64
60699,32
60700,18
60701,30
60702,50
60703,50
60704,42
60705,64
60706,54
60707,49
60708,57
60709,31
60710,38
60711,25
60712,23
60713,19
60714,22
60715,22
60716,43
60717,30
60718,34
60719,26
60720,36
60721,46
60722,38
60723,50
60724,22
60725,55
60726,56
60727,21
60728,35
60729,34
60730,23
60731,27
60732,43
60733,55
60734,45
60735,45
60736,47
60737,56
60738,30
60739,51
60740,54
60741,40
60742,47
60743,37
60744,44
60745,18
60746,20
60747,48
60748,26
60749,41
60750,45
60751,52
60752,20
60753,47
60754,55
60755,62
60756,61
60757,47
60758,34
60759,48
60760,51
60761,35
60762,38
60763,22
60764,58
60765,42
60766,29
60767,27
60768,51
60769,62
60770,55
60771,27
60772,52
60773,28
60774,31
60775,51
60776,18
60777,30
60778,39
60779,35
60780,22
60781,40
60782,19
60783,18
60784,63
60785,18
60786,28
60787,34
60788,32
60789,38
60790,49
60791,51
60792,64
60793,63
60794,54
60795,50
60796,44
60797,51
60798,64
60799,32
60800,18
60801,30
60802,50
60803,50
60804,42
60805,64
60806,54
60807,49
60808,57
60809,31
60810,38
60811,25
60812,23
60813,19
60814,22
60815,22
60816,43
60817,30
60818,34
60819,26
60820,36
60821,46
60822,38
60823,50
60824,22
60825,55
60826,56
60827,21
60828,35
60829,34
60830,23
60831,27
60832,43
60833,55
60834,45
60835,45
60836,47
60837,56
60838,30
60839,51
60840,54
60841,40
60842,47
60843,37
60844,44
60845,18
60846,20
60847,48
60848,26
60849,41
60850,45
60851,52
60852,20
60853,47
60854,55
60855,62
60856,61
60857,47
60858,34
60859,48
60860,51
60861,35
60862,38
60863,22
60864,58
60865,42
60866,29
60867,27
60868,51
60869,62
60870,55
60871,27
60872,52
60873,28
60874,31
60875,51
60876,18
60877,30
60878,39
60879,35
60880,22
60881,40
60882,19
60883,18
60884,63
60885,18
60886,28
60887,34
60888,32
60889,38
60890,49
60891,51
60892,64
60893,63
60894,54
60895,50
60896,44
60897,51
60898,64
60899,32
60900,18
60901,30
60902,50
60903,50
60904,42
60905,64
60906,54
60907,49
60908,57
60909,31
60910,38
60911,25
60912,23
60913,19
60914,22
60915,22
60916,43
60917,30
60918,34
60919,26
60920,36
60921,46
60922,38
60923,50
60924,22
60925,55
60926,56
60927,21
60928,35
60929,34
60930,23
60931,27
60932,43
60933,55
60934,45
60935,45
60936,47
60937,56
60938,30
60939,51
60940,54
60941,40
60942,47
60943,37
60944,44
60945,18
60946,20
60947,48
60948,26
60949,41
60950,45
60951,52
60952,20
60953,47
60954,55
60955,62
60956,61
60957,47
60958,34
60959,48
60960,51
60961,35
60962,38
60963,22
60964,58
60965,42
60966,29
60967,27
60968,51
60969,62
60970,55
60971,27
60972,52
60973,28
60974,31
60975,51
60976,18
60977,30
60978,39
60979,35
60980,22
60981,40
60982,19
60983,18
60984,63
60985,18
60986,28
60987,34
60988,32
60989,38
60990,49
60991,51
60992,64
60993,63
60994,54
60995,50
60996,44
60997,51
60998,64
60999,32
61000,18
61001,30
61002,50
61003,50
61004,42
61005,64
61006,54
61007,49
61008,57
61009,31
61010,38
61011,25
61012,23
61013,19
61014,22
61015,22
61016,43
61017,30
61018,34
61019,26
61020,36
61021,46
61022,38
61023,50
61024,22
61025,55
61026,56
61027,21
61028,35
61029,34
61030,23
61031,27
61032,43
61033,55
61034,45
61035,45
61036,47
61037,56
61038,30
61039,51
61040,54
61041,40
61042,47
61043,37
61044,44
61045,18
61046,20
61047,48
61048,26
61049,41
61050,45
61051,52
61052,20
61053,47
61054,55
61055,62
61056,61
61057,47
61058,34
61059,48
61060,51
61061,35
61062,38
61063,22
61064,58
61065,42
61066,29
61067,27
61068,51
61069,62
61070,55
61071,27
61072,52
61073,28
61074,31
61075,51
61076,18
61077,30
61078,39
61079,35
61080,22
61081,40
61082,19
61083,18
61084,63
61085,18
61086,28
61087,34
61088,32
61089,38
61090,49
61091,51
61092,64
61093,63
61094,54
61095,50
61096,44
61097,51
61098,64
61099,32
61100,18
61101,30
61102,50
61103,50
61104,42
61105,64
61106,54
61107,49
61108,57
61109,31
61110,38
61111,25
61112,23
61113,19
61114,22
61115,22
61116,43
61117,30
61118,34
61119,26
61120,36
61121,46
61122,38
61123,50
61124,22
61125,55
61126,56
61127,21
61128,35
61129,34
61130,23
61131,27
61132,43
61133,55
61134,45
61135,45
61136,47
61137,56
61138,30
61139,51
61140,54
61141,40
61142,47
61143,37
61144,44
61145,18
61146,20
61147,48
61148,26
61149,41
61150,45
61151,52
61152,20
61153,47
61154,55
61155,62
61156,61
61157,47
61158,34
61159,48
61160,51
61161,35
61162,38
61163,22
61164,58
61165,42
61166,29
61167,27
61168,51
61169,62
61170,55
61171,27
61172,52
61173,28
61174,31
61175,51
61176,18
61177,30
61178,39
61179,35
61180,22
61181,40
61182,19
61183,18
61184,63
61185,18
61186,28
61187,34
61188,32
61189,38
61190,49
61191,51
61192,64
61193,63
61194,54
61195,50
61196,44
61197,51
61198,64
61199,32
61200,18
61201,30
61202,50
61203,50
61204,42
61205,64
61206,54
61207,49
61208,57
61209,31
61210,38
61211,25
61212,23
61213,19
61214,22
61215,22
61216,43
61217,30
61218,34
61219,26
61220,36
61221,46
61222,38
61223,50
61224,22
61225,55
61226,56
61227,21
61228,35
61229,34
61230,23
61231,27
61232,43
61233,55
61234,45
61235,45
61236,47
61237,56
61238,30
61239,51
61240,54
61241,40
61242,47
61243,37
61244,44
61245,18
61246,20
61247,48
61248,26
61249,41
61250,45
61251,52
61252,20
61253,47
61254,55
61255,62
61256,61
61257,47
61258,34
61259,48
61260,51
61261,35
61262,38
61263,22
61264,58
61265,42
61266,29
61267,27
61268,51
61269,62
61270,55
61271,27
61272,52
61273,28
61274,31
61275,51
61276,18
61277,30
61278,39
61279,35
61280,22
61281,40
61282,19
61283,18
61284,63
61285,18
61286,28
61287,34
61288,32
61289,38
61290,49
61291,51
61292,64
61293,63
61294,54
61295,50
61296,44
61297,51
61298,64
61299,32
61300,18
61301,30
61302,50
61303,50
61304,42
61305,64
61306,54
61307,49
61308,57
61309,31
61310,38
61311,25
61312,23
61313,19
61314,22
61315,22
61316,43
61317,30
61318,34
61319,26
61320,36
61321,46
61322,38
61323,50
61324,22
61325,55
61326,56
61327,21
61328,35
61329,34
61330,23
61331,27
61332,43
61333,55
61334,45
61335,45
61336,47
61337,56
61338,30
61339,51
61340,54
61341,40
61342,47
61343,37
61344,44
61345,18
61346,20
61347,48
61348,26
61349,41
61350,45
61351,52
61352,20
61353,47
61354,55
61355,62
61356,61
61357,47
61358,34
61359,48
61360,51
61361,35
61362,38
61363,22
61364,58
61365,42
61366,29
61367,27
61368,51
61369,62
61370,55
61371,27
61372,52
61373,28
61374,31
61375,51
61376,18
61377,30
61378,39
61379,35
61380,22
61381,40
61382,19
61383,18
61384,63
61385,18
61386,28
61387,34
61388,32
61389,38
61390,49
61391,51
61392,64
61393,63
61394,54
61395,50
61396,44
61397,51
61398,64
61399,32
61400,18
61401,30
61402,50
61403,50
61404,42
61405,64
61406,54
61407,49
61408,57
61409,31
61410,38
61411,25
61412,23
61413,19
61414,22
61415,22
61416,43
61417,30
61418,34
61419,26
61420,36
61421,46
61422,38
61423,50
61424,22
61425,55
61426,56
61427,21
61428,35
61429,34
61430,23
61431,27
61432,43
61433,55
61434,45
61435,45
61436,47
61437,56
61438,30
61439,51
61440,54
61441,40
61442,47
61443,37
61444,44
61445,18
61446,20
61447,48
61448,26
61449,41
61450,45
61451,52
61452,20
61453,47
61454,55
61455,62
61456,61
61457,47
61458,34
61459,48
61460,51
61461,35
61462,38
61463,22
61464,58
61465,42
61466,29
61467,27
61468,51
61469,62
61470,55
61471,27
61472,52
61473,28
61474,31
61475,51
61476,18
61477,30
61478,39
61479,35
61480,22
61481,40
61482,19
61483,18
61484,63
61485,18
61486,28
61487,34
61488,32
61489,38
61490,49
61491,51
61492,64
61493,63
61494,54
61495,50
61496,44
61497,51
61498,64
61499,32
61500,18
61501,30
61502,50
61503,50
61504,42
61505,64
61506,54
61507,49
61508,57
61509,31
61510,38
61511,25
61512,23
61513,19
61514,22
61515,22
61516,43
61517,30
61518,34
61519,26
61520,36
61521,46
61522,38
61523,50
61524,22
61525,55
61526,56
61527,21
61528,35
61529,34
61530,23
61531,27
61532,43
61533,55
61534,45
61535,45
61536,47
61537,56
61538,30
61539,51
61540,54
61541,40
61542,47
61543,37
61544,44
61545,18
61546,20
61547,48
61548,26
61549,41
61550,45
61551,52
61552,20
61553,47
61554,55
61555,62
61556,61
61557,47
61558,34
61559,48
61560,51
61561,35
61562,38
61563,22
61564,58
61565,42
61566,29
61567,27
61568,51
61569,62
61570,55
61571,27
61572,52
61573,28
61574,31
61575,51
61576,18
61577,30
61578,39
61579,35
61580,22
61581,40
61582,19
61583,18
61584,63
61585,18
61586,28
61587,34
61588,32
61589,38
61590,49
61591,51
61592,64
61593,63
61594,54
61595,50
61596,44
61597,51
61598,64
61599,32
61600,18
61601,30
61602,50
61603,50
61604,42
61605,64
61606,54
61607,49
61608,57
61609,31
61610,38
61611,25
61612,23
61613,19
61614,22
61615,22
61616,43
61617,30
61618,34
61619,26
61620,36
61621,46
61622,38
61623,50
61624,22
61625,55
61626,56
61627,21
61628,35
61629,34
61630,23
61631,27
61632,43
61633,55
61634,45
61635,45
61636,47
61637,56
61638,30
61639,51
61640,54
61641,40
61642,47
61643,37
61644,44
61645,18
61646,20
61647,48
61648,26
61649,41
61650,45
61651,52
61652,20
61653,47
61654,55
61655,62
61656,61
61657,47
61658,34
61659,48
61660,51
61661,35
61662,38
61663,22
61664,58
61665,42
61666,29
61667,27
61668,51
61669,62
61670,55
61671,27
61672,52
61673,28
61674,31
61675,51
61676,18
61677,30
61678,39
61679,35
61680,22
61681,40
61682,19
61683,18
61684,63
61685,18
61686,28
61687,34
61688,32
61689,38
61690,49
61691,51
61692,64
61693,63
61694,54
61695,50
61696,44
61697,51
61698,64
61699,32
61700,18
61701,30
61702,50
61703,50
61704,42
61705,64
61706,54
61707,49
61708,57
61709,31
61710,38
61711,25
61712,23
61713,19
61714,22
61715,22
61716,43
61717,30
61718,34
61719,26
61720,36
61721,46
61722,38
61723,50
61724,22
61725,55
61726,56
61727,21
61728,35
61729,34
61730,23
61731,27
61732,43
61733,55
61734,45
61735,45
61736,47
61737,56
61738,30
61739,51
61740,54
61741,40
61742,47
61743,37
61744,44
61745,18
61746,20
61747,48
61748,26
61749,41
61750,45
61751,52
61752,20
61753,47
61754,55
61755,62
61756,61
61757,47
61758,34
61759,48
61760,51
61761,35
61762,38
61763,22
61764,58
61765,42
61766,29
61767,27
61768,51
61769,62
61770,55
61771,27
61772,52
61773,28
61774,31
61775,51
61776,18
61777,30
61778,39
61779,35
61780,22
61781,40
61782,19
61783,18
61784,63
61785,18
61786,28
61787,34
61788,32
61789,38
61790,49
61791,51
61792,64
61793,63
61794,54
61795,50
61796,44
61797,51
61798,64
61799,32
61800,18
61801,30
61802,50
61803,50
61804,42
61805,64
61806,54
61807,49
61808,57
61809,31
61810,38
61811,25
61812,23
61813,19
61814,22
61815,22
61816,43
61817,30
61818,34
61819,26
61820,36
61821,46
61822,38
61823,50
61824,22
61825,55
61826,56
61827,21
61828,35
61829,34
61830,23
61831,27
61832,43
61833,55
61834,45
61835,45
61836,47
61837,56
61838,30
61839,51
61840,54
61841,40
61842,47
61843,37
61844,44
61845,18
61846,20
61847,48
61848,26
61849,41
61850,45
61851,52
61852,20
61853,47
61854,55
61855,62
61856,61
61857,47
61858,34
61859,48
61860,51
61861,35
61862,38
61863,22
61864,58
61865,42
61866,29
61867,27
61868,51
61869,62
61870,55
61871,27
61872,52
61873,28
61874,31
61875,51
61876,18
61877,30
61878,39
61879,35
61880,22
61881,40
61882,19
61883,18
61884,63
61885,18
61886,28
61887,34
61888,32
61889,38
61890,49
61891,51
61892,64
61893,63
61894,54
61895,50
61896,44
61897,51
61898,64
61899,32
61900,18
61901,30
61902,50
61903,50
61904,42
61905,64
61906,54
61907,49
61908,57
61909,31
61910,38
61911,25
61912,23
61913,19
61914,22
61915,22
61916,43
61917,30
61918,34
61919,26
61920,36
61921,46
61922,38
61923,50
61924,22
61925,55
61926,56
61927,21
61928,35
61929,34
61930,23
61931,27
61932,43
61933,55
61934,45
61935,45
61936,47
61937,56
61938,30
61939,51
61940,54
61941,40
61942,47
61943,37
61944,44
61945,18
61946,20
61947,48
61948,26
61949,41
61950,45
61951,52
61952,20
61953,47
61954,55
61955,62
61956,61
61957,47
61958,34
61959,48
61960,51
61961,35
61962,38
61963,22
61964,58
61965,42
61966,29
61967,27
61968,51
61969,62
61970,55
61971,27
61972,52
61973,28
61974,31
61975,51
61976,18
61977,30
61978,39
61979,35
61980,22
61981,40
61982,19
61983,18
61984,63
61985,18
61986,28
61987,34
61988,32
61989,38
61990,49
61991,51
61992,64
61993,63
61994,54
61995,50
61996,44
61997,51
61998,64
61999,32
62000,18
62001,30
62002,50
62003,50
62004,42
62005,64
62006,54
62007,49
62008,57
62009,31
62010,38
62011,25
62012,23
62013,19
62014,22
62015,22
62016,43
62017,30
62018,34
62019,26
62020,36
62021,46
62022,38
62023,50
62024,22
62025,55
62026,56
62027,21
62028,35
62029,34
62030,23
62031,27
62032,43
62033,55
62034,45
62035,45
62036,47
62037,56
62038,30
62039,51
62040,54
62041,40
62042,47
62043,37
62044,44
62045,18
62046,20
62047,48
62048,26
62049,41
62050,45
62051,52
62052,20
62053,47
62054,55
62055,62
62056,61
62057,47
62058,34
62059,48
62060,51
62061,35
62062,38
62063,22
62064,58
62065,42
62066,29
62067,27
62068,51
62069,62
62070,55
62071,27
62072,52
62073,28
62074,31
62075,51
62076,18
62077,30
62078,39
62079,35
62080,22
62081,40
62082,19
62083,18
62084,63
62085,18
62086,28
62087,34
62088,32
62089,38
62090,49
62091,51
62092,64
62093,63
62094,54
62095,50
62096,44
62097,51
62098,64
62099,32
62100,18
62101,30
62102,50
62103,50
62104,42
62105,64
62106,54
62107,49
62108,57
62109,31
62110,38
62111,25
62112,23
62113,19
62114,22
62115,22
62116,43
62117,30
62118,34
62119,26
62120,36
62121,46
62122,38
62123,50
62124,22
62125,55
62126,56
62127,21
62128,35
62129,34
62130,23
62131,27
62132,43
62133,55
62134,45
62135,45
62136,47
62137,56
62138,30
62139,51
62140,54
62141,40
62142,47
62143,37
62144,44
62145,18
62146,20
62147,48
62148,26
62149,41
62150,45
62151,52
62152,20
62153,47
62154,55
62155,62
62156,61
62157,47
62158,34
62159,48
62160,51
62161,35
62162,38
62163,22
62164,58
62165,42
62166,29
62167,27
62168,51
62169,62
62170,55
62171,27
62172,52
62173,28
62174,31
62175,51
62176,18
62177,30
62178,39
62179,35
62180,22
62181,40
62182,19
62183,18
62184,63
62185,18
62186,28
62187,34
62188,32
62189,38
62190,49
62191,51
62192,64
62193,63
62194,54
62195,50
62196,44
62197,51
62198,64
62199,32
62200,18
62201,30
62202,50
62203,50
62204,42
62205,64
62206,54
62207,49
62208,57
62209,31
62210,38
62211,25
62212,23
62213,19
62214,22
62215,22
62216,43
62217,30
62218,34
62219,26
62220,36
62221,46
62222,38
62223,50
62224,22
62225,55
62226,56
62227,21
62228,35
62229,34
62230,23
62231,27
62232,43
62233,55
62234,45
62235,45
62236,47
62237,56
62238,30
62239,51
62240,54
62241,40
62242,47
62243,37
62244,44
62245,18
62246,20
62247,48
62248,26
62249,41
62250,45
62251,52
62252,20
62253,47
62254,55
62255,62
62256,61
62257,47
62258,34
62259,48
62260,51
62261,35
62262,38
62263,22
62264,58
62265,42
62266,29
62267,27
62268,51
62269,62
62270,55
62271,27
62272,52
62273,28
62274,31
62275,51
62276,18
62277,30
62278,39
62279,35
62280,22
62281,40
62282,19
62283,18
62284,63
62285,18
62286,28
62287,34
62288,32
62289,38
62290,49
62291,51
62292,64
62293,63
62294,54
62295,50
62296,44
62297,51
62298,64
62299,32
62300,18
62301,30
62302,50
62303,50
62304,42
62305,64
62306,54
62307,49
62308,57
62309,31
62310,38
62311,25
62312,23
62313,19
62314,22
62315,22
62316,43
62317,30
62318,34
62319,26
62320,36
62321,46
62322,38
62323,50
62324,22
62325,55
62326,56
62327,21
62328,35
62329,34
62330,23
62331,27
62332,43
62333,55
62334,45
62335,45
62336,47
62337,56
62338,30
62339,51
62340,54
62341,40
62342,47
62343,37
62344,44
62345,18
62346,20
62347,48
62348,26
62349,41
62350,45
62351,52
62352,20
62353,47
62354,55
62355,62
62356,61
62357,47
62358,34
62359,48
62360,51
62361,35
62362,38
62363,22
62364,58
62365,42
62366,29
62367,27
62368,51
62369,62
62370,55
62371,27
62372,52
62373,28
62374,31
62375,51
62376,18
62377,30
62378,39
62379,35
62380,22
62381,40
62382,19
62383,18
62384,63
62385,18
62386,28
62387,34
62388,32
62389,38
62390,49
62391,51
62392,64
62393,63
62394,54
62395,50
62396,44
62397,51
62398,64
62399,32
62400,18
62401,30
62402,50
62403,50
62404,42
62405,64
62406,54
62407,49
62408,57
62409,31
62410,38
62411,25
62412,23
62413,19
62414,22
62415,22
62416,43
62417,30
62418,34
62419,26
62420,36
62421,46
62422,38
62423,50
62424,22
62425,55
62426,56
62427,21
62428,35
62429,34
62430,23
62431,27
62432,43
62433,55
62434,45
62435,45
62436,47
62437,56
62438,30
62439,51
62440,54
62441,40
62442,47
62443,37
62444,44
62445,18
62446,20
62447,48
62448,26
62449,41
62450,45
62451,52
62452,20
62453,47
62454,55
62455,62
62456,61
62457,47
62458,34
62459,48
62460,51
62461,35
62462,38
62463,22
62464,58
62465,42
62466,29
62467,27
62468,51
62469,62
62470,55
62471,27
62472,52
62473,28
62474,31
62475,51
62476,18
62477,30
62478,39
62479,35
62480,22
62481,40
62482,19
62483,18
62484,63
62485,18
62486,28
62487,34
62488,32
62489,38
62490,49
62491,51
62492,64
62493,63
62494,54
62495,50
62496,44
62497,51
62498,64
62499,32
62500,18
62501,30
62502,50
62503,50
62504,42
62505,64
62506,54
62507,49
62508,57
62509,31
62510,38
62511,25
62512,23
62513,19
62514,22
62515,22
62516,43
62517,30
62518,34
62519,26
62520,36
62521,46
62522,38
62523,50
62524,22
62525,55
62526,56
62527,21
62528,35
62529,34
62530,23
62531,27
62532,43
62533,55
62534,45
62535,45
62536,47
62537,56
62538,30
62539,51
62540,54
62541,40
62542,47
62543,37
62544,44
62545,18
62546,20
62547,48
62548,26
62549,41
62550,45
62551,52
62552,20
62553,47
62554,55
62555,62
62556,61
62557,47
62558,34
62559,48
62560,51
62561,35
62562,38
62563,22
62564,58
62565,42
62566,29
62567,27
62568,51
62569,62
62570,55
62571,27
62572,52
62573,28
62574,31
62575,51
62576,18
62577,30
62578,39
62579,35
62580,22
62581,40
62582,19
62583,18
62584,63
62585,18
62586,28
62587,34
62588,32
62589,38
62590,49
62591,51
62592,64
62593,63
62594,54
62595,50
62596,44
62597,51
62598,64
62599,32
62600,18
62601,30
62602,50
62603,50
62604,42
62605,64
62606,54
62607,49
62608,57
62609,31
62610,38
62611,25
62612,23
62613,19
62614,22
62615,22
62616,43
62617,30
62618,34
62619,26
62620,36
62621,46
62622,38
62623,50
62624,22
62625,55
62626,56
62627,21
62628,35
62629,34
62630,23
62631,27
62632,43
62633,55
62634,45
62635,45
62636,47
62637,56
62638,30
62639,51
62640,54
62641,40
62642,47
62643,37
62644,44
62645,18
62646,20
62647,48
62648,26
62649,41
62650,45
62651,52
62652,20
62653,47
62654,55
62655,62
62656,61
62657,47
62658,34
62659,48
62660,51
62661,35
62662,38
62663,22
62664,58
62665,42
62666,29
62667,27
62668,51
62669,62
62670,55
62671,27
62672,52
62673,28
62674,31
62675,51
62676,18
62677,30
62678,39
62679,35
62680,22
62681,40
62682,19
62683,18
62684,63
62685,18
62686,28
62687,34
62688,32
62689,38
62690,49
62691,51
62692,64
62693,63
62694,54
62695,50
62696,44
62697,51
62698,64
62699,32
62700,18
62701,30
62702,50
62703,50
62704,42
62705,64
62706,54
62707,49
62708,57
62709,31
62710,38
62711,25
62712,23
62713,19
62714,22
62715,22
62716,43
62717,30
62718,34
62719,26
62720,36
62721,46
62722,38
62723,50
62724,22
62725,55
62726,56
62727,21
62728,35
62729,34
62730,23
62731,27
62732,43
62733,55
62734,45
62735,45
62736,47
62737,56
62738,30
62739,51
62740,54
62741,40
62742,47
62743,37
62744,44
62745,18
62746,20
62747,48
62748,26
62749,41
62750,45
62751,52
62752,20
62753,47
62754,55
62755,62
62756,61
62757,47
62758,34
62759,48
62760,51
62761,35
62762,38
62763,22
62764,58
62765,42
62766,29
62767,27
62768,51
62769,62
62770,55
62771,27
62772,52
62773,28
62774,31
62775,51
62776,18
62777,30
62778,39
62779,35
62780,22
62781,40
62782,19
62783,18
62784,63
62785,18
62786,28
62787,34
62788,32
62789,38
62790,49
62791,51
62792,64
62793,63
62794,54
62795,50
62796,44
62797,51
62798,64
62799,32
62800,18
62801,30
62802,50
62803,50
62804,42
62805,64
62806,54
62807,49
62808,57
62809,31
62810,38
62811,25
62812,23
62813,19
62814,22
62815,22
62816,43
62817,30
62818,34
62819,26
62820,36
62821,46
62822,38
62823,50
62824,22
62825,55
62826,56
62827,21
62828,35
62829,34
62830,23
62831,27
62832,43
62833,55
62834,45
62835,45
62836,47
62837,56
62838,30
62839,51
62840,54
62841,40
62842,47
62843,37
62844,44
62845,18
62846,20
62847,48
62848,26
62849,41
62850,45
62851,52
62852,20
62853,47
62854,55
62855,62
62856,61
62857,47
62858,34
62859,48
62860,51
62861,35
62862,38
62863,22
62864,58
62865,42
62866,29
62867,27
62868,51
62869,62
62870,55
62871,27
62872,52
62873,28
62874,31
62875,51
62876,18
62877,30
62878,39
62879,35
62880,22
62881,40
62882,19
62883,18
62884,63
62885,18
62886,28
62887,34
62888,32
62889,38
62890,49
62891,51
62892,64
62893,63
62894,54
62895,50
62896,44
62897,51
62898,64
62899,32
62900,18
62901,30
62902,50
62903,50
62904,42
62905,64
62906,54
62907,49
62908,57
62909,31
62910,38
62911,25
62912,23
62913,19
62914,22
62915,22
62916,43
62917,30
62918,34
62919,26
62920,36
62921,46
62922,38
62923,50
62924,22
62925,55
62926,56
62927,21
62928,35
62929,34
62930,23
62931,27
62932,43
62933,55
62934,45
62935,45
62936,47
62937,56
62938,30
62939,51
62940,54
62941,40
62942,47
62943,37
62944,44
62945,18
62946,20
62947,48
62948,26
62949,41
62950,45
62951,52
62952,20
62953,47
62954,55
62955,62
62956,61
62957,47
62958,34
62959,48
62960,51
62961,35
62962,38
62963,22
62964,58
62965,42
62966,29
62967,27
62968,51
62969,62
62970,55
62971,27
62972,52
62973,28
62974,31
62975,51
62976,18
62977,30
62978,39
62979,35
62980,22
62981,40
62982,19
62983,18
62984,63
62985,18
62986,28
62987,34
62988,32
62989,38
62990,49
62991,51
62992,64
62993,63
62994,54
62995,50
62996,44
62997,51
62998,64
62999,32
63000,18
63001,30
63002,50
63003,50
63004,42
63005,64
63006,54
63007,49
63008,57
63009,31
63010,38
63011,25
63012,23
63013,19
63014,22
63015,22
63016,43
63017,30
63018,34
63019,26
63020,36
63021,46
63022,38
63023,50
63024,22
63025,55
63026,56
63027,21
63028,35
63029,34
63030,23
63031,27
63032,43
63033,55
63034,45
63035,45
63036,47
63037,56
63038,30
63039,51
63040,54
63041,40
63042,47
63043,37
63044,44
63045,18
63046,20
63047,48
63048,26
63049,41
63050,45
63051,52
63052,20
63053,47
63054,55
63055,62
63056,61
63057,47
63058,34
63059,48
63060,51
63061,35
63062,38
63063,22
63064,58
63065,42
63066,29
63067,27
63068,51
63069,62
63070,55
63071,27
63072,52
63073,28
63074,31
63075,51
63076,18
63077,30
63078,39
63079,35
63080,22
63081,40
63082,19
63083,18
63084,63
63085,18
63086,28
63087,34
63088,32
63089,38
63090,49
63091,51
63092,64
63093,63
63094,54
63095,50
63096,44
63097,51
63098,64
63099,32
63100,18
63101,30
63102,50
63103,50
63104,42
63105,64
63106,54
63107,49
63108,57
63109,31
63110,38
63111,25
63112,23
63113,19
63114,22
63115,22
63116,43
63117,30
63118,34
63119,26
63120,36
63121,46
63122,38
63123,50
63124,22
63125,55
63126,56
63127,21
63128,35
63129,34
63130,23
63131,27
63132,43
63133,55
63134,45
63135,45
63136,47
63137,56
63138,30
63139,51
63140,54
63141,40
63142,47
63143,37
63144,44
63145,18
63146,20
63147,48
63148,26
63149,41
63150,45
63151,52
63152,20
63153,47
63154,55
63155,62
63156,61
63157,47
63158,34
63159,48
63160,51
63161,35
63162,38
63163,22
63164,58
63165,42
63166,29
63167,27
63168,51
63169,62
63170,55
63171,27
63172,52
63173,28
63174,31
63175,51
63176,18
63177,30
63178,39
63179,35
63180,22
63181,40
63182,19
63183,18
63184,63
63185,18
63186,28
63187,34
63188,32
63189,38
63190,49
63191,51
63192,64
63193,63
63194,54
63195,50
63196,44
63197,51
63198,64
63199,32
63200,18
63201,30
63202,50
63203,50
63204,42
63205,64
63206,54
63207,49
63208,57
63209,31
63210,38
63211,25
63212,23
63213,19
63214,22
63215,22
63216,43
63217,30
63218,34
63219,26
63220,36
63221,46
63222,38
63223,50
63224,22
63225,55
63226,56
63227,21
63228,35
63229,34
63230,23
63231,27
63232,43
63233,55
63234,45
63235,45
63236,47
63237,56
63238,30
63239,51
63240,54
63241,40
63242,47
63243,37
63244,44
63245,18
63246,20
63247,48
63248,26
63249,41
63250,45
63251,52
63252,20
63253,47
63254,55
63255,62
63256,61
63257,47
63258,34
63259,48
63260,51
63261,35
63262,38
63263,22
63264,58
63265,42
63266,29
63267,27
63268,51
63269,62
63270,55
63271,27
63272,52
63273,28
63274,31
63275,51
63276,18
63277,30
63278,39
63279,35
63280,22
63281,40
63282,19
63283,18
63284,63
63285,18
63286,28
63287,34
63288,32
63289,38
63290,49
63291,51
63292,64
63293,63
63294,54
63295,50
63296,44
63297,51
63298,64
63299,32
63300,18
63301,30
63302,50
63303,50
63304,42
63305,64
63306,54
63307,49
63308,57
63309,31
63310,38
63311,25
63312,23
63313,19
63314,22
63315,22
63316,43
63317,30
63318,34
63319,26
63320,36
63321,46
63322,38
63323,50
63324,22
63325,55
63326,56
63327,21
63328,35
63329,34
63330,23
63331,27
63332,43
63333,55
63334,45
63335,45
63336,47
63337,56
63338,30
63339,51
63340,54
63341,40
63342,47
63343,37
63344,44
63345,18
63346,20
63347,48
63348,26
63349,41
63350,45
63351,52
63352,20
63353,47
63354,55
63355,62
63356,61
63357,47
63358,34
63359,48
63360,51
63361,35
63362,38
63363,22
63364,58
63365,42
63366,29
63367,27
63368,51
63369,62
63370,55
63371,27
63372,52
63373,28
63374,31
63375,51
63376,18
63377,30
63378,39
63379,35
63380,22
63381,40
63382,19
63383,18
63384,63
63385,18
63386,28
63387,34
63388,32
63389,38
63390,49
63391,51
63392,64
63393,63
63394,54
63395,50
63396,44
63397,51
63398,64
63399,32
63400,18
63401,30
63402,50
63403,50
63404,42
63405,64
63406,54
63407,49
63408,57
63409,31
63410,38
63411,25
63412,23
63413,19
63414,22
63415,22
63416,43
63417,30
63418,34
63419,26
63420,36
63421,46
63422,38
63423,50
63424,22
63425,55
63426,56
63427,21
63428,35
63429,34
63430,23
63431,27
63432,43
63433,55
63434,45
63435,45
63436,47
63437,56
63438,30
63439,51
63440,54
63441,40
63442,47
63443,37
63444,44
63445,18
63446,20
63447,48
63448,26
63449,41
63450,45
63451,52
63452,20
63453,47
63454,55
63455,62
63456,61
63457,47
63458,34
63459,48
63460,51
63461,35
63462,38
63463,22
63464,58
63465,42
63466,29
63467,27
63468,51
63469,62
63470,55
63471,27
63472,52
63473,28
63474,31
63475,51
63476,18
63477,30
63478,39
63479,35
63480,22
63481,40
63482,19
63483,18
63484,63
63485,18
63486,28
63487,34
63488,32
63489,38
63490,49
63491,51
63492,64
63493,63
63494,54
63495,50
63496,44
63497,51
63498,64
63499,32
63500,18
63501,30
63502,50
63503,50
63504,42
63505,64
63506,54
63507,49
63508,57
63509,31
63510,38
63511,25
63512,23
63513,19
63514,22
63515,22
63516,43
63517,30
63518,34
63519,26
63520,36
63521,46
63522,38
63523,50
63524,22
63525,55
63526,56
63527,21
63528,35
63529,34
63530,23
63531,27
63532,43
63533,55
63534,45
63535,45
63536,47
63537,56
63538,30
63539,51
63540,54
63541,40
63542,47
63543,37
63544,44
63545,18
63546,20
63547,48
63548,26
63549,41
63550,45
63551,52
63552,20
63553,47
63554,55
63555,62
63556,61
63557,47
63558,34
63559,48
63560,51
63561,35
63562,38
63563,22
63564,58
63565,42
63566,29
63567,27
63568,51
63569,62
63570,55
63571,27
63572,52
63573,28
63574,31
63575,51
63576,18
63577,30
63578,39
63579,35
63580,22
63581,40
63582,19
63583,18
63584,63
63585,18
63586,28
63587,34
63588,32
63589,38
63590,49
63591,51
63592,64
63593,63
63594,54
63595,50
63596,44
63597,51
63598,64
63599,32
63600,18
63601,30
63602,50
63603,50
63604,42
63605,64
63606,54
63607,49
63608,57
63609,31
63610,38
63611,25
63612,23
63613,19
63614,22
63615,22
63616,43
63617,30
63618,34
63619,26
63620,36
63621,46
63622,38
63623,50
63624,22
63625,55
63626,56
63627,21
63628,35
63629,34
63630,23
63631,27
63632,43
63633,55
63634,45
63635,45
63636,47
63637,56
63638,30
63639,51
63640,54
63641,40
63642,47
63643,37
63644,44
63645,18
63646,20
63647,48
63648,26
63649,41
63650,45
63651,52
63652,20
63653,47
63654,55
63655,62
63656,61
63657,47
63658,34
63659,48
63660,51
63661,35
63662,38
63663,22
63664,58
63665,42
63666,29
63667,27
63668,51
63669,62
63670,55
63671,27
63672,52
63673,28
63674,31
63675,51
63676,18
63677,30
63678,39
63679,35
63680,22
63681,40
63682,19
63683,18
63684,63
63685,18
63686,28
63687,34
63688,32
63689,38
63690,49
63691,51
63692,64
63693,63
63694,54
63695,50
63696,44
63697,51
63698,64
63699,32
63700,18
63701,30
63702,50
63703,50
63704,42
63705,64
63706,54
63707,49
63708,57
63709,31
63710,38
63711,25
63712,23
63713,19
63714,22
63715,22
63716,43
63717,30
63718,34
63719,26
63720,36
63721,46
63722,38
63723,50
63724,22
63725,55
63726,56
63727,21
63728,35
63729,34
63730,23
63731,27
63732,43
63733,55
63734,45
63735,45
63736,47
63737,56
63738,30
63739,51
63740,54
63741,40
63742,47
63743,37
63744,44
63745,18
63746,20
63747,48
63748,26
63749,41
63750,45
63751,52
63752,20
63753,47
63754,55
63755,62
63756,61
63757,47
63758,34
63759,48
63760,51
63761,35
63762,38
63763,22
63764,58
63765,42
63766,29
63767,27
63768,51
63769,62
63770,55
63771,27
63772,52
63773,28
63774,31
63775,51
63776,18
63777,30
63778,39
63779,35
63780,22
63781,40
63782,19
63783,18
63784,63
63785,18
63786,28
63787,34
63788,32
63789,38
63790,49
63791,51
63792,64
63793,63
63794,54
63795,50
63796,44
63797,51
63798,64
63799,32
63800,18
63801,30
63802,50
63803,50
63804,42
63805,64
63806,54
63807,49
63808,57
63809,31
63810,38
63811,25
63812,23
63813,19
63814,22
63815,22
63816,43
63817,30
63818,34
63819,26
63820,36
63821,46
63822,38
63823,50
63824,22
63825,55
63826,56
63827,21
63828,35
63829,34
63830,23
63831,27
63832,43
63833,55
63834,45
63835,45
63836,47
63837,56
63838,30
63839,51
63840,54
63841,40
63842,47
63843,37
63844,44
63845,18
63846,20
63847,48
63848,26
63849,41
63850,45
63851,52
63852,20
63853,47
63854,55
63855,62
63856,61
63857,47
63858,34
63859,48
63860,51
63861,35
63862,38
63863,22
63864,58
63865,42
63866,29
63867,27
63868,51
63869,62
63870,55
63871,27
63872,52
63873,28
63874,31
63875,51
63876,18
63877,30
63878,39
63879,35
63880,22
63881,40
63882,19
63883,18
63884,63
63885,18
63886,28
63887,34
63888,32
63889,38
63890,49
63891,51
63892,64
63893,63
63894,54
63895,50
63896,44
63897,51
63898,64
63899,32
63900,18
63901,30
63902,50
63903,50
63904,42
63905,64
63906,54
63907,49
63908,57
63909,31
63910,38
63911,25
63912,23
63913,19
63914,22
63915,22
63916,43
63917,30
63918,34
63919,26
63920,36
63921,46
63922,38
63923,50
63924,22
63925,55
63926,56
63927,21
63928,35
63929,34
63930,23
63931,27
63932,43
63933,55
63934,45
63935,45
63936,47
63937,56
63938,30
63939,51
63940,54
63941,40
63942,47
63943,37
63944,44
63945,18
63946,20
63947,48
63948,26
63949,41
63950,45
63951,52
63952,20
63953,47
63954,55
63955,62
63956,61
63957,47
63958,34
63959,48
63960,51
63961,35
63962,38
63963,22
63964,58
63965,42
63966,29
63967,27
63968,51
63969,62
63970,55
63971,27
63972,52
63973,28
63974,31
63975,51
63976,18
63977,30
63978,39
63979,35
63980,22
63981,40
63982,19
63983,18
63984,63
63985,18
63986,28
63987,34
63988,32
63989,38
63990,49
63991,51
63992,64
63993,63
63994,54
63995,50
63996,44
63997,51
63998,64
63999,32
64000,18
64001,30
64002,50
64003,50
64004,42
64005,64
64006,54
64007,49
64008,57
64009,31
64010,38
64011,25
64012,23
64013,19
64014,22
64015,22
64016,43
64017,30
64018,34
64019,26
64020,36
64021,46
64022,38
64023,50
64024,22
64025,55
64026,56
64027,21
64028,35
64029,34
64030,23
64031,27
64032,43
64033,55
64034,45
64035,45
64036,47
64037,56
64038,30
64039,51
64040,54
64041,40
64042,47
64043,37
64044,44
64045,18
64046,20
64047,48
64048,26
64049,41
64050,45
64051,52
64052,20
64053,47
64054,55
64055,62
64056,61
64057,47
64058,34
64059,48
64060,51
64061,35
64062,38
64063,22
64064,58
64065,42
64066,29
64067,27
64068,51
64069,62
64070,55
64071,27
64072,52
64073,28
64074,31
64075,51
64076,18
64077,30
64078,39
64079,35
64080,22
64081,40
64082,19
64083,18
64084,63
64085,18
64086,28
64087,34
64088,32
64089,38
64090,49
64091,51
64092,64
64093,63
64094,54
64095,50
64096,44
64097,51
64098,64
64099,32
64100,18
64101,30
64102,50
64103,50
64104,42
64105,64
64106,54
64107,49
64108,57
64109,31
64110,38
64111,25
64112,23
64113,19
64114,22
64115,22
64116,43
64117,30
64118,34
64119,26
64120,36
64121,46
64122,38
64123,50
64124,22
64125,55
64126,56
64127,21
64128,35
64129,34
64130,23
64131,27
64132,43
64133,55
64134,45
64135,45
64136,47
64137,56
64138,30
64139,51
64140,54
64141,40
64142,47
64143,37
64144,44
64145,18
64146,20
64147,48
64148,26
64149,41
64150,45
64151,52
64152,20
64153,47
64154,55
64155,62
64156,61
64157,47
64158,34
64159,48
64160,51
64161,35
64162,38
64163,22
64164,58
64165,42
64166,29
64167,27
64168,51
64169,62
64170,55
64171,27
64172,52
64173,28
64174,31
64175,51
64176,18
64177,30
64178,39
64179,35
64180,22
64181,40
64182,19
64183,18
64184,63
64185,18
64186,28
64187,34
64188,32
64189,38
64190,49
64191,51
64192,64
64193,63
64194,54
64195,50
64196,44
64197,51
64198,64
64199,32
64200,18
64201,30
64202,50
64203,50
64204,42
64205,64
64206,54
64207,49
64208,57
64209,31
64210,38
64211,25
64212,23
64213,19
64214,22
64215,22
64216,43
64217,30
64218,34
64219,26
64220,36
64221,46
64222,38
64223,50
64224,22
64225,55
64226,56
64227,21
64228,35
64229,34
64230,23
64231,27
64232,43
64233,55
64234,45
64235,45
64236,47
64237,56
64238,30
64239,51
64240,54
64241,40
64242,47
64243,37
64244,44
64245,18
64246,20
64247,48
64248,26
64249,41
64250,45
64251,52
64252,20
64253,47
64254,55
64255,62
64256,61
64257,47
64258,34
64259,48
64260,51
64261,35
64262,38
64263,22
64264,58
64265,42
64266,29
64267,27
64268,51
64269,62
64270,55
64271,27
64272,52
64273,28
64274,31
64275,51
64276,18
64277,30
64278,39
64279,35
64280,22
64281,40
64282,19
64283,18
64284,63
64285,18
64286,28
64287,34
64288,32
64289,38
64290,49
64291,51
64292,64
64293,63
64294,54
64295,50
64296,44
64297,51
64298,64
64299,32
64300,18
64301,30
64302,50
64303,50
64304,42
64305,64
64306,54
64307,49
64308,57
64309,31
64310,38
64311,25
64312,23
64313,19
64314,22
64315,22
64316,43
64317,30
64318,34
64319,26
64320,36
64321,46
64322,38
64323,50
64324,22
64325,55
64326,56
64327,21
64328,35
64329,34
64330,23
64331,27
64332,43
64333,55
64334,45
64335,45
64336,47
64337,56
64338,30
64339,51
64340,54
64341,40
64342,47
64343,37
64344,44
64345,18
64346,20
64347,48
64348,26
64349,41
64350,45
64351,52
64352,20
64353,47
64354,55
64355,62
64356,61
64357,47
64358,34
64359,48
64360,51
64361,35
64362,38
64363,22
64364,58
64365,42
64366,29
64367,27
64368,51
64369,62
64370,55
64371,27
64372,52
64373,28
64374,31
64375,51
64376,18
64377,30
64378,39
64379,35
64380,22
64381,40
64382,19
64383,18
64384,63
64385,18
64386,28
64387,34
64388,32
64389,38
64390,49
64391,51
64392,64
64393,63
64394,54
64395,50
64396,44
64397,51
64398,64
64399,32
64400,18
64401,30
64402,50
64403,50
64404,42
64405,64
64406,54
64407,49
64408,57
64409,31
64410,38
64411,25
64412,23
64413,19
64414,22
64415,22
64416,43
64417,30
64418,34
64419,26
64420,36
64421,46
64422,38
64423,50
64424,22
64425,55
64426,56
64427,21
64428,35
64429,34
64430,23
64431,27
64432,43
64433,55
64434,45
64435,45
64436,47
64437,56
64438,30
64439,51
64440,54
64441,40
64442,47
64443,37
64444,44
64445,18
64446,20
64447,48
64448,26
64449,41
64450,45
64451,52
64452,20
64453,47
64454,55
64455,62
64456,61
64457,47
64458,34
64459,48
64460,51
64461,35
64462,38
64463,22
64464,58
64465,42
64466,29
64467,27
64468,51
64469,62
64470,55
64471,27
64472,52
64473,28
64474,31
64475,51
64476,18
64477,30
64478,39
64479,35
64480,22
64481,40
64482,19
64483,18
64484,63
64485,18
64486,28
64487,34
64488,32
64489,38
64490,49
64491,51
64492,64
64493,63
64494,54
64495,50
64496,44
64497,51
64498,64
64499,32
64500,18
64501,30
64502,50
64503,50
64504,42
64505,64
64506,54
64507,49
64508,57
64509,31
64510,38
64511,25
64512,23
64513,19
64514,22
64515,22
64516,43
64517,30
64518,34
64519,26
64520,36
64521,46
64522,38
64523,50
64524,22
64525,55
64526,56
64527,21
64528,35
64529,34
64530,23
64531,27
64532,43
64533,55
64534,45
64535,45
64536,47
64537,56
64538,30
64539,51
64540,54
64541,40
64542,47
64543,37
64544,44
64545,18
64546,20
64547,48
64548,26
64549,41
64550,45
64551,52
64552,20
64553,47
64554,55
64555,62
64556,61
64557,47
64558,34
64559,48
64560,51
64561,35
64562,38
64563,22
64564,58
64565,42
64566,29
64567,27
64568,51
64569,62
64570,55
64571,27
64572,52
64573,28
64574,31
64575,51
64576,18
64577,30
64578,39
64579,35
64580,22
64581,40
64582,19
64583,18
64584,63
64585,18
64586,28
64587,34
64588,32
64589,38
64590,49
64591,51
64592,64
64593,63
64594,54
64595,50
64596,44
64597,51
64598,64
64599,32
64600,18
64601,30
64602,50
64603,50
64604,42
64605,64
64606,54
64607,49
64608,57
64609,31
64610,38
64611,25
64612,23
64613,19
64614,22
64615,22
64616,43
64617,30
64618,34
64619,26
64620,36
64621,46
64622,38
64623,50
64624,22
64625,55
64626,56
64627,21
64628,35
64629,34
64630,23
64631,27
64632,43
64633,55
64634,45
64635,45
64636,47
64637,56
64638,30
64639,51
64640,54
64641,40
64642,47
64643,37
64644,44
64645,18
64646,20
64647,48
64648,26
64649,41
64650,45
64651,52
64652,20
64653,47
64654,55
64655,62
64656,61
64657,47
64658,34
64659,48
64660,51
64661,35
64662,38
64663,22
64664,58
64665,42
64666,29
64667,27
64668,51
64669,62
64670,55
64671,27
64672,52
64673,28
64674,31
64675,51
64676,18
64677,30
64678,39
64679,35
64680,22
64681,40
64682,19
64683,18
64684,63
64685,18
64686,28
64687,34
64688,32
64689,38
64690,49
64691,51
64692,64
64693,63
64694,54
64695,50
64696,44
64697,51
64698,64
64699,32
64700,18
64701,30
64702,50
64703,50
64704,42
64705,64
64706,54
64707,49
64708,57
64709,31
64710,38
64711,25
64712,23
64713,19
64714,22
64715,22
64716,43
64717,30
64718,34
64719,26
64720,36
64721,46
64722,38
64723,50
64724,22
64725,55
64726,56
64727,21
64728,35
64729,34
64730,23
64731,27
64732,43
64733,55
64734,45
64735,45
64736,47
64737,56
64738,30
64739,51
64740,54
64741,40
64742,47
64743,37
64744,44
64745,18
64746,20
64747,48
64748,26
64749,41
64750,45
64751,52
64752,20
64753,47
64754,55
64755,62
64756,61
64757,47
64758,34
64759,48
64760,51
64761,35
64762,38
64763,22
64764,58
64765,42
64766,29
64767,27
64768,51
64769,62
64770,55
64771,27
64772,52
64773,28
64774,31
64775,51
64776,18
64777,30
64778,39
64779,35
64780,22
64781,40
64782,19
64783,18
64784,63
64785,18
64786,28
64787,34
64788,32
64789,38
64790,49
64791,51
64792,64
64793,63
64794,54
64795,50
64796,44
64797,51
64798,64
64799,32
64800,18
64801,30
64802,50
64803,50
64804,42
64805,64
64806,54
64807,49
64808,57
64809,31
64810,38
64811,25
64812,23
64813,19
64814,22
64815,22
64816,43
64817,30
64818,34
64819,26
64820,36
64821,46
64822,38
64823,50
64824,22
64825,55
64826,56
64827,21
64828,35
64829,34
64830,23
64831,27
64832,43
64833,55
64834,45
64835,45
64836,47
64837,56
64838,30
64839,51
64840,54
64841,40
64842,47
64843,37
64844,44
64845,18
64846,20
64847,48
64848,26
64849,41
64850,45
64851,52
64852,20
64853,47
64854,55
64855,62
64856,61
64857,47
64858,34
64859,48
64860,51
64861,35
64862,38
64863,22
64864,58
64865,42
64866,29
64867,27
64868,51
64869,62
64870,55
64871,27
64872,52
64873,28
64874,31
64875,51
64876,18
64877,30
64878,39
64879,35
64880,22
64881,40
64882,19
64883,18
64884,63
64885,18
64886,28
64887,34
64888,32
64889,38
64890,49
64891,51
64892,64
64893,63
64894,54
64895,50
64896,44
64897,51
64898,64
64899,32
64900,18
64901,30
64902,50
64903,50
64904,42
64905,64
64906,54
64907,49
64908,57
64909,31
64910,38
64911,25
64912,23
64913,19
64914,22
64915,22
64916,43
64917,30
64918,34
64919,26
64920,36
64921,46
64922,38
64923,50
64924,22
64925,55
64926,56
64927,21
64928,35
64929,34
64930,23
64931,27
64932,43
64933,55
64934,45
64935,45
64936,47
64937,56
64938,30
64939,51
64940,54
64941,40
64942,47
64943,37
64944,44
64945,18
64946,20
64947,48
64948,26
64949,41
64950,45
64951,52
64952,20
64953,47
64954,55
64955,62
64956,61
64957,47
64958,34
64959,48
64960,51
64961,35
64962,38
64963,22
64964,58
64965,42
64966,29
64967,27
64968,51
64969,62
64970,55
64971,27
64972,52
64973,28
64974,31
64975,51
64976,18
64977,30
64978,39
64979,35
64980,22
64981,40
64982,19
64983,18
64984,63
64985,18
64986,28
64987,34
64988,32
64989,38
64990,49
64991,51
64992,64
64993,63
64994,54
64995,50
64996,44
64997,51
64998,64
64999,32
65000,18
65001,30
65002,50
65003,50
65004,42
65005,64
65006,54
65007,49
65008,57
65009,31
65010,38
65011,25
65012,23
65013,19
65014,22
65015,22
65016,43
65017,30
65018,34
65019,26
65020,36
65021,46
65022,38
65023,50
65024,22
65025,55
65026,56
65027,21
65028,35
65029,34
65030,23
65031,27
65032,43
65033,55
65034,45
65035,45
65036,47
65037,56
65038,30
65039,51
65040,54
65041,40
65042,47
65043,37
65044,44
65045,18
65046,20
65047,48
65048,26
65049,41
65050,45
65051,52
65052,20
65053,47
65054,55
65055,62
65056,61
65057,47
65058,34
65059,48
65060,51
65061,35
65062,38
65063,22
65064,58
65065,42
65066,29
65067,27
65068,51
65069,62
65070,55
65071,27
65072,52
65073,28
65074,31
65075,51
65076,18
65077,30
65078,39
65079,35
65080,22
65081,40
65082,19
65083,18
65084,63
65085,18
65086,28
65087,34
65088,32
65089,38
65090,49
65091,51
65092,64
65093,63
65094,54
65095,50
65096,44
65097,51
65098,64
65099,32
65100,18
65101,30
65102,50
65103,50
65104,42
65105,64
65106,54
65107,49
65108,57
65109,31
65110,38
65111,25
65112,23
65113,19
65114,22
65115,22
65116,43
65117,30
65118,34
65119,26
65120,36
65121,46
65122,38
65123,50
65124,22
65125,55
65126,56
65127,21
65128,35
65129,34
65130,23
65131,27
65132,43
65133,55
65134,45
65135,45
65136,47
65137,56
65138,30
65139,51
65140,54
65141,40
65142,47
65143,37
65144,44
65145,18
65146,20
65147,48
65148,26
65149,41
65150,45
65151,52
65152,20
65153,47
65154,55
65155,62
65156,61
65157,47
65158,34
65159,48
65160,51
65161,35
65162,38
65163,22
65164,58
65165,42
65166,29
65167,27
65168,51
65169,62
65170,55
65171,27
65172,52
65173,28
65174,31
65175,51
65176,18
65177,30
65178,39
65179,35
65180,22
65181,40
65182,19
65183,18
65184,63
65185,18
65186,28
65187,34
65188,32
65189,38
65190,49
65191,51
65192,64
65193,63
65194,54
65195,50
65196,44
65197,51
65198,64
65199,32
65200,18
65201,30
65202,50
65203,50
65204,42
65205,64
65206,54
65207,49
65208,57
65209,31
65210,38
65211,25
65212,23
65213,19
65214,22
65215,22
65216,43
65217,30
65218,34
65219,26
65220,36
65221,46
65222,38
65223,50
65224,22
65225,55
65226,56
65227,21
65228,35
65229,34
65230,23
65231,27
65232,43
65233,55
65234,45
65235,45
65236,47
65237,56
65238,30
65239,51
65240,54
65241,40
65242,47
65243,37
65244,44
65245,18
65246,20
65247,48
65248,26
65249,41
65250,45
65251,52
65252,20
65253,47
65254,55
65255,62
65256,61
65257,47
65258,34
65259,48
65260,51
65261,35
65262,38
65263,22
65264,58
65265,42
65266,29
65267,27
65268,51
65269,62
65270,55
65271,27
65272,52
65273,28
65274,31
65275,51
65276,18
65277,30
65278,39
65279,35
65280,22
65281,40
65282,19
65283,18
65284,63
65285,18
65286,28
65287,34
65288,32
65289,38
65290,49
65291,51
65292,64
65293,63
65294,54
65295,50
65296,44
65297,51
65298,64
65299,32
65300,18
65301,30
65302,50
65303,50
65304,42
65305,64
65306,54
65307,49
65308,57
65309,31
65310,38
65311,25
65312,23
65313,19
65314,22
65315,22
65316,43
65317,30
65318,34
65319,26
65320,36
65321,46
65322,38
65323,50
65324,22
65325,55
65326,56
65327,21
65328,35
65329,34
65330,23
65331,27
65332,43
65333,55
65334,45
65335,45
65336,47
65337,56
65338,30
65339,51
65340,54
65341,40
65342,47
65343,37
65344,44
65345,18
65346,20
65347,48
65348,26
65349,41
65350,45
65351,52
65352,20
65353,47
65354,55
65355,62
65356,61
65357,47
65358,34
65359,48
65360,51
65361,35
65362,38
65363,22
65364,58
65365,42
65366,29
65367,27
65368,51
65369,62
65370,55
65371,27
65372,52
65373,28
65374,31
65375,51
65376,18
65377,30
65378,39
65379,35
65380,22
65381,40
65382,19
65383,18
65384,63
65385,18
65386,28
65387,34
65388,32
65389,38
65390,49
65391,51
65392,64
65393,63
65394,54
65395,50
65396,44
65397,51
65398,64
65399,32
65400,18
65401,30
65402,50
65403,50
65404,42
65405,64
65406,54
65407,49
65408,57
65409,31
65410,38
65411,25
65412,23
65413,19
65414,22
65415,22
65416,43
65417,30
65418,34
65419,26
65420,36
65421,46
65422,38
65423,50
65424,22
65425,55
65426,56
65427,21
65428,35
65429,34
65430,23
65431,27
65432,43
65433,55
65434,45
65435,45
65436,47
65437,56
65438,30
65439,51
65440,54
65441,40
65442,47
65443,37
65444,44
65445,18
65446,20
65447,48
65448,26
65449,41
65450,45
65451,52
65452,20
65453,47
65454,55
65455,62
65456,61
65457,47
65458,34
65459,48
65460,51
65461,35
65462,38
65463,22
65464,58
65465,42
65466,29
65467,27
65468,51
65469,62
65470,55
65471,27
65472,52
65473,28
65474,31
65475,51
65476,18
65477,30
65478,39
65479,35
65480,22
65481,40
65482,19
65483,18
65484,63
65485,18
65486,28
65487,34
65488,32
65489,38
65490,49
65491,51
65492,64
65493,63
65494,54
65495,50
65496,44
65497,51
65498,64
65499,32
65500,18
65501,30
65502,50
65503,50
65504,42
65505,64
65506,54
65507,49
65508,57
65509,31
65510,38
65511,25
65512,23
65513,19
65514,22
65515,22
65516,43
65517,30
65518,34
65519,26
65520,36
65521,46
65522,38
65523,50
65524,22
65525,55
65526,56
65527,21
65528,35
65529,34
65530,23
65531,27
65532,43
65533,55
65534,45
65535,45
65536,47
65537,56
65538,30
65539,51
65540,54
65541,40
65542,47
65543,37
65544,44
65545,18
65546,20
65547,48
65548,26
65549,41
65550,45
65551,52
65552,20
65553,47
65554,55
65555,62
65556,61
65557,47
65558,34
65559,48
65560,51
65561,35
65562,38
65563,22
65564,58
65565,42
65566,29
65567,27
65568,51
65569,62
65570,55
65571,27
65572,52
65573,28
65574,31
65575,51
65576,18
65577,30
65578,39
65579,35
65580,22
65581,40
65582,19
65583,18
65584,63
65585,18
65586,28
65587,34
65588,32
65589,38
65590,49
65591,51
65592,64
65593,63
65594,54
65595,50
65596,44
65597,51
65598,64
65599,32
65600,18
65601,30
65602,50
65603,50
65604,42
65605,64
65606,54
65607,49
65608,57
65609,31
65610,38
65611,25
65612,23
65613,19
65614,22
65615,22
65616,43
65617,30
65618,34
65619,26
65620,36
65621,46
65622,38
65623,50
65624,22
65625,55
65626,56
65627,21
65628,35
65629,34
65630,23
65631,27
65632,43
65633,55
65634,45
65635,45
65636,47
65637,56
65638,30
65639,51
65640,54
65641,40
65642,47
65643,37
65644,44
65645,18
65646,20
65647,48
65648,26
65649,41
65650,45
65651,52
65652,20
65653,47
65654,55
65655,62
65656,61
65657,47
65658,34
65659,48
65660,51
65661,35
65662,38
65663,22
65664,58
65665,42
65666,29
65667,27
65668,51
65669,62
65670,55
65671,27
65672,52
65673,28
65674,31
65675,51
65676,18
65677,30
65678,39
65679,35
65680,22
65681,40
65682,19
65683,18
65684,63
65685,18
65686,28
65687,34
65688,32
65689,38
65690,49
65691,51
65692,64
65693,63
65694,54
65695,50
65696,44
65697,51
65698,64
65699,32
65700,18
65701,30
65702,50
65703,50
65704,42
65705,64
65706,54
65707,49
65708,57
65709,31
65710,38
65711,25
65712,23
65713,19
65714,22
65715,22
65716,43
65717,30
65718,34
65719,26
65720,36
65721,46
65722,38
65723,50
65724,22
65725,55
65726,56
65727,21
65728,35
65729,34
65730,23
65731,27
65732,43
65733,55
65734,45
65735,45
65736,47
65737,56
65738,30
65739,51
65740,54
65741,40
65742,47
65743,37
65744,44
65745,18
65746,20
65747,48
65748,26
65749,41
65750,45
65751,52
65752,20
65753,47
65754,55
65755,62
65756,61
65757,47
65758,34
65759,48
65760,51
65761,35
65762,38
65763,22
65764,58
65765,42
65766,29
65767,27
65768,51
65769,62
65770,55
65771,27
65772,52
65773,28
65774,31
65775,51
65776,18
65777,30
65778,39
65779,35
65780,22
65781,40
65782,19
65783,18
65784,63
65785,18
65786,28
65787,34
65788,32
65789,38
65790,49
65791,51
65792,64
65793,63
65794,54
65795,50
65796,44
65797,51
65798,64
65799,32
65800,18
65801,30
65802,50
65803,50
65804,42
65805,64
65806,54
65807,49
65808,57
65809,31
65810,38
65811,25
65812,23
65813,19
65814,22
65815,22
65816,43
65817,30
65818,34
65819,26
65820,36
65821,46
65822,38
65823,50
65824,22
65825,55
65826,56
65827,21
65828,35
65829,34
65830,23
65831,27
65832,43
65833,55
65834,45
65835,45
65836,47
65837,56
65838,30
65839,51
65840,54
65841,40
65842,47
65843,37
65844,44
65845,18
65846,20
65847,48
65848,26
65849,41
65850,45
65851,52
65852,20
65853,47
65854,55
65855,62
65856,61
65857,47
65858,34
65859,48
65860,51
65861,35
65862,38
65863,22
65864,58
65865,42
65866,29
65867,27
65868,51
65869,62
65870,55
65871,27
65872,52
65873,28
65874,31
65875,51
65876,18
65877,30
65878,39
65879,35
65880,22
65881,40
65882,19
65883,18
65884,63
65885,18
65886,28
65887,34
65888,32
65889,38
65890,49
65891,51
65892,64
65893,63
65894,54
65895,50
65896,44
65897,51
65898,64
65899,32
65900,18
65901,30
65902,50
65903,50
65904,42
65905,64
65906,54
65907,49
65908,57
65909,31
65910,38
65911,25
65912,23
65913,19
65914,22
65915,22
65916,43
65917,30
65918,34
65919,26
65920,36
65921,46
65922,38
65923,50
65924,22
65925,55
65926,56
65927,21
65928,35
65929,34
65930,23
65931,27
65932,43
65933,55
65934,45
65935,45
65936,47
65937,56
65938,30
65939,51
65940,54
65941,40
65942,47
65943,37
65944,44
65945,18
65946,20
65947,48
65948,26
65949,41
65950,45
65951,52
65952,20
65953,47
65954,55
65955,62
65956,61
65957,47
65958,34
65959,48
65960,51
65961,35
65962,38
65963,22
65964,58
65965,42
65966,29
65967,27
65968,51
65969,62
65970,55
65971,27
65972,52
65973,28
65974,31
65975,51
65976,18
65977,30
65978,39
65979,35
65980,22
65981,40
65982,19
65983,18
65984,63
65985,18
65986,28
65987,34
65988,32
65989,38
65990,49
65991,51
65992,64
65993,63
65994,54
65995,50
65996,44
65997,51
65998,64
65999,32
66000,18
66001,30
66002,50
66003,50
66004,42
66005,64
66006,54
66007,49
66008,57
66009,31
66010,38
66011,25
66012,23
66013,19
66014,22
66015,22
66016,43
66017,30
66018,34
66019,26
66020,36
66021,46
66022,38
66023,50
66024,22
66025,55
66026,56
66027,21
66028,35
66029,34
66030,23
66031,27
66032,43
66033,55
66034,45
66035,45
66036,47
66037,56
66038,30
66039,51
66040,54
66041,40
66042,47
66043,37
66044,44
66045,18
66046,20
66047,48
66048,26
66049,41
66050,45
66051,52
66052,20
66053,47
66054,55
66055,62
66056,61
66057,47
66058,34
66059,48
66060,51
66061,35
66062,38
66063,22
66064,58
66065,42
66066,29
66067,27
66068,51
66069,62
66070,55
66071,27
66072,52
66073,28
66074,31
66075,51
66076,18
66077,30
66078,39
66079,35
66080,22
66081,40
66082,19
66083,18
66084,63
66085,18
66086,28
66087,34
66088,32
66089,38
66090,49
66091,51
66092,64
66093,63
66094,54
66095,50
66096,44
66097,51
66098,64
66099,32
66100,18
66101,30
66102,50
66103,50
66104,42
66105,64
66106,54
66107,49
66108,57
66109,31
66110,38
66111,25
66112,23
66113,19
66114,22
66115,22
66116,43
66117,30
66118,34
66119,26
66120,36
66121,46
66122,38
66123,50
66124,22
66125,55
66126,56
66127,21
66128,35
66129,34
66130,23
66131,27
66132,43
66133,55
66134,45
66135,45
66136,47
66137,56
66138,30
66139,51
66140,54
66141,40
66142,47
66143,37
66144,44
66145,18
66146,20
66147,48
66148,26
66149,41
66150,45
66151,52
66152,20
66153,47
66154,55
66155,62
66156,61
66157,47
66158,34
66159,48
66160,51
66161,35
66162,38
66163,22
66164,58
66165,42
66166,29
66167,27
66168,51
66169,62
66170,55
66171,27
66172,52
66173,28
66174,31
66175,51
66176,18
66177,30
66178,39
66179,35
66180,22
66181,40
66182,19
66183,18
66184,63
66185,18
66186,28
66187,34
66188,32
66189,38
66190,49
66191,51
66192,64
66193,63
66194,54
66195,50
66196,44
66197,51
66198,64
66199,32
66200,18
66201,30
66202,50
66203,50
66204,42
66205,64
66206,54
66207,49
66208,57
66209,31
66210,38
66211,25
66212,23
66213,19
66214,22
66215,22
66216,43
66217,30
66218,34
66219,26
66220,36
66221,46
66222,38
66223,50
66224,22
66225,55
66226,56
66227,21
66228,35
66229,34
66230,23
66231,27
66232,43
66233,55
66234,45
66235,45
66236,47
66237,56
66238,30
66239,51
66240,54
66241,40
66242,47
66243,37
66244,44
66245,18
66246,20
66247,48
66248,26
66249,41
66250,45
66251,52
66252,20
66253,47
66254,55
66255,62
66256,61
66257,47
66258,34
66259,48
66260,51
66261,35
66262,38
66263,22
66264,58
66265,42
66266,29
66267,27
66268,51
66269,62
66270,55
66271,27
66272,52
66273,28
66274,31
66275,51
66276,18
66277,30
66278,39
66279,35
66280,22
66281,40
66282,19
66283,18
66284,63
66285,18
66286,28
66287,34
66288,32
66289,38
66290,49
66291,51
66292,64
66293,63
66294,54
66295,50
66296,44
66297,51
66298,64
66299,32
66300,18
66301,30
66302,50
66303,50
66304,42
66305,64
66306,54
66307,49
66308,57
66309,31
66310,38
66311,25
66312,23
66313,19
66314,22
66315,22
66316,43
66317,30
66318,34
66319,26
66320,36
66321,46
66322,38
66323,50
66324,22
66325,55
66326,56
66327,21
66328,35
66329,34
66330,23
66331,27
66332,43
66333,55
66334,45
66335,45
66336,47
66337,56
66338,30
66339,51
66340,54
66341,40
66342,47
66343,37
66344,44
66345,18
66346,20
66347,48
66348,26
66349,41
66350,45
66351,52
66352,20
66353,47
66354,55
66355,62
66356,61
66357,47
66358,34
66359,48
66360,51
66361,35
66362,38
66363,22
66364,58
66365,42
66366,29
66367,27
66368,51
66369,62
66370,55
66371,27
66372,52
66373,28
66374,31
66375,51
66376,18
66377,30
66378,39
66379,35
66380,22
66381,40
66382,19
66383,18
66384,63
66385,18
66386,28
66387,34
66388,32
66389,38
66390,49
66391,51
66392,64
66393,63
66394,54
66395,50
66396,44
66397,51
66398,64
66399,32
66400,18
66401,30
66402,50
66403,50
66404,42
66405,64
66406,54
66407,49
66408,57
66409,31
66410,38
66411,25
66412,23
66413,19
66414,22
66415,22
66416,43
66417,30
66418,34
66419,26
66420,36
66421,46
66422,38
66423,50
66424,22
66425,55
66426,56
66427,21
66428,35
66429,34
66430,23
66431,27
66432,43
66433,55
66434,45
66435,45
66436,47
66437,56
66438,30
66439,51
66440,54
66441,40
66442,47
66443,37
66444,44
66445,18
66446,20
66447,48
66448,26
66449,41
66450,45
66451,52
66452,20
66453,47
66454,55
66455,62
66456,61
66457,47
66458,34
66459,48
66460,51
66461,35
66462,38
66463,22
66464,58
66465,42
66466,29
66467,27
66468,51
66469,62
66470,55
66471,27
66472,52
66473,28
66474,31
66475,51
66476,18
66477,30
66478,39
66479,35
66480,22
66481,40
66482,19
66483,18
66484,63
66485,18
66486,28
66487,34
66488,32
66489,38
66490,49
66491,51
66492,64
66493,63
66494,54
66495,50
66496,44
66497,51
66498,64
66499,32
66500,18
66501,30
66502,50
66503,50
66504,42
66505,64
66506,54
66507,49
66508,57
66509,31
66510,38
66511,25
66512,23
66513,19
66514,22
66515,22
66516,43
66517,30
66518,34
66519,26
66520,36
66521,46
66522,38
66523,50
66524,22
66525,55
66526,56
66527,21
66528,35
66529,34
66530,23
66531,27
66532,43
66533,55
66534,45
66535,45
66536,47
66537,56
66538,30
66539,51
66540,54
66541,40
66542,47
66543,37
66544,44
66545,18
66546,20
66547,48
66548,26
66549,41
66550,45
66551,52
66552,20
66553,47
66554,55
66555,62
66556,61
66557,47
66558,34
66559,48
66560,51
66561,35
66562,38
66563,22
66564,58
66565,42
66566,29
66567,27
66568,51
66569,62
66570,55
66571,27
66572,52
66573,28
66574,31
66575,51
66576,18
66577,30
66578,39
66579,35
66580,22
66581,40
66582,19
66583,18
66584,63
66585,18
66586,28
66587,34
66588,32
66589,38
66590,49
66591,51
66592,64
66593,63
66594,54
66595,50
66596,44
66597,51
66598,64
66599,32
66600,18
66601,30
66602,50
66603,50
66604,42
66605,64
66606,54
66607,49
66608,57
66609,31
66610,38
66611,25
66612,23
66613,19
66614,22
66615,22
66616,43
66617,30
66618,34
66619,26
66620,36
66621,46
66622,38
66623,50
66624,22
66625,55
66626,56
66627,21
66628,35
66629,34
66630,23
66631,27
66632,43
66633,55
66634,45
66635,45
66636,47
66637,56
66638,30
66639,51
66640,54
66641,40
66642,47
66643,37
66644,44
66645,18
66646,20
66647,48
66648,26
66649,41
66650,45
66651,52
66652,20
66653,47
66654,55
66655,62
66656,61
66657,47
66658,34
66659,48
66660,51
66661,35
66662,38
66663,22
66664,58
66665,42
66666,29
66667,27
66668,51
66669,62
66670,55
66671,27
66672,52
66673,28
66674,31
66675,51
66676,18
66677,30
66678,39
66679,35
66680,22
66681,40
66682,19
66683,18
66684,63
66685,18
66686,28
66687,34
66688,32
66689,38
66690,49
66691,51
66692,64
66693,63
66694,54
66695,50
66696,44
66697,51
66698,64
66699,32
66700,18
66701,30
66702,50
66703,50
66704,42
66705,64
66706,54
66707,49
66708,57
66709,31
66710,38
66711,25
66712,23
66713,19
66714,22
66715,22
66716,43
66717,30
66718,34
66719,26
66720,36
66721,46
66722,38
66723,50
66724,22
66725,55
66726,56
66727,21
66728,35
66729,34
66730,23
66731,27
66732,43
66733,55
66734,45
66735,45
66736,47
66737,56
66738,30
66739,51
66740,54
66741,40
66742,47
66743,37
66744,44
66745,18
66746,20
66747,48
66748,26
66749,41
66750,45
66751,52
66752,20
66753,47
66754,55
66755,62
66756,61
66757,47
66758,34
66759,48
66760,51
66761,35
66762,38
66763,22
66764,58
66765,42
66766,29
66767,27
66768,51
66769,62
66770,55
66771,27
66772,52
66773,28
66774,31
66775,51
66776,18
66777,30
66778,39
66779,35
66780,22
66781,40
66782,19
66783,18
66784,63
66785,18
66786,28
66787,34
66788,32
66789,38
66790,49
66791,51
66792,64
66793,63
66794,54
66795,50
66796,44
66797,51
66798,64
66799,32
66800,18
66801,30
66802,50
66803,50
66804,42
66805,64
66806,54
66807,49
66808,57
66809,31
66810,38
66811,25
66812,23
66813,19
66814,22
66815,22
66816,43
66817,30
66818,34
66819,26
66820,36
66821,46
66822,38
66823,50
66824,22
66825,55
66826,56
66827,21
66828,35
66829,34
66830,23
66831,27
66832,43
66833,55
66834,45
66835,45
66836,47
66837,56
66838,30
66839,51
66840,54
66841,40
66842,47
66843,37
66844,44
66845,18
66846,20
66847,48
66848,26
66849,41
66850,45
66851,52
66852,20
66853,47
66854,55
66855,62
66856,61
66857,47
66858,34
66859,48
66860,51
66861,35
66862,38
66863,22
66864,58
66865,42
66866,29
66867,27
66868,51
66869,62
66870,55
66871,27
66872,52
66873,28
66874,31
66875,51
66876,18
66877,30
66878,39
66879,35
66880,22
66881,40
66882,19
66883,18
66884,63
66885,18
66886,28
66887,34
66888,32
66889,38
66890,49
66891,51
66892,64
66893,63
66894,54
66895,50
66896,44
66897,51
66898,64
66899,32
66900,18
66901,30
66902,50
66903,50
66904,42
66905,64
66906,54
66907,49
66908,57
66909,31
66910,38
66911,25
66912,23
66913,19
66914,22
66915,22
66916,43
66917,30
66918,34
66919,26
66920,36
66921,46
66922,38
66923,50
66924,22
66925,55
66926,56
66927,21
66928,35
66929,34
66930,23
66931,27
66932,43
66933,55
66934,45
66935,45
66936,47
66937,56
66938,30
66939,51
66940,54
66941,40
66942,47
66943,37
66944,44
66945,18
66946,20
66947,48
66948,26
66949,41
66950,45
66951,52
66952,20
66953,47
66954,55
66955,62
66956,61
66957,47
66958,34
66959,48
66960,51
66961,35
66962,38
66963,22
66964,58
66965,42
66966,29
66967,27
66968,51
66969,62
66970,55
66971,27
66972,52
66973,28
66974,31
66975,51
66976,18
66977,30
66978,39
66979,35
66980,22
66981,40
66982,19
66983,18
66984,63
66985,18
66986,28
66987,34
66988,32
66989,38
66990,49
66991,51
66992,64
66993,63
66994,54
66995,50
66996,44
66997,51
66998,64
66999,32
67000,18
67001,30
67002,50
67003,50
67004,42
67005,64
67006,54
67007,49
67008,57
67009,31
67010,38
67011,25
67012,23
67013,19
67014,22
67015,22
67016,43
67017,30
67018,34
67019,26
67020,36
67021,46
67022,38
67023,50
67024,22
67025,55
67026,56
67027,21
67028,35
67029,34
67030,23
67031,27
67032,43
67033,55
67034,45
67035,45
67036,47
67037,56
67038,30
67039,51
67040,54
67041,40
67042,47
67043,37
67044,44
67045,18
67046,20
67047,48
67048,26
67049,41
67050,45
67051,52
67052,20
67053,47
67054,55
67055,62
67056,61
67057,47
67058,34
67059,48
67060,51
67061,35
67062,38
67063,22
67064,58
67065,42
67066,29
67067,27
67068,51
67069,62
67070,55
67071,27
67072,52
67073,28
67074,31
67075,51
67076,18
67077,30
67078,39
67079,35
67080,22
67081,40
67082,19
67083,18
67084,63
67085,18
67086,28
67087,34
67088,32
67089,38
67090,49
67091,51
67092,64
67093,63
67094,54
67095,50
67096,44
67097,51
67098,64
67099,32
67100,18
67101,30
67102,50
67103,50
67104,42
67105,64
67106,54
67107,49
67108,57
67109,31
67110,38
67111,25
67112,23
67113,19
67114,22
67115,22
67116,43
67117,30
67118,34
67119,26
67120,36
67121,46
67122,38
67123,50
67124,22
67125,55
67126,56
67127,21
67128,35
67129,34
67130,23
67131,27
67132,43
67133,55
67134,45
67135,45
67136,47
67137,56
67138,30
67139,51
67140,54
67141,40
67142,47
67143,37
67144,44
67145,18
67146,20
67147,48
67148,26
67149,41
67150,45
67151,52
67152,20
67153,47
67154,55
67155,62
67156,61
67157,47
67158,34
67159,48
67160,51
67161,35
67162,38
67163,22
67164,58
67165,42
67166,29
67167,27
67168,51
67169,62
67170,55
67171,27
67172,52
67173,28
67174,31
67175,51
67176,18
67177,30
67178,39
67179,35
67180,22
67181,40
67182,19
67183,18
67184,63
67185,18
67186,28
67187,34
67188,32
67189,38
67190,49
67191,51
67192,64
67193,63
67194,54
67195,50
67196,44
67197,51
67198,64
67199,32
67200,18
67201,30
67202,50
67203,50
67204,42
67205,64
67206,54
67207,49
67208,57
67209,31
67210,38
67211,25
67212,23
67213,19
67214,22
67215,22
67216,43
67217,30
67218,34
67219,26
67220,36
67221,46
67222,38
67223,50
67224,22
67225,55
67226,56
67227,21
67228,35
67229,34
67230,23
67231,27
67232,43
67233,55
67234,45
67235,45
67236,47
67237,56
67238,30
67239,51
67240,54
67241,40
67242,47
67243,37
67244,44
67245,18
67246,20
67247,48
67248,26
67249,41
67250,45
67251,52
67252,20
67253,47
67254,55
67255,62
67256,61
67257,47
67258,34
67259,48
67260,51
67261,35
67262,38
67263,22
67264,58
67265,42
67266,29
67267,27
67268,51
67269,62
67270,55
67271,27
67272,52
67273,28
67274,31
67275,51
67276,18
67277,30
67278,39
67279,35
67280,22
67281,40
67282,19
67283,18
67284,63
67285,18
67286,28
67287,34
67288,32
67289,38
67290,49
67291,51
67292,64
67293,63
67294,54
67295,50
67296,44
67297,51
67298,64
67299,32
67300,18
67301,30
67302,50
67303,50
67304,42
67305,64
67306,54
67307,49
67308,57
67309,31
67310,38
67311,25
67312,23
67313,19
67314,22
67315,22
67316,43
67317,30
67318,34
67319,26
67320,36
67321,46
67322,38
67323,50
67324,22
67325,55
67326,56
67327,21
67328,35
67329,34
67330,23
67331,27
67332,43
67333,55
67334,45
67335,45
67336,47
67337,56
67338,30
67339,51
67340,54
67341,40
67342,47
67343,37
67344,44
67345,18
67346,20
67347,48
67348,26
67349,41
67350,45
67351,52
67352,20
67353,47
67354,55
67355,62
67356,61
67357,47
67358,34
67359,48
67360,51
67361,35
67362,38
67363,22
67364,58
67365,42
67366,29
67367,27
67368,51
67369,62
67370,55
67371,27
67372,52
67373,28
67374,31
67375,51
67376,18
67377,30
67378,39
67379,35
67380,22
67381,40
67382,19
67383,18
67384,63
67385,18
67386,28
67387,34
67388,32
67389,38
67390,49
67391,51
67392,64
67393,63
67394,54
67395,50
67396,44
67397,51
67398,64
67399,32
67400,18
67401,30
67402,50
67403,50
67404,42
67405,64
67406,54
67407,49
67408,57
67409,31
67410,38
67411,25
67412,23
67413,19
67414,22
67415,22
67416,43
67417,30
67418,34
67419,26
67420,36
67421,46
67422,38
67423,50
67424,22
67425,55
67426,56
67427,21
67428,35
67429,34
67430,23
67431,27
67432,43
67433,55
67434,45
67435,45
67436,47
67437,56
67438,30
67439,51
67440,54
67441,40
67442,47
67443,37
67444,44
67445,18
67446,20
67447,48
67448,26
67449,41
67450,45
67451,52
67452,20
67453,47
67454,55
67455,62
67456,61
67457,47
67458,34
67459,48
67460,51
67461,35
67462,38
67463,22
67464,58
67465,42
67466,29
67467,27
67468,51
67469,62
67470,55
67471,27
67472,52
67473,28
67474,31
67475,51
67476,18
67477,30
67478,39
67479,35
67480,22
67481,40
67482,19
67483,18
67484,63
67485,18
67486,28
67487,34
67488,32
67489,38
67490,49
67491,51
67492,64
67493,63
67494,54
67495,50
67496,44
67497,51
67498,64
67499,32
67500,18
67501,30
67502,50
67503,50
67504,42
67505,64
67506,54
67507,49
67508,57
67509,31
67510,38
67511,25
67512,23
67513,19
67514,22
67515,22
67516,43
67517,30
67518,34
67519,26
67520,36
67521,46
67522,38
67523,50
67524,22
67525,55
67526,56
67527,21
67528,35
67529,34
67530,23
67531,27
67532,43
67533,55
67534,45
67535,45
67536,47
67537,56
67538,30
67539,51
67540,54
67541,40
67542,47
67543,37
67544,44
67545,18
67546,20
67547,48
67548,26
67549,41
67550,45
67551,52
67552,20
67553,47
67554,55
67555,62
67556,61
67557,47
67558,34
67559,48
67560,51
67561,35
67562,38
67563,22
67564,58
67565,42
67566,29
67567,27
67568,51
67569,62
67570,55
67571,27
67572,52
67573,28
67574,31
67575,51
67576,18
67577,30
67578,39
67579,35
67580,22
67581,40
67582,19
67583,18
67584,63
67585,18
67586,28
67587,34
67588,32
67589,38
67590,49
67591,51
67592,64
67593,63
67594,54
67595,50
67596,44
67597,51
67598,64
67599,32
67600,18
67601,30
67602,50
67603,50
67604,42
67605,64
67606,54
67607,49
67608,57
67609,31
67610,38
67611,25
67612,23
67613,19
67614,22
67615,22
67616,43
67617,30
67618,34
67619,26
67620,36
67621,46
67622,38
67623,50
67624,22
67625,55
67626,56
67627,21
67628,35
67629,34
67630,23
67631,27
67632,43
67633,55
67634,45
67635,45
67636,47
67637,56
67638,30
67639,51
67640,54
67641,40
67642,47
67643,37
67644,44
67645,18
67646,20
67647,48
67648,26
67649,41
67650,45
67651,52
67652,20
67653,47
67654,55
67655,62
67656,61
67657,47
67658,34
67659,48
67660,51
67661,35
67662,38
67663,22
67664,58
67665,42
67666,29
67667,27
67668,51
67669,62
67670,55
67671,27
67672,52
67673,28
67674,31
67675,51
67676,18
67677,30
67678,39
67679,35
67680,22
67681,40
67682,19
67683,18
67684,63
67685,18
67686,28
67687,34
67688,32
67689,38
67690,49
67691,51
67692,64
67693,63
67694,54
67695,50
67696,44
67697,51
67698,64
67699,32
67700,18
67701,30
67702,50
67703,50
67704,42
67705,64
67706,54
67707,49
67708,57
67709,31
67710,38
67711,25
67712,23
67713,19
67714,22
67715,22
67716,43
67717,30
67718,34
67719,26
67720,36
67721,46
67722,38
67723,50
67724,22
67725,55
67726,56
67727,21
67728,35
67729,34
67730,23
67731,27
67732,43
67733,55
67734,45
67735,45
67736,47
67737,56
67738,30
67739,51
67740,54
67741,40
67742,47
67743,37
67744,44
67745,18
67746,20
67747,48
67748,26
67749,41
67750,45
67751,52
67752,20
67753,47
67754,55
67755,62
67756,61
67757,47
67758,34
67759,48
67760,51
67761,35
67762,38
67763,22
67764,58
67765,42
67766,29
67767,27
67768,51
67769,62
67770,55
67771,27
67772,52
67773,28
67774,31
67775,51
67776,18
67777,30
67778,39
67779,35
67780,22
67781,40
67782,19
67783,18
67784,63
67785,18
67786,28
67787,34
67788,32
67789,38
67790,49
67791,51
67792,64
67793,63
67794,54
67795,50
67796,44
67797,51
67798,64
67799,32
67800,18
67801,30
67802,50
67803,50
67804,42
67805,64
67806,54
67807,49
67808,57
67809,31
67810,38
67811,25
67812,23
67813,19
67814,22
67815,22
67816,43
67817,30
67818,34
67819,26
67820,36
67821,46
67822,38
67823,50
67824,22
67825,55
67826,56
67827,21
67828,35
67829,34
67830,23
67831,27
67832,43
67833,55
67834,45
67835,45
67836,47
67837,56
67838,30
67839,51
67840,54
67841,40
67842,47
67843,37
67844,44
67845,18
67846,20
67847,48
67848,26
67849,41
67850,45
67851,52
67852,20
67853,47
67854,55
67855,62
67856,61
67857,47
67858,34
67859,48
67860,51
67861,35
67862,38
67863,22
67864,58
67865,42
67866,29
67867,27
67868,51
67869,62
67870,55
67871,27
67872,52
67873,28
67874,31
67875,51
67876,18
67877,30
67878,39
67879,35
67880,22
67881,40
67882,19
67883,18
67884,63
67885,18
67886,28
67887,34
67888,32
67889,38
67890,49
67891,51
67892,64
67893,63
67894,54
67895,50
67896,44
67897,51
67898,64
67899,32
67900,18
67901,30
67902,50
67903,50
67904,42
67905,64
67906,54
67907,49
67908,57
67909,31
67910,38
67911,25
67912,23
67913,19
67914,22
67915,22
67916,43
67917,30
67918,34
67919,26
67920,36
67921,46
67922,38
67923,50
67924,22
67925,55
67926,56
67927,21
67928,35
67929,34
67930,23
67931,27
67932,43
67933,55
67934,45
67935,45
67936,47
67937,56
67938,30
67939,51
67940,54
67941,40
67942,47
67943,37
67944,44
67945,18
67946,20
67947,48
67948,26
67949,41
67950,45
67951,52
67952,20
67953,47
67954,55
67955,62
67956,61
67957,47
67958,34
67959,48
67960,51
67961,35
67962,38
67963,22
67964,58
67965,42
67966,29
67967,27
67968,51
67969,62
67970,55
67971,27
67972,52
67973,28
67974,31
67975,51
67976,18
67977,30
67978,39
67979,35
67980,22
67981,40
67982,19
67983,18
67984,63
67985,18
67986,28
67987,34
67988,32
67989,38
67990,49
67991,51
67992,64
67993,63
67994,54
67995,50
67996,44
67997,51
67998,64
67999,32
68000,18
68001,30
68002,50
68003,50
68004,42
68005,64
68006,54
68007,49
68008,57
68009,31
68010,38
68011,25
68012,23
68013,19
68014,22
68015,22
68016,43
68017,30
68018,34
68019,26
68020,36
68021,46
68022,38
68023,50
68024,22
68025,55
68026,56
68027,21
68028,35
68029,34
68030,23
68031,27
68032,43
68033,55
68034,45
68035,45
68036,47
68037,56
68038,30
68039,51
68040,54
68041,40
68042,47
68043,37
68044,44
68045,18
68046,20
68047,48
68048,26
68049,41
68050,45
68051,52
68052,20
68053,47
68054,55
68055,62
68056,61
68057,47
68058,34
68059,48
68060,51
68061,35
68062,38
68063,22
68064,58
68065,42
68066,29
68067,27
68068,51
68069,62
68070,55
68071,27
68072,52
68073,28
68074,31
68075,51
68076,18
68077,30
68078,39
68079,35
68080,22
68081,40
68082,19
68083,18
68084,63
68085,18
68086,28
68087,34
68088,32
68089,38
68090,49
68091,51
68092,64
68093,63
68094,54
68095,50
68096,44
68097,51
68098,64
68099,32
68100,18
68101,30
68102,50
68103,50
68104,42
68105,64
68106,54
68107,49
68108,57
68109,31
68110,38
68111,25
68112,23
68113,19
68114,22
68115,22
68116,43
68117,30
68118,34
68119,26
68120,36
68121,46
68122,38
68123,50
68124,22
68125,55
68126,56
68127,21
68128,35
68129,34
68130,23
68131,27
68132,43
68133,55
68134,45
68135,45
68136,47
68137,56
68138,30
68139,51
68140,54
68141,40
68142,47
68143,37
68144,44
68145,18
68146,20
68147,48
68148,26
68149,41
68150,45
68151,52
68152,20
68153,47
68154,55
68155,62
68156,61
68157,47
68158,34
68159,48
68160,51
68161,35
68162,38
68163,22
68164,58
68165,42
68166,29
68167,27
68168,51
68169,62
68170,55
68171,27
68172,52
68173,28
68174,31
68175,51
68176,18
68177,30
68178,39
68179,35
68180,22
68181,40
68182,19
68183,18
68184,63
68185,18
68186,28
68187,34
68188,32
68189,38
68190,49
68191,51
68192,64
68193,63
68194,54
68195,50
68196,44
68197,51
68198,64
68199,32
68200,18
68201,30
68202,50
68203,50
68204,42
68205,64
68206,54
68207,49
68208,57
68209,31
68210,38
68211,25
68212,23
68213,19
68214,22
68215,22
68216,43
68217,30
68218,34
68219,26
68220,36
68221,46
68222,38
68223,50
68224,22
68225,55
68226,56
68227,21
68228,35
68229,34
68230,23
68231,27
68232,43
68233,55
68234,45
68235,45
68236,47
68237,56
68238,30
68239,51
68240,54
68241,40
68242,47
68243,37
68244,44
68245,18
68246,20
68247,48
68248,26
68249,41
68250,45
68251,52
68252,20
68253,47
68254,55
68255,62
68256,61
68257,47
68258,34
68259,48
68260,51
68261,35
68262,38
68263,22
68264,58
68265,42
68266,29
68267,27
68268,51
68269,62
68270,55
68271,27
68272,52
68273,28
68274,31
68275,51
68276,18
68277,30
68278,39
68279,35
68280,22
68281,40
68282,19
68283,18
68284,63
68285,18
68286,28
68287,34
68288,32
68289,38
68290,49
68291,51
68292,64
68293,63
68294,54
68295,50
68296,44
68297,51
68298,64
68299,32
68300,18
68301,30
68302,50
68303,50
68304,42
68305,64
68306,54
68307,49
68308,57
68309,31
68310,38
68311,25
68312,23
68313,19
68314,22
68315,22
68316,43
68317,30
68318,34
68319,26
68320,36
68321,46
68322,38
68323,50
68324,22
68325,55
68326,56
68327,21
68328,35
68329,34
68330,23
68331,27
68332,43
68333,55
68334,45
68335,45
68336,47
68337,56
68338,30
68339,51
68340,54
68341,40
68342,47
68343,37
68344,44
68345,18
68346,20
68347,48
68348,26
68349,41
68350,45
68351,52
68352,20
68353,47
68354,55
68355,62
68356,61
68357,47
68358,34
68359,48
68360,51
68361,35
68362,38
68363,22
68364,58
68365,42
68366,29
68367,27
68368,51
68369,62
68370,55
68371,27
68372,52
68373,28
68374,31
68375,51
68376,18
68377,30
68378,39
68379,35
68380,22
68381,40
68382,19
68383,18
68384,63
68385,18
68386,28
68387,34
68388,32
68389,38
68390,49
68391,51
68392,64
68393,63
68394,54
68395,50
68396,44
68397,51
68398,64
68399,32
68400,18
68401,30
68402,50
68403,50
68404,42
68405,64
68406,54
68407,49
68408,57
68409,31
68410,38
68411,25
68412,23
68413,19
68414,22
68415,22
68416,43
68417,30
68418,34
68419,26
68420,36
68421,46
68422,38
68423,50
68424,22
68425,55
68426,56
68427,21
68428,35
68429,34
68430,23
68431,27
68432,43
68433,55
68434,45
68435,45
68436,47
68437,56
68438,30
68439,51
68440,54
68441,40
68442,47
68443,37
68444,44
68445,18
68446,20
68447,48
68448,26
68449,41
68450,45
68451,52
68452,20
68453,47
68454,55
68455,62
68456,61
68457,47
68458,34
68459,48
68460,51
68461,35
68462,38
68463,22
68464,58
68465,42
68466,29
68467,27
68468,51
68469,62
68470,55
68471,27
68472,52
68473,28
68474,31
68475,51
68476,18
68477,30
68478,39
68479,35
68480,22
68481,40
68482,19
68483,18
68484,63
68485,18
68486,28
68487,34
68488,32
68489,38
68490,49
68491,51
68492,64
68493,63
68494,54
68495,50
68496,44
68497,51
68498,64
68499,32
68500,18
68501,30
68502,50
68503,50
68504,42
68505,64
68506,54
68507,49
68508,57
68509,31
68510,38
68511,25
68512,23
68513,19
68514,22
68515,22
68516,43
68517,30
68518,34
68519,26
68520,36
68521,46
68522,38
68523,50
68524,22
68525,55
68526,56
68527,21
68528,35
68529,34
68530,23
68531,27
68532,43
68533,55
68534,45
68535,45
68536,47
68537,56
68538,30
68539,51
68540,54
68541,40
68542,47
68543,37
68544,44
68545,18
68546,20
68547,48
68548,26
68549,41
68550,45
68551,52
68552,20
68553,47
68554,55
68555,62
68556,61
68557,47
68558,34
68559,48
68560,51
68561,35
68562,38
68563,22
68564,58
68565,42
68566,29
68567,27
68568,51
68569,62
68570,55
68571,27
68572,52
68573,28
68574,31
68575,51
68576,18
68577,30
68578,39
68579,35
68580,22
68581,40
68582,19
68583,18
68584,63
68585,18
68586,28
68587,34
68588,32
68589,38
68590,49
68591,51
68592,64
68593,63
68594,54
68595,50
68596,44
68597,51
68598,64
68599,32
68600,18
68601,30
68602,50
68603,50
68604,42
68605,64
68606,54
68607,49
68608,57
68609,31
68610,38
68611,25
68612,23
68613,19
68614,22
68615,22
68616,43
68617,30
68618,34
68619,26
68620,36
68621,46
68622,38
68623,50
68624,22
68625,55
68626,56
68627,21
68628,35
68629,34
68630,23
68631,27
68632,43
68633,55
68634,45
68635,45
68636,47
68637,56
68638,30
68639,51
68640,54
68641,40
68642,47
68643,37
68644,44
68645,18
68646,20
68647,48
68648,26
68649,41
68650,45
68651,52
68652,20
68653,47
68654,55
68655,62
68656,61
68657,47
68658,34
68659,48
68660,51
68661,35
68662,38
68663,22
68664,58
68665,42
68666,29
68667,27
68668,51
68669,62
68670,55
68671,27
68672,52
68673,28
68674,31
68675,51
68676,18
68677,30
68678,39
68679,35
68680,22
68681,40
68682,19
68683,18
68684,63
68685,18
68686,28
68687,34
68688,32
68689,38
68690,49
68691,51
68692,64
68693,63
68694,54
68695,50
68696,44
68697,51
68698,64
68699,32
68700,18
68701,30
68702,50
68703,50
68704,42
68705,64
68706,54
68707,49
68708,57
68709,31
68710,38
68711,25
68712,23
68713,19
68714,22
68715,22
68716,43
68717,30
68718,34
68719,26
68720,36
68721,46
68722,38
68723,50
68724,22
68725,55
68726,56
68727,21
68728,35
68729,34
68730,23
68731,27
68732,43
68733,55
68734,45
68735,45
68736,47
68737,56
68738,30
68739,51
68740,54
68741,40
68742,47
68743,37
68744,44
68745,18
68746,20
68747,48
68748,26
68749,41
68750,45
68751,52
68752,20
68753,47
68754,55
68755,62
68756,61
68757,47
68758,34
68759,48
68760,51
68761,35
68762,38
68763,22
68764,58
68765,42
68766,29
68767,27
68768,51
68769,62
68770,55
68771,27
68772,52
68773,28
68774,31
68775,51
68776,18
68777,30
68778,39
68779,35
68780,22
68781,40
68782,19
68783,18
68784,63
68785,18
68786,28
68787,34
68788,32
68789,38
68790,49
68791,51
68792,64
68793,63
68794,54
68795,50
68796,44
68797,51
68798,64
68799,32
68800,18
68801,30
68802,50
68803,50
68804,42
68805,64
68806,54
68807,49
68808,57
68809,31
68810,38
68811,25
68812,23
68813,19
68814,22
68815,22
68816,43
68817,30
68818,34
68819,26
68820,36
68821,46
68822,38
68823,50
68824,22
68825,55
68826,56
68827,21
68828,35
68829,34
68830,23
68831,27
68832,43
68833,55
68834,45
68835,45
68836,47
68837,56
68838,30
68839,51
68840,54
68841,40
68842,47
68843,37
68844,44
68845,18
68846,20
68847,48
68848,26
68849,41
68850,45
68851,52
68852,20
68853,47
68854,55
68855,62
68856,61
68857,47
68858,34
68859,48
68860,51
68861,35
68862,38
68863,22
68864,58
68865,42
68866,29
68867,27
68868,51
68869,62
68870,55
68871,27
68872,52
68873,28
68874,31
68875,51
68876,18
68877,30
68878,39
68879,35
68880,22
68881,40
68882,19
68883,18
68884,63
68885,18
68886,28
68887,34
68888,32
68889,38
68890,49
68891,51
68892,64
68893,63
68894,54
68895,50
68896,44
68897,51
68898,64
68899,32
68900,18
68901,30
68902,50
68903,50
68904,42
68905,64
68906,54
68907,49
68908,57
68909,31
68910,38
68911,25
68912,23
68913,19
68914,22
68915,22
68916,43
68917,30
68918,34
68919,26
68920,36
68921,46
68922,38
68923,50
68924,22
68925,55
68926,56
68927,21
68928,35
68929,34
68930,23
68931,27
68932,43
68933,55
68934,45
68935,45
68936,47
68937,56
68938,30
68939,51
68940,54
68941,40
68942,47
68943,37
68944,44
68945,18
68946,20
68947,48
68948,26
68949,41
68950,45
68951,52
68952,20
68953,47
68954,55
68955,62
68956,61
68957,47
68958,34
68959,48
68960,51
68961,35
68962,38
68963,22
68964,58
68965,42
68966,29
68967,27
68968,51
68969,62
68970,55
68971,27
68972,52
68973,28
68974,31
68975,51
68976,18
68977,30
68978,39
68979,35
68980,22
68981,40
68982,19
68983,18
68984,63
68985,18
68986,28
68987,34
68988,32
68989,38
68990,49
68991,51
68992,64
68993,63
68994,54
68995,50
68996,44
68997,51
68998,64
68999,32
69000,18
69001,30
69002,50
69003,50
69004,42
69005,64
69006,54
69007,49
69008,57
69009,31
69010,38
69011,25
69012,23
69013,19
69014,22
69015,22
69016,43
69017,30
69018,34
69019,26
69020,36
69021,46
69022,38
69023,50
69024,22
69025,55
69026,56
69027,21
69028,35
69029,34
69030,23
69031,27
69032,43
69033,55
69034,45
69035,45
69036,47
69037,56
69038,30
69039,51
69040,54
69041,40
69042,47
69043,37
69044,44
69045,18
69046,20
69047,48
69048,26
69049,41
69050,45
69051,52
69052,20
69053,47
69054,55
69055,62
69056,61
69057,47
69058,34
69059,48
69060,51
69061,35
69062,38
69063,22
69064,58
69065,42
69066,29
69067,27
69068,51
69069,62
69070,55
69071,27
69072,52
69073,28
69074,31
69075,51
69076,18
69077,30
69078,39
69079,35
69080,22
69081,40
69082,19
69083,18
69084,63
69085,18
69086,28
69087,34
69088,32
69089,38
69090,49
69091,51
69092,64
69093,63
69094,54
69095,50
69096,44
69097,51
69098,64
69099,32
69100,18
69101,30
69102,50
69103,50
69104,42
69105,64
69106,54
69107,49
69108,57
69109,31
69110,38
69111,25
69112,23
69113,19
69114,22
69115,22
69116,43
69117,30
69118,34
69119,26
69120,36
69121,46
69122,38
69123,50
69124,22
69125,55
69126,56
69127,21
69128,35
69129,34
69130,23
69131,27
69132,43
69133,55
69134,45
69135,45
69136,47
69137,56
69138,30
69139,51
69140,54
69141,40
69142,47
69143,37
69144,44
69145,18
69146,20
69147,48
69148,26
69149,41
69150,45
69151,52
69152,20
69153,47
69154,55
69155,62
69156,61
69157,47
69158,34
69159,48
69160,51
69161,35
69162,38
69163,22
69164,58
69165,42
69166,29
69167,27
69168,51
69169,62
69170,55
69171,27
69172,52
69173,28
69174,31
69175,51
69176,18
69177,30
69178,39
69179,35
69180,22
69181,40
69182,19
69183,18
69184,63
69185,18
69186,28
69187,34
69188,32
69189,38
69190,49
69191,51
69192,64
69193,63
69194,54
69195,50
69196,44
69197,51
69198,64
69199,32
69200,18
69201,30
69202,50
69203,50
69204,42
69205,64
69206,54
69207,49
69208,57
69209,31
69210,38
69211,25
69212,23
69213,19
69214,22
69215,22
69216,43
69217,30
69218,34
69219,26
69220,36
69221,46
69222,38
69223,50
69224,22
69225,55
69226,56
69227,21
69228,35
69229,34
69230,23
69231,27
69232,43
69233,55
69234,45
69235,45
69236,47
69237,56
69238,30
69239,51
69240,54
69241,40
69242,47
69243,37
69244,44
69245,18
69246,20
69247,48
69248,26
69249,41
69250,45
69251,52
69252,20
69253,47
69254,55
69255,62
69256,61
69257,47
69258,34
69259,48
69260,51
69261,35
69262,38
69263,22
69264,58
69265,42
69266,29
69267,27
69268,51
69269,62
69270,55
69271,27
69272,52
69273,28
69274,31
69275,51
69276,18
69277,30
69278,39
69279,35
69280,22
69281,40
69282,19
69283,18
69284,63
69285,18
69286,28
69287,34
69288,32
69289,38
69290,49
69291,51
69292,64
69293,63
69294,54
69295,50
69296,44
69297,51
69298,64
69299,32
69300,18
69301,30
69302,50
69303,50
69304,42
69305,64
69306,54
69307,49
69308,57
69309,31
69310,38
69311,25
69312,23
69313,19
69314,22
69315,22
69316,43
69317,30
69318,34
69319,26
69320,36
69321,46
69322,38
69323,50
69324,22
69325,55
69326,56
69327,21
69328,35
69329,34
69330,23
69331,27
69332,43
69333,55
69334,45
69335,45
69336,47
69337,56
69338,30
69339,51
69340,54
69341,40
69342,47
69343,37
69344,44
69345,18
69346,20
69347,48
69348,26
69349,41
69350,45
69351,52
69352,20
69353,47
69354,55
69355,62
69356,61
69357,47
69358,34
69359,48
69360,51
69361,35
69362,38
69363,22
69364,58
69365,42
69366,29
69367,27
69368,51
69369,62
69370,55
69371,27
69372,52
69373,28
69374,31
69375,51
69376,18
69377,30
69378,39
69379,35
69380,22
69381,40
69382,19
69383,18
69384,63
69385,18
69386,28
69387,34
69388,32
69389,38
69390,49
69391,51
69392,64
69393,63
69394,54
69395,50
69396,44
69397,51
69398,64
69399,32
69400,18
69401,30
69402,50
69403,50
69404,42
69405,64
69406,54
69407,49
69408,57
69409,31
69410,38
69411,25
69412,23
69413,19
69414,22
69415,22
69416,43
69417,30
69418,34
69419,26
69420,36
69421,46
69422,38
69423,50
69424,22
69425,55
69426,56
69427,21
69428,35
69429,34
69430,23
69431,27
69432,43
69433,55
69434,45
69435,45
69436,47
69437,56
69438,30
69439,51
69440,54
69441,40
69442,47
69443,37
69444,44
69445,18
69446,20
69447,48
69448,26
69449,41
69450,45
69451,52
69452,20
69453,47
69454,55
69455,62
69456,61
69457,47
69458,34
69459,48
69460,51
69461,35
69462,38
69463,22
69464,58
69465,42
69466,29
69467,27
69468,51
69469,62
69470,55
69471,27
69472,52
69473,28
69474,31
69475,51
69476,18
69477,30
69478,39
69479,35
69480,22
69481,40
69482,19
69483,18
69484,63
69485,18
69486,28
69487,34
69488,32
69489,38
69490,49
69491,51
69492,64
69493,63
69494,54
69495,50
69496,44
69497,51
69498,64
69499,32
69500,18
69501,30
69502,50
69503,50
69504,42
69505,64
69506,54
69507,49
69508,57
69509,31
69510,38
69511,25
69512,23
69513,19
69514,22
69515,22
69516,43
69517,30
69518,34
69519,26
69520,36
69521,46
69522,38
69523,50
69524,22
69525,55
69526,56
69527,21
69528,35
69529,34
69530,23
69531,27
69532,43
69533,55
69534,45
69535,45
69536,47
69537,56
69538,30
69539,51
69540,54
69541,40
69542,47
69543,37
69544,44
69545,18
69546,20
69547,48
69548,26
69549,41
69550,45
69551,52
69552,20
69553,47
69554,55
69555,62
69556,61
69557,47
69558,34
69559,48
69560,51
69561,35
69562,38
69563,22
69564,58
69565,42
69566,29
69567,27
69568,51
69569,62
69570,55
69571,27
69572,52
69573,28
69574,31
69575,51
69576,18
69577,30
69578,39
69579,35
69580,22
69581,40
69582,19
69583,18
69584,63
69585,18
69586,28
69587,34
69588,32
69589,38
69590,49
69591,51
69592,64
69593,63
69594,54
69595,50
69596,44
69597,51
69598,64
69599,32
69600,18
69601,30
69602,50
69603,50
69604,42
69605,64
69606,54
69607,49
69608,57
69609,31
69610,38
69611,25
69612,23
69613,19
69614,22
69615,22
69616,43
69617,30
69618,34
69619,26
69620,36
69621,46
69622,38
69623,50
69624,22
69625,55
69626,56
69627,21
69628,35
69629,34
69630,23
69631,27
69632,43
69633,55
69634,45
69635,45
69636,47
69637,56
69638,30
69639,51
69640,54
69641,40
69642,47
69643,37
69644,44
69645,18
69646,20
69647,48
69648,26
69649,41
69650,45
69651,52
69652,20
69653,47
69654,55
69655,62
69656,61
69657,47
69658,34
69659,48
69660,51
69661,35
69662,38
69663,22
69664,58
69665,42
69666,29
69667,27
69668,51
69669,62
69670,55
69671,27
69672,52
69673,28
69674,31
69675,51
69676,18
69677,30
69678,39
69679,35
69680,22
69681,40
69682,19
69683,18
69684,63
69685,18
69686,28
69687,34
69688,32
69689,38
69690,49
69691,51
69692,64
69693,63
69694,54
69695,50
69696,44
69697,51
69698,64
69699,32
69700,18
69701,30
69702,50
69703,50
69704,42
69705,64
69706,54
69707,49
69708,57
69709,31
69710,38
69711,25
69712,23
69713,19
69714,22
69715,22
69716,43
69717,30
69718,34
69719,26
69720,36
69721,46
69722,38
69723,50
69724,22
69725,55
69726,56
69727,21
69728,35
69729,34
69730,23
69731,27
69732,43
69733,55
69734,45
69735,45
69736,47
69737,56
69738,30
69739,51
69740,54
69741,40
69742,47
69743,37
69744,44
69745,18
69746,20
69747,48
69748,26
69749,41
69750,45
69751,52
69752,20
69753,47
69754,55
69755,62
69756,61
69757,47
69758,34
69759,48
69760,51
69761,35
69762,38
69763,22
69764,58
69765,42
69766,29
69767,27
69768,51
69769,62
69770,55
69771,27
69772,52
69773,28
69774,31
69775,51
69776,18
69777,30
69778,39
69779,35
69780,22
69781,40
69782,19
69783,18
69784,63
69785,18
69786,28
69787,34
69788,32
69789,38
69790,49
69791,51
69792,64
69793,63
69794,54
69795,50
69796,44
69797,51
69798,64
69799,32
69800,18
69801,30
69802,50
69803,50
69804,42
69805,64
69806,54
69807,49
69808,57
69809,31
69810,38
69811,25
69812,23
69813,19
69814,22
69815,22
69816,43
69817,30
69818,34
69819,26
69820,36
69821,46
69822,38
69823,50
69824,22
69825,55
69826,56
69827,21
69828,35
69829,34
69830,23
69831,27
69832,43
69833,55
69834,45
69835,45
69836,47
69837,56
69838,30
69839,51
69840,54
69841,40
69842,47
69843,37
69844,44
69845,18
69846,20
69847,48
69848,26
69849,41
69850,45
69851,52
69852,20
69853,47
69854,55
69855,62
69856,61
69857,47
69858,34
69859,48
69860,51
69861,35
69862,38
69863,22
69864,58
69865,42
69866,29
69867,27
69868,51
69869,62
69870,55
69871,27
69872,52
69873,28
69874,31
69875,51
69876,18
69877,30
69878,39
69879,35
69880,22
69881,40
69882,19
69883,18
69884,63
69885,18
69886,28
69887,34
69888,32
69889,38
69890,49
69891,51
69892,64
69893,63
69894,54
69895,50
69896,44
69897,51
69898,64
69899,32
69900,18
69901,30
69902,50
69903,50
69904,42
69905,64
69906,54
69907,49
69908,57
69909,31
69910,38
69911,25
69912,23
69913,19
69914,22
69915,22
69916,43
69917,30
69918,34
69919,26
69920,36
69921,46
69922,38
69923,50
69924,22
69925,55
69926,56
69927,21
69928,35
69929,34
69930,23
69931,27
69932,43
69933,55
69934,45
69935,45
69936,47
69937,56
69938,30
69939,51
69940,54
69941,40
69942,47
69943,37
69944,44
69945,18
69946,20
69947,48
69948,26
69949,41
69950,45
69951,52
69952,20
69953,47
69954,55
69955,62
69956,61
69957,47
69958,34
69959,48
69960,51
69961,35
69962,38
69963,22
69964,58
69965,42
69966,29
69967,27
69968,51
69969,62
69970,55
69971,27
69972,52
69973,28
69974,31
69975,51
69976,18
69977,30
69978,39
69979,35
69980,22
69981,40
69982,19
69983,18
69984,63
69985,18
69986,28
69987,34
69988,32
69989,38
69990,49
69991,51
69992,64
69993,63
69994,54
69995,50
69996,44
69997,51
69998,64
69999,32
70000,18
70001,30
70002,50
70003,50
70004,42
70005,64
70006,54
70007,49
70008,57
70009,31
70010,38
70011,25
70012,23
70013,19
70014,22
70015,22
70016,43
70017,30
70018,34
70019,26
70020,36
70021,46
70022,38
70023,50
70024,22
70025,55
70026,56
70027,21
70028,35
70029,34
70030,23
70031,27
70032,43
70033,55
70034,45
70035,45
70036,47
70037,56
70038,30
70039,51
70040,54
70041,40
70042,47
70043,37
70044,44
70045,18
70046,20
70047,48
70048,26
70049,41
70050,45
70051,52
70052,20
70053,47
70054,55
70055,62
70056,61
70057,47
70058,34
70059,48
70060,51
70061,35
70062,38
70063,22
70064,58
70065,42
70066,29
70067,27
70068,51
70069,62
70070,55
70071,27
70072,52
70073,28
70074,31
70075,51
70076,18
70077,30
70078,39
70079,35
70080,22
70081,40
70082,19
70083,18
70084,63
70085,18
70086,28
70087,34
70088,32
70089,38
70090,49
70091,51
70092,64
70093,63
70094,54
70095,50
70096,44
70097,51
70098,64
70099,32
70100,18
70101,30
70102,50
70103,50
70104,42
70105,64
70106,54
70107,49
70108,57
70109,31
70110,38
70111,25
70112,23
70113,19
70114,22
70115,22
70116,43
70117,30
70118,34
70119,26
70120,36
70121,46
70122,38
70123,50
70124,22
70125,55
70126,56
70127,21
70128,35
70129,34
70130,23
70131,27
70132,43
70133,55
70134,45
70135,45
70136,47
70137,56
70138,30
70139,51
70140,54
70141,40
70142,47
70143,37
70144,44
70145,18
70146,20
70147,48
70148,26
70149,41
70150,45
70151,52
70152,20
70153,47
70154,55
70155,62
70156,61
70157,47
70158,34
70159,48
70160,51
70161,35
70162,38
70163,22
70164,58
70165,42
70166,29
70167,27
70168,51
70169,62
70170,55
70171,27
70172,52
70173,28
70174,31
70175,51
70176,18
70177,30
70178,39
70179,35
70180,22
70181,40
70182,19
70183,18
70184,63
70185,18
70186,28
70187,34
70188,32
70189,38
70190,49
70191,51
70192,64
70193,63
70194,54
70195,50
70196,44
70197,51
70198,64
70199,32
70200,18
70201,30
70202,50
70203,50
70204,42
70205,64
70206,54
70207,49
70208,57
70209,31
70210,38
70211,25
70212,23
70213,19
70214,22
70215,22
70216,43
70217,30
70218,34
70219,26
70220,36
70221,46
70222,38
70223,50
70224,22
70225,55
70226,56
70227,21
70228,35
70229,34
70230,23
70231,27
70232,43
70233,55
70234,45
70235,45
70236,47
70237,56
70238,30
70239,51
70240,54
70241,40
70242,47
70243,37
70244,44
70245,18
70246,20
70247,48
70248,26
70249,41
70250,45
70251,52
70252,20
70253,47
70254,55
70255,62
70256,61
70257,47
70258,34
70259,48
70260,51
70261,35
70262,38
70263,22
70264,58
70265,42
70266,29
70267,27
70268,51
70269,62
70270,55
70271,27
70272,52
70273,28
70274,31
70275,51
70276,18
70277,30
70278,39
70279,35
70280,22
70281,40
70282,19
70283,18
70284,63
70285,18
70286,28
70287,34
70288,32
70289,38
70290,49
70291,51
70292,64
70293,63
70294,54
70295,50
70296,44
70297,51
70298,64
70299,32
70300,18
70301,30
70302,50
70303,50
70304,42
70305,64
70306,54
70307,49
70308,57
70309,31
70310,38
70311,25
70312,23
70313,19
70314,22
70315,22
70316,43
70317,30
70318,34
70319,26
70320,36
70321,46
70322,38
70323,50
70324,22
70325,55
70326,56
70327,21
70328,35
70329,34
70330,23
70331,27
70332,43
70333,55
70334,45
70335,45
70336,47
70337,56
70338,30
70339,51
70340,54
70341,40
70342,47
70343,37
70344,44
70345,18
70346,20
70347,48
70348,26
70349,41
70350,45
70351,52
70352,20
70353,47
70354,55
70355,62
70356,61
70357,47
70358,34
70359,48
70360,51
70361,35
70362,38
70363,22
70364,58
70365,42
70366,29
70367,27
70368,51
70369,62
70370,55
70371,27
70372,52
70373,28
70374,31
70375,51
70376,18
70377,30
70378,39
70379,35
70380,22
70381,40
70382,19
70383,18
70384,63
70385,18
70386,28
70387,34
70388,32
70389,38
70390,49
70391,51
70392,64
70393,63
70394,54
70395,50
70396,44
70397,51
70398,64
70399,32
70400,18
70401,30
70402,50
70403,50
70404,42
70405,64
70406,54
70407,49
70408,57
70409,31
70410,38
70411,25
70412,23
70413,19
70414,22
70415,22
70416,43
70417,30
70418,34
70419,26
70420,36
70421,46
70422,38
70423,50
70424,22
70425,55
70426,56
70427,21
70428,35
70429,34
70430,23
70431,27
70432,43
70433,55
70434,45
70435,45
70436,47
70437,56
70438,30
70439,51
70440,54
70441,40
70442,47
70443,37
70444,44
70445,18
70446,20
70447,48
70448,26
70449,41
70450,45
70451,52
70452,20
70453,47
70454,55
70455,62
70456,61
70457,47
70458,34
70459,48
70460,51
70461,35
70462,38
70463,22
70464,58
70465,42
70466,29
70467,27
70468,51
70469,62
70470,55
70471,27
70472,52
70473,28
70474,31
70475,51
70476,18
70477,30
70478,39
70479,35
70480,22
70481,40
70482,19
70483,18
70484,63
70485,18
70486,28
70487,34
70488,32
70489,38
70490,49
70491,51
70492,64
70493,63
70494,54
70495,50
70496,44
70497,51
70498,64
70499,32
70500,18
70501,30
70502,50
70503,50
70504,42
70505,64
70506,54
70507,49
70508,57
70509,31
70510,38
70511,25
70512,23
70513,19
70514,22
70515,22
70516,43
70517,30
70518,34
70519,26
70520,36
70521,46
70522,38
70523,50
70524,22
70525,55
70526,56
70527,21
70528,35
70529,34
70530,23
70531,27
70532,43
70533,55
70534,45
70535,45
70536,47
70537,56
70538,30
70539,51
70540,54
70541,40
70542,47
70543,37
70544,44
70545,18
70546,20
70547,48
70548,26
70549,41
70550,45
70551,52
70552,20
70553,47
70554,55
70555,62
70556,61
70557,47
70558,34
70559,48
70560,51
70561,35
70562,38
70563,22
70564,58
70565,42
70566,29
70567,27
70568,51
70569,62
70570,55
70571,27
70572,52
70573,28
70574,31
70575,51
70576,18
70577,30
70578,39
70579,35
70580,22
70581,40
70582,19
70583,18
70584,63
70585,18
70586,28
70587,34
70588,32
70589,38
70590,49
70591,51
70592,64
70593,63
70594,54
70595,50
70596,44
70597,51
70598,64
70599,32
70600,18
70601,30
70602,50
70603,50
70604,42
70605,64
70606,54
70607,49
70608,57
70609,31
70610,38
70611,25
70612,23
70613,19
70614,22
70615,22
70616,43
70617,30
70618,34
70619,26
70620,36
70621,46
70622,38
70623,50
70624,22
70625,55
70626,56
70627,21
70628,35
70629,34
70630,23
70631,27
70632,43
70633,55
70634,45
70635,45
70636,47
70637,56
70638,30
70639,51
70640,54
70641,40
70642,47
70643,37
70644,44
70645,18
70646,20
70647,48
70648,26
70649,41
70650,45
70651,52
70652,20
70653,47
70654,55
70655,62
70656,61
70657,47
70658,34
70659,48
70660,51
70661,35
70662,38
70663,22
70664,58
70665,42
70666,29
70667,27
70668,51
70669,62
70670,55
70671,27
70672,52
70673,28
70674,31
70675,51
70676,18
70677,30
70678,39
70679,35
70680,22
70681,40
70682,19
70683,18
70684,63
70685,18
70686,28
70687,34
70688,32
70689,38
70690,49
70691,51
70692,64
70693,63
70694,54
70695,50
70696,44
70697,51
70698,64
70699,32
70700,18
70701,30
70702,50
70703,50
70704,42
70705,64
70706,54
70707,49
70708,57
70709,31
70710,38
70711,25
70712,23
70713,19
70714,22
70715,22
70716,43
70717,30
70718,34
70719,26
70720,36
70721,46
70722,38
70723,50
70724,22
70725,55
70726,56
70727,21
70728,35
70729,34
70730,23
70731,27
70732,43
70733,55
70734,45
70735,45
70736,47
70737,56
70738,30
70739,51
70740,54
70741,40
70742,47
70743,37
70744,44
70745,18
70746,20
70747,48
70748,26
70749,41
70750,45
70751,52
70752,20
70753,47
70754,55
70755,62
70756,61
70757,47
70758,34
70759,48
70760,51
70761,35
70762,38
70763,22
70764,58
70765,42
70766,29
70767,27
70768,51
70769,62
70770,55
70771,27
70772,52
70773,28
70774,31
70775,51
70776,18
70777,30
70778,39
70779,35
70780,22
70781,40
70782,19
70783,18
70784,63
70785,18
70786,28
70787,34
70788,32
70789,38
70790,49
70791,51
70792,64
70793,63
70794,54
70795,50
70796,44
70797,51
70798,64
70799,32
70800,18
70801,30
70802,50
70803,50
70804,42
70805,64
70806,54
70807,49
70808,57
70809,31
70810,38
70811,25
70812,23
70813,19
70814,22
70815,22
70816,43
70817,30
70818,34
70819,26
70820,36
70821,46
70822,38
70823,50
70824,22
70825,55
70826,56
70827,21
70828,35
70829,34
70830,23
70831,27
70832,43
70833,55
70834,45
70835,45
70836,47
70837,56
70838,30
70839,51
70840,54
70841,40
70842,47
70843,37
70844,44
70845,18
70846,20
70847,48
70848,26
70849,41
70850,45
70851,52
70852,20
70853,47
70854,55
70855,62
70856,61
70857,47
70858,34
70859,48
70860,51
70861,35
70862,38
70863,22
70864,58
70865,42
70866,29
70867,27
70868,51
70869,62
70870,55
70871,27
70872,52
70873,28
70874,31
70875,51
70876,18
70877,30
70878,39
70879,35
70880,22
70881,40
70882,19
70883,18
70884,63
70885,18
70886,28
70887,34
70888,32
70889,38
70890,49
70891,51
70892,64
70893,63
70894,54
70895,50
70896,44
70897,51
70898,64
70899,32
70900,18
70901,30
70902,50
70903,50
70904,42
70905,64
70906,54
70907,49
70908,57
70909,31
70910,38
70911,25
70912,23
70913,19
70914,22
70915,22
70916,43
70917,30
70918,34
70919,26
70920,36
70921,46
70922,38
70923,50
70924,22
70925,55
70926,56
70927,21
70928,35
70929,34
70930,23
70931,27
70932,43
70933,55
70934,45
70935,45
70936,47
70937,56
70938,30
70939,51
70940,54
70941,40
70942,47
70943,37
70944,44
70945,18
70946,20
70947,48
70948,26
70949,41
70950,45
70951,52
70952,20
70953,47
70954,55
70955,62
70956,61
70957,47
70958,34
70959,48
70960,51
70961,35
70962,38
70963,22
70964,58
70965,42
70966,29
70967,27
70968,51
70969,62
70970,55
70971,27
70972,52
70973,28
70974,31
70975,51
70976,18
70977,30
70978,39
70979,35
70980,22
70981,40
70982,19
70983,18
70984,63
70985,18
70986,28
70987,34
70988,32
70989,38
70990,49
70991,51
70992,64
70993,63
70994,54
70995,50
70996,44
70997,51
70998,64
70999,32
71000,18
71001,30
71002,50
71003,50
71004,42
71005,64
71006,54
71007,49
71008,57
71009,31
71010,38
71011,25
71012,23
71013,19
71014,22
71015,22
71016,43
71017,30
71018,34
71019,26
71020,36
71021,46
71022,38
71023,50
71024,22
71025,55
71026,56
71027,21
71028,35
71029,34
71030,23
71031,27
71032,43
71033,55
71034,45
71035,45
71036,47
71037,56
71038,30
71039,51
71040,54
71041,40
71042,47
71043,37
71044,44
71045,18
71046,20
71047,48
71048,26
71049,41
71050,45
71051,52
71052,20
71053,47
71054,55
71055,62
71056,61
71057,47
71058,34
71059,48
71060,51
71061,35
71062,38
71063,22
71064,58
71065,42
71066,29
71067,27
71068,51
71069,62
71070,55
71071,27
71072,52
71073,28
71074,31
71075,51
71076,18
71077,30
71078,39
71079,35
71080,22
71081,40
71082,19
71083,18
71084,63
71085,18
71086,28
71087,34
71088,32
71089,38
71090,49
71091,51
71092,64
71093,63
71094,54
71095,50
71096,44
71097,51
71098,64
71099,32
71100,18
71101,30
71102,50
71103,50
71104,42
71105,64
71106,54
71107,49
71108,57
71109,31
71110,38
71111,25
71112,23
71113,19
71114,22
71115,22
71116,43
71117,30
71118,34
71119,26
71120,36
71121,46
71122,38
71123,50
71124,22
71125,55
71126,56
71127,21
71128,35
71129,34
71130,23
71131,27
71132,43
71133,55
71134,45
71135,45
71136,47
71137,56
71138,30
71139,51
71140,54
71141,40
71142,47
71143,37
71144,44
71145,18
71146,20
71147,48
71148,26
71149,41
71150,45
71151,52
71152,20
71153,47
71154,55
71155,62
71156,61
71157,47
71158,34
71159,48
71160,51
71161,35
71162,38
71163,22
71164,58
71165,42
71166,29
71167,27
71168,51
71169,62
71170,55
71171,27
71172,52
71173,28
71174,31
71175,51
71176,18
71177,30
71178,39
71179,35
71180,22
71181,40
71182,19
71183,18
71184,63
71185,18
71186,28
71187,34
71188,32
71189,38
71190,49
71191,51
71192,64
71193,63
71194,54
71195,50
71196,44
71197,51
71198,64
71199,32
71200,18
71201,30
71202,50
71203,50
71204,42
71205,64
71206,54
71207,49
71208,57
71209,31
71210,38
71211,25
71212,23
71213,19
71214,22
71215,22
71216,43
71217,30
71218,34
71219,26
71220,36
71221,46
71222,38
71223,50
71224,22
71225,55
71226,56
71227,21
71228,35
71229,34
71230,23
71231,27
71232,43
71233,55
71234,45
71235,45
71236,47
71237,56
71238,30
71239,51
71240,54
71241,40
71242,47
71243,37
71244,44
71245,18
71246,20
71247,48
71248,26
71249,41
71250,45
71251,52
71252,20
71253,47
71254,55
71255,62
71256,61
71257,47
71258,34
71259,48
71260,51
71261,35
71262,38
71263,22
71264,58
71265,42
71266,29
71267,27
71268,51
71269,62
71270,55
71271,27
71272,52
71273,28
71274,31
71275,51
71276,18
71277,30
71278,39
71279,35
71280,22
71281,40
71282,19
71283,18
71284,63
71285,18
71286,28
71287,34
71288,32
71289,38
71290,49
71291,51
71292,64
71293,63
71294,54
71295,50
71296,44
71297,51
71298,64
71299,32
71300,18
71301,30
71302,50
71303,50
71304,42
71305,64
71306,54
71307,49
71308,57
71309,31
71310,38
71311,25
71312,23
71313,19
71314,22
71315,22
71316,43
71317,30
71318,34
71319,26
71320,36
71321,46
71322,38
71323,50
71324,22
71325,55
71326,56
71327,21
71328,35
71329,34
71330,23
71331,27
71332,43
71333,55
71334,45
71335,45
71336,47
71337,56
71338,30
71339,51
71340,54
71341,40
71342,47
71343,37
71344,44
71345,18
71346,20
71347,48
71348,26
71349,41
71350,45
71351,52
71352,20
71353,47
71354,55
71355,62
71356,61
71357,47
71358,34
71359,48
71360,51
71361,35
71362,38
71363,22
71364,58
71365,42
71366,29
71367,27
71368,51
71369,62
71370,55
71371,27
71372,52
71373,28
71374,31
71375,51
71376,18
71377,30
71378,39
71379,35
71380,22
71381,40
71382,19
71383,18
71384,63
71385,18
71386,28
71387,34
71388,32
71389,38
71390,49
71391,51
71392,64
71393,63
71394,54
71395,50
71396,44
71397,51
71398,64
71399,32
71400,18
71401,30
71402,50
71403,50
71404,42
71405,64
71406,54
71407,49
71408,57
71409,31
71410,38
71411,25
71412,23
71413,19
71414,22
71415,22
71416,43
71417,30
71418,34
71419,26
71420,36
71421,46
71422,38
71423,50
71424,22
71425,55
71426,56
71427,21
71428,35
71429,34
71430,23
71431,27
71432,43
71433,55
71434,45
71435,45
71436,47
71437,56
71438,30
71439,51
71440,54
71441,40
71442,47
71443,37
71444,44
71445,18
71446,20
71447,48
71448,26
71449,41
71450,45
71451,52
71452,20
71453,47
71454,55
71455,62
71456,61
71457,47
71458,34
71459,48
71460,51
71461,35
71462,38
71463,22
71464,58
71465,42
71466,29
71467,27
71468,51
71469,62
71470,55
71471,27
71472,52
71473,28
71474,31
71475,51
71476,18
71477,30
71478,39
71479,35
71480,22
71481,40
71482,19
71483,18
71484,63
71485,18
71486,28
71487,34
71488,32
71489,38
71490,49
71491,51
71492,64
71493,63
71494,54
71495,50
71496,44
71497,51
71498,64
71499,32
71500,18
71501,30
71502,50
71503,50
71504,42
71505,64
71506,54
71507,49
71508,57
71509,31
71510,38
71511,25
71512,23
71513,19
71514,22
71515,22
71516,43
71517,30
71518,34
71519,26
71520,36
71521,46
71522,38
71523,50
71524,22
71525,55
71526,56
71527,21
71528,35
71529,34
71530,23
71531,27
71532,43
71533,55
71534,45
71535,45
71536,47
71537,56
71538,30
71539,51
71540,54
71541,40
71542,47
71543,37
71544,44
71545,18
71546,20
71547,48
71548,26
71549,41
71550,45
71551,52
71552,20
71553,47
71554,55
71555,62
71556,61
71557,47
71558,34
71559,48
71560,51
71561,35
71562,38
71563,22
71564,58
71565,42
71566,29
71567,27
71568,51
71569,62
71570,55
71571,27
71572,52
71573,28
71574,31
71575,51
71576,18
71577,30
71578,39
71579,35
71580,22
71581,40
71582,19
71583,18
71584,63
71585,18
71586,28
71587,34
71588,32
71589,38
71590,49
71591,51
71592,64
71593,63
71594,54
71595,50
71596,44
71597,51
71598,64
71599,32
71600,18
71601,30
71602,50
71603,50
71604,42
71605,64
71606,54
71607,49
71608,57
71609,31
71610,38
71611,25
71612,23
71613,19
71614,22
71615,22
71616,43
71617,30
71618,34
71619,26
71620,36
71621,46
71622,38
71623,50
71624,22
71625,55
71626,56
71627,21
71628,35
71629,34
71630,23
71631,27
71632,43
71633,55
71634,45
71635,45
71636,47
71637,56
71638,30
71639,51
71640,54
71641,40
71642,47
71643,37
71644,44
71645,18
71646,20
71647,48
71648,26
71649,41
71650,45
71651,52
71652,20
71653,47
71654,55
71655,62
71656,61
71657,47
71658,34
71659,48
71660,51
71661,35
71662,38
71663,22
71664,58
71665,42
71666,29
71667,27
71668,51
71669,62
71670,55
71671,27
71672,52
71673,28
71674,31
71675,51
71676,18
71677,30
71678,39
71679,35
71680,22
71681,40
71682,19
71683,18
71684,63
71685,18
71686,28
71687,34
71688,32
71689,38
71690,49
71691,51
71692,64
71693,63
71694,54
71695,50
71696,44
71697,51
71698,64
71699,32
71700,18
71701,30
71702,50
71703,50
71704,42
71705,64
71706,54
71707,49
71708,57
71709,31
71710,38
71711,25
71712,23
71713,19
71714,22
71715,22
71716,43
71717,30
71718,34
71719,26
71720,36
71721,46
71722,38
71723,50
71724,22
71725,55
71726,56
71727,21
71728,35
71729,34
71730,23
71731,27
71732,43
71733,55
71734,45
71735,45
71736,47
71737,56
71738,30
71739,51
71740,54
71741,40
71742,47
71743,37
71744,44
71745,18
71746,20
71747,48
71748,26
71749,41
71750,45
71751,52
71752,20
71753,47
71754,55
71755,62
71756,61
71757,47
71758,34
71759,48
71760,51
71761,35
71762,38
71763,22
71764,58
71765,42
71766,29
71767,27
71768,51
71769,62
71770,55
71771,27
71772,52
71773,28
71774,31
71775,51
71776,18
71777,30
71778,39
71779,35
71780,22
71781,40
71782,19
71783,18
71784,63
71785,18
71786,28
71787,34
71788,32
71789,38
71790,49
71791,51
71792,64
71793,63
71794,54
71795,50
71796,44
71797,51
71798,64
71799,32
71800,18
71801,30
71802,50
71803,50
71804,42
71805,64
71806,54
71807,49
71808,57
71809,31
71810,38
71811,25
71812,23
71813,19
71814,22
71815,22
71816,43
71817,30
71818,34
71819,26
71820,36
71821,46
71822,38
71823,50
71824,22
71825,55
71826,56
71827,21
71828,35
71829,34
71830,23
71831,27
71832,43
71833,55
71834,45
71835,45
71836,47
71837,56
71838,30
71839,51
71840,54
71841,40
71842,47
71843,37
71844,44
71845,18
71846,20
71847,48
71848,26
71849,41
71850,45
71851,52
71852,20
71853,47
71854,55
71855,62
71856,61
71857,47
71858,34
71859,48
71860,51
71861,35
71862,38
71863,22
71864,58
71865,42
71866,29
71867,27
71868,51
71869,62
71870,55
71871,27
71872,52
71873,28
71874,31
71875,51
71876,18
71877,30
71878,39
71879,35
71880,22
71881,40
71882,19
71883,18
71884,63
71885,18
71886,28
71887,34
71888,32
71889,38
71890,49
71891,51
71892,64
71893,63
71894,54
71895,50
71896,44
71897,51
71898,64
71899,32
71900,18
71901,30
71902,50
71903,50
71904,42
71905,64
71906,54
71907,49
71908,57
71909,31
71910,38
71911,25
71912,23
71913,19
71914,22
71915,22
71916,43
71917,30
71918,34
71919,26
71920,36
71921,46
71922,38
71923,50
71924,22
71925,55
71926,56
71927,21
71928,35
71929,34
71930,23
71931,27
71932,43
71933,55
71934,45
71935,45
71936,47
71937,56
71938,30
71939,51
71940,54
71941,40
71942,47
71943,37
71944,44
71945,18
71946,20
71947,48
71948,26
71949,41
71950,45
71951,52
71952,20
71953,47
71954,55
71955,62
71956,61
71957,47
71958,34
71959,48
71960,51
71961,35
71962,38
71963,22
71964,58
71965,42
71966,29
71967,27
71968,51
71969,62
71970,55
71971,27
71972,52
71973,28
71974,31
71975,51
71976,18
71977,30
71978,39
71979,35
71980,22
71981,40
71982,19
71983,18
71984,63
71985,18
71986,28
71987,34
71988,32
71989,38
71990,49
71991,51
71992,64
71993,63
71994,54
71995,50
71996,44
71997,51
71998,64
71999,32
72000,18
72001,30
72002,50
72003,50
72004,42
72005,64
72006,54
72007,49
72008,57
72009,31
72010,38
72011,25
72012,23
72013,19
72014,22
72015,22
72016,43
72017,30
72018,34
72019,26
72020,36
72021,46
72022,38
72023,50
72024,22
72025,55
72026,56
72027,21
72028,35
72029,34
72030,23
72031,27
72032,43
72033,55
72034,45
72035,45
72036,47
72037,56
72038,30
72039,51
72040,54
72041,40
72042,47
72043,37
72044,44
72045,18
72046,20
72047,48
72048,26
72049,41
72050,45
72051,52
72052,20
72053,47
72054,55
72055,62
72056,61
72057,47
72058,34
72059,48
72060,51
72061,35
72062,38
72063,22
72064,58
72065,42
72066,29
72067,27
72068,51
72069,62
72070,55
72071,27
72072,52
72073,28
72074,31
72075,51
72076,18
72077,30
72078,39
72079,35
72080,22
72081,40
72082,19
72083,18
72084,63
72085,18
72086,28
72087,34
72088,32
72089,38
72090,49
72091,51
72092,64
72093,63
72094,54
72095,50
72096,44
72097,51
72098,64
72099,32
72100,18
72101,30
72102,50
72103,50
72104,42
72105,64
72106,54
72107,49
72108,57
72109,31
72110,38
72111,25
72112,23
72113,19
72114,22
72115,22
72116,43
72117,30
72118,34
72119,26
72120,36
72121,46
72122,38
72123,50
72124,22
72125,55
72126,56
72127,21
72128,35
72129,34
72130,23
72131,27
72132,43
72133,55
72134,45
72135,45
72136,47
72137,56
72138,30
72139,51
72140,54
72141,40
72142,47
72143,37
72144,44
72145,18
72146,20
72147,48
72148,26
72149,41
72150,45
72151,52
72152,20
72153,47
72154,55
72155,62
72156,61
72157,47
72158,34
72159,48
72160,51
72161,35
72162,38
72163,22
72164,58
72165,42
72166,29
72167,27
72168,51
72169,62
72170,55
72171,27
72172,52
72173,28
72174,31
72175,51
72176,18
72177,30
72178,39
72179,35
72180,22
72181,40
72182,19
72183,18
72184,63
72185,18
72186,28
72187,34
72188,32
72189,38
72190,49
72191,51
72192,64
72193,63
72194,54
72195,50
72196,44
72197,51
72198,64
72199,32
72200,18
72201,30
72202,50
72203,50
72204,42
72205,64
72206,54
72207,49
72208,57
72209,31
72210,38
72211,25
72212,23
72213,19
72214,22
72215,22
72216,43
72217,30
72218,34
72219,26
72220,36
72221,46
72222,38
72223,50
72224,22
72225,55
72226,56
72227,21
72228,35
72229,34
72230,23
72231,27
72232,43
72233,55
72234,45
72235,45
72236,47
72237,56
72238,30
72239,51
72240,54
72241,40
72242,47
72243,37
72244,44
72245,18
72246,20
72247,48
72248,26
72249,41
72250,45
72251,52
72252,20
72253,47
72254,55
72255,62
72256,61
72257,47
72258,34
72259,48
72260,51
72261,35
72262,38
72263,22
72264,58
72265,42
72266,29
72267,27
72268,51
72269,62
72270,55
72271,27
72272,52
72273,28
72274,31
72275,51
72276,18
72277,30
72278,39
72279,35
72280,22
72281,40
72282,19
72283,18
72284,63
72285,18
72286,28
72287,34
72288,32
72289,38
72290,49
72291,51
72292,64
72293,63
72294,54
72295,50
72296,44
72297,51
72298,64
72299,32
72300,18
72301,30
72302,50
72303,50
72304,42
72305,64
72306,54
72307,49
72308,57
72309,31
72310,38
72311,25
72312,23
72313,19
72314,22
72315,22
72316,43
72317,30
72318,34
72319,26
72320,36
72321,46
72322,38
72323,50
72324,22
72325,55
72326,56
72327,21
72328,35
72329,34
72330,23
72331,27
72332,43
72333,55
72334,45
72335,45
72336,47
72337,56
72338,30
72339,51
72340,54
72341,40
72342,47
72343,37
72344,44
72345,18
72346,20
72347,48
72348,26
72349,41
72350,45
72351,52
72352,20
72353,47
72354,55
72355,62
72356,61
72357,47
72358,34
72359,48
72360,51
72361,35
72362,38
72363,22
72364,58
72365,42
72366,29
72367,27
72368,51
72369,62
72370,55
72371,27
72372,52
72373,28
72374,31
72375,51
72376,18
72377,30
72378,39
72379,35
72380,22
72381,40
72382,19
72383,18
72384,63
72385,18
72386,28
72387,34
72388,32
72389,38
72390,49
72391,51
72392,64
72393,63
72394,54
72395,50
72396,44
72397,51
72398,64
72399,32
72400,18
72401,30
72402,50
72403,50
72404,42
72405,64
72406,54
72407,49
72408,57
72409,31
72410,38
72411,25
72412,23
72413,19
72414,22
72415,22
72416,43
72417,30
72418,34
72419,26
72420,36
72421,46
72422,38
72423,50
72424,22
72425,55
72426,56
72427,21
72428,35
72429,34
72430,23
72431,27
72432,43
72433,55
72434,45
72435,45
72436,47
72437,56
72438,30
72439,51
72440,54
72441,40
72442,47
72443,37
72444,44
72445,18
72446,20
72447,48
72448,26
72449,41
72450,45
72451,52
72452,20
72453,47
72454,55
72455,62
72456,61
72457,47
72458,34
72459,48
72460,51
72461,35
72462,38
72463,22
72464,58
72465,42
72466,29
72467,27
72468,51
72469,62
72470,55
72471,27
72472,52
72473,28
72474,31
72475,51
72476,18
72477,30
72478,39
72479,35
72480,22
72481,40
72482,19
72483,18
72484,63
72485,18
72486,28
72487,34
72488,32
72489,38
72490,49
72491,51
72492,64
72493,63
72494,54
72495,50
72496,44
72497,51
72498,64
72499,32
72500,18
72501,30
72502,50
72503,50
72504,42
72505,64
72506,54
72507,49
72508,57
72509,31
72510,38
72511,25
72512,23
72513,19
72514,22
72515,22
72516,43
72517,30
72518,34
72519,26
72520,36
72521,46
72522,38
72523,50
72524,22
72525,55
72526,56
72527,21
72528,35
72529,34
72530,23
72531,27
72532,43
72533,55
72534,45
72535,45
72536,47
72537,56
72538,30
72539,51
72540,54
72541,40
72542,47
72543,37
72544,44
72545,18
72546,20
72547,48
72548,26
72549,41
72550,45
72551,52
72552,20
72553,47
72554,55
72555,62
72556,61
72557,47
72558,34
72559,48
72560,51
72561,35
72562,38
72563,22
72564,58
72565,42
72566,29
72567,27
72568,51
72569,62
72570,55
72571,27
72572,52
72573,28
72574,31
72575,51
72576,18
72577,30
72578,39
72579,35
72580,22
72581,40
72582,19
72583,18
72584,63
72585,18
72586,28
72587,34
72588,32
72589,38
72590,49
72591,51
72592,64
72593,63
72594,54
72595,50
72596,44
72597,51
72598,64
72599,32
72600,18
72601,30
72602,50
72603,50
72604,42
72605,64
72606,54
72607,49
72608,57
72609,31
72610,38
72611,25
72612,23
72613,19
72614,22
72615,22
72616,43
72617,30
72618,34
72619,26
72620,36
72621,46
72622,38
72623,50
72624,22
72625,55
72626,56
72627,21
72628,35
72629,34
72630,23
72631,27
72632,43
72633,55
72634,45
72635,45
72636,47
72637,56
72638,30
72639,51
72640,54
72641,40
72642,47
72643,37
72644,44
72645,18
72646,20
72647,48
72648,26
72649,41
72650,45
72651,52
72652,20
72653,47
72654,55
72655,62
72656,61
72657,47
72658,34
72659,48
72660,51
72661,35
72662,38
72663,22
72664,58
72665,42
72666,29
72667,27
72668,51
72669,62
72670,55
72671,27
72672,52
72673,28
72674,31
72675,51
72676,18
72677,30
72678,39
72679,35
72680,22
72681,40
72682,19
72683,18
72684,63
72685,18
72686,28
72687,34
72688,32
72689,38
72690,49
72691,51
72692,64
72693,63
72694,54
72695,50
72696,44
72697,51
72698,64
72699,32
72700,18
72701,30
72702,50
72703,50
72704,42
72705,64
72706,54
72707,49
72708,57
72709,31
72710,38
72711,25
72712,23
72713,19
72714,22
72715,22
72716,43
72717,30
72718,34
72719,26
72720,36
72721,46
72722,38
72723,50
72724,22
72725,55
72726,56
72727,21
72728,35
72729,34
72730,23
72731,27
72732,43
72733,55
72734,45
72735,45
72736,47
72737,56
72738,30
72739,51
72740,54
72741,40
72742,47
72743,37
72744,44
72745,18
72746,20
72747,48
72748,26
72749,41
72750,45
72751,52
72752,20
72753,47
72754,55
72755,62
72756,61
72757,47
72758,34
72759,48
72760,51
72761,35
72762,38
72763,22
72764,58
72765,42
72766,29
72767,27
72768,51
72769,62
72770,55
72771,27
72772,52
72773,28
72774,31
72775,51
72776,18
72777,30
72778,39
72779,35
72780,22
72781,40
72782,19
72783,18
72784,63
72785,18
72786,28
72787,34
72788,32
72789,38
72790,49
72791,51
72792,64
72793,63
72794,54
72795,50
72796,44
72797,51
72798,64
72799,32
72800,18
72801,30
72802,50
72803,50
72804,42
72805,64
72806,54
72807,49
72808,57
72809,31
72810,38
72811,25
72812,23
72813,19
72814,22
72815,22
72816,43
72817,30
72818,34
72819,26
72820,36
72821,46
72822,38
72823,50
72824,22
72825,55
72826,56
72827,21
72828,35
72829,34
72830,23
72831,27
72832,43
72833,55
72834,45
72835,45
72836,47
72837,56
72838,30
72839,51
72840,54
72841,40
72842,47
72843,37
72844,44
72845,18
72846,20
72847,48
72848,26
72849,41
72850,45
72851,52
72852,20
72853,47
72854,55
72855,62
72856,61
72857,47
72858,34
72859,48
72860,51
72861,35
72862,38
72863,22
72864,58
72865,42
72866,29
72867,27
72868,51
72869,62
72870,55
72871,27
72872,52
72873,28
72874,31
72875,51
72876,18
72877,30
72878,39
72879,35
72880,22
72881,40
72882,19
72883,18
72884,63
72885,18
72886,28
72887,34
72888,32
72889,38
72890,49
72891,51
72892,64
72893,63
72894,54
72895,50
72896,44
72897,51
72898,64
72899,32
72900,18
72901,30
72902,50
72903,50
72904,42
72905,64
72906,54
72907,49
72908,57
72909,31
72910,38
72911,25
72912,23
72913,19
72914,22
72915,22
72916,43
72917,30
72918,34
72919,26
72920,36
72921,46
72922,38
72923,50
72924,22
72925,55
72926,56
72927,21
72928,35
72929,34
72930,23
72931,27
72932,43
72933,55
72934,45
72935,45
72936,47
72937,56
72938,30
72939,51
72940,54
72941,40
72942,47
72943,37
72944,44
72945,18
72946,20
72947,48
72948,26
72949,41
72950,45
72951,52
72952,20
72953,47
72954,55
72955,62
72956,61
72957,47
72958,34
72959,48
72960,51
72961,35
72962,38
72963,22
72964,58
72965,42
72966,29
72967,27
72968,51
72969,62
72970,55
72971,27
72972,52
72973,28
72974,31
72975,51
72976,18
72977,30
72978,39
72979,35
72980,22
72981,40
72982,19
72983,18
72984,63
72985,18
72986,28
72987,34
72988,32
72989,38
72990,49
72991,51
72992,64
72993,63
72994,54
72995,50
72996,44
72997,51
72998,64
72999,32
73000,18
73001,30
73002,50
73003,50
73004,42
73005,64
73006,54
73007,49
73008,57
73009,31
73010,38
73011,25
73012,23
73013,19
73014,22
73015,22
73016,43
73017,30
73018,34
73019,26
73020,36
73021,46
73022,38
73023,50
73024,22
73025,55
73026,56
73027,21
73028,35
73029,34
73030,23
73031,27
73032,43
73033,55
73034,45
73035,45
73036,47
73037,56
73038,30
73039,51
73040,54
73041,40
73042,47
73043,37
73044,44
73045,18
73046,20
73047,48
73048,26
73049,41
73050,45
73051,52
73052,20
73053,47
73054,55
73055,62
73056,61
73057,47
73058,34
73059,48
73060,51
73061,35
73062,38
73063,22
73064,58
73065,42
73066,29
73067,27
73068,51
73069,62
73070,55
73071,27
73072,52
73073,28
73074,31
73075,51
73076,18
73077,30
73078,39
73079,35
73080,22
73081,40
73082,19
73083,18
73084,63
73085,18
73086,28
73087,34
73088,32
73089,38
73090,49
73091,51
73092,64
73093,63
73094,54
73095,50
73096,44
73097,51
73098,64
73099,32
73100,18
73101,30
73102,50
73103,50
73104,42
73105,64
73106,54
73107,49
73108,57
73109,31
73110,38
73111,25
73112,23
73113,19
73114,22
73115,22
73116,43
73117,30
73118,34
73119,26
73120,36
73121,46
73122,38
73123,50
73124,22
73125,55
73126,56
73127,21
73128,35
73129,34
73130,23
73131,27
73132,43
73133,55
73134,45
73135,45
73136,47
73137,56
73138,30
73139,51
73140,54
73141,40
73142,47
73143,37
73144,44
73145,18
73146,20
73147,48
73148,26
73149,41
73150,45
73151,52
73152,20
73153,47
73154,55
73155,62
73156,61
73157,47
73158,34
73159,48
73160,51
73161,35
73162,38
73163,22
73164,58
73165,42
73166,29
73167,27
73168,51
73169,62
73170,55
73171,27
73172,52
73173,28
73174,31
73175,51
73176,18
73177,30
73178,39
73179,35
73180,22
73181,40
73182,19
73183,18
73184,63
73185,18
73186,28
73187,34
73188,32
73189,38
73190,49
73191,51
73192,64
73193,63
73194,54
73195,50
73196,44
73197,51
73198,64
73199,32
73200,18
73201,30
73202,50
73203,50
73204,42
73205,64
73206,54
73207,49
73208,57
73209,31
73210,38
73211,25
73212,23
73213,19
73214,22
73215,22
73216,43
73217,30
73218,34
73219,26
73220,36
73221,46
73222,38
73223,50
73224,22
73225,55
73226,56
73227,21
73228,35
73229,34
73230,23
73231,27
73232,43
73233,55
73234,45
73235,45
73236,47
73237,56
73238,30
73239,51
73240,54
73241,40
73242,47
73243,37
73244,44
73245,18
73246,20
73247,48
73248,26
73249,41
73250,45
73251,52
73252,20
73253,47
73254,55
73255,62
73256,61
73257,47
73258,34
73259,48
73260,51
73261,35
73262,38
73263,22
73264,58
73265,42
73266,29
73267,27
73268,51
73269,62
73270,55
73271,27
73272,52
73273,28
73274,31
73275,51
73276,18
73277,30
73278,39
73279,35
73280,22
73281,40
73282,19
73283,18
73284,63
73285,18
73286,28
73287,34
73288,32
73289,38
73290,49
73291,51
73292,64
73293,63
73294,54
73295,50
73296,44
73297,51
73298,64
73299,32
73300,18
73301,30
73302,50
73303,50
73304,42
73305,64
73306,54
73307,49
73308,57
73309,31
73310,38
73311,25
73312,23
73313,19
73314,22
73315,22
73316,43
73317,30
73318,34
73319,26
73320,36
73321,46
73322,38
73323,50
73324,22
73325,55
73326,56
73327,21
73328,35
73329,34
73330,23
73331,27
73332,43
73333,55
73334,45
73335,45
73336,47
73337,56
73338,30
73339,51
73340,54
73341,40
73342,47
73343,37
73344,44
73345,18
73346,20
73347,48
73348,26
73349,41
73350,45
73351,52
73352,20
73353,47
73354,55
73355,62
73356,61
73357,47
73358,34
73359,48
73360,51
73361,35
73362,38
73363,22
73364,58
73365,42
73366,29
73367,27
73368,51
73369,62
73370,55
73371,27
73372,52
73373,28
73374,31
73375,51
73376,18
73377,30
73378,39
73379,35
73380,22
73381,40
73382,19
73383,18
73384,63
73385,18
73386,28
73387,34
73388,32
73389,38
73390,49
73391,51
73392,64
73393,63
73394,54
73395,50
73396,44
73397,51
73398,64
73399,32
73400,18
73401,30
73402,50
73403,50
73404,42
73405,64
73406,54
73407,49
73408,57
73409,31
73410,38
73411,25
73412,23
73413,19
73414,22
73415,22
73416,43
73417,30
73418,34
73419,26
73420,36
73421,46
73422,38
73423,50
73424,22
73425,55
73426,56
73427,21
73428,35
73429,34
73430,23
73431,27
73432,43
73433,55
73434,45
73435,45
73436,47
73437,56
73438,30
73439,51
73440,54
73441,40
73442,47
73443,37
73444,44
73445,18
73446,20
73447,48
73448,26
73449,41
73450,45
73451,52
73452,20
73453,47
73454,55
73455,62
73456,61
73457,47
73458,34
73459,48
73460,51
73461,35
73462,38
73463,22
73464,58
73465,42
73466,29
73467,27
73468,51
73469,62
73470,55
73471,27
73472,52
73473,28
73474,31
73475,51
73476,18
73477,30
73478,39
73479,35
73480,22
73481,40
73482,19
73483,18
73484,63
73485,18
73486,28
73487,34
73488,32
73489,38
73490,49
73491,51
73492,64
73493,63
73494,54
73495,50
73496,44
73497,51
73498,64
73499,32
73500,18
73501,30
73502,50
73503,50
73504,42
73505,64
73506,54
73507,49
73508,57
73509,31
73510,38
73511,25
73512,23
73513,19
73514,22
73515,22
73516,43
73517,30
73518,34
73519,26
73520,36
73521,46
73522,38
73523,50
73524,22
73525,55
73526,56
73527,21
73528,35
73529,34
73530,23
73531,27
73532,43
73533,55
73534,45
73535,45
73536,47
73537,56
73538,30
73539,51
73540,54
73541,40
73542,47
73543,37
73544,44
73545,18
73546,20
73547,48
73548,26
73549,41
73550,45
73551,52
73552,20
73553,47
73554,55
73555,62
73556,61
73557,47
73558,34
73559,48
73560,51
73561,35
73562,38
73563,22
73564,58
73565,42
73566,29
73567,27
73568,51
73569,62
73570,55
73571,27
73572,52
73573,28
73574,31
73575,51
73576,18
73577,30
73578,39
73579,35
73580,22
73581,40
73582,19
73583,18
73584,63
73585,18
73586,28
73587,34
73588,32
73589,38
73590,49
73591,51
73592,64
73593,63
73594,54
73595,50
73596,44
73597,51
73598,64
73599,32
73600,18
73601,30
73602,50
73603,50
73604,42
73605,64
73606,54
73607,49
73608,57
73609,31
73610,38
73611,25
73612,23
73613,19
73614,22
73615,22
73616,43
73617,30
73618,34
73619,26
73620,36
73621,46
73622,38
73623,50
73624,22
73625,55
73626,56
73627,21
73628,35
73629,34
73630,23
73631,27
73632,43
73633,55
73634,45
73635,45
73636,47
73637,56
73638,30
73639,51
73640,54
73641,40
73642,47
73643,37
73644,44
73645,18
73646,20
73647,48
73648,26
73649,41
73650,45
73651,52
73652,20
73653,47
73654,55
73655,62
73656,61
73657,47
73658,34
73659,48
73660,51
73661,35
73662,38
73663,22
73664,58
73665,42
73666,29
73667,27
73668,51
73669,62
73670,55
73671,27
73672,52
73673,28
73674,31
73675,51
73676,18
73677,30
73678,39
73679,35
73680,22
73681,40
73682,19
73683,18
73684,63
73685,18
73686,28
73687,34
73688,32
73689,38
73690,49
73691,51
73692,64
73693,63
73694,54
73695,50
73696,44
73697,51
73698,64
73699,32
73700,18
73701,30
73702,50
73703,50
73704,42
73705,64
73706,54
73707,49
73708,57
73709,31
73710,38
73711,25
73712,23
73713,19
73714,22
73715,22
73716,43
73717,30
73718,34
73719,26
73720,36
73721,46
73722,38
73723,50
73724,22
73725,55
73726,56
73727,21
73728,35
73729,34
73730,23
73731,27
73732,43
73733,55
73734,45
73735,45
73736,47
73737,56
73738,30
73739,51
73740,54
73741,40
73742,47
73743,37
73744,44
73745,18
73746,20
73747,48
73748,26
73749,41
73750,45
73751,52
73752,20
73753,47
73754,55
73755,62
73756,61
73757,47
73758,34
73759,48
73760,51
73761,35
73762,38
73763,22
73764,58
73765,42
73766,29
73767,27
73768,51
73769,62
73770,55
73771,27
73772,52
73773,28
73774,31
73775,51
73776,18
73777,30
73778,39
73779,35
73780,22
73781,40
73782,19
73783,18
73784,63
73785,18
73786,28
73787,34
73788,32
73789,38
73790,49
73791,51
73792,64
73793,63
73794,54
73795,50
73796,44
73797,51
73798,64
73799,32
73800,18
73801,30
73802,50
73803,50
73804,42
73805,64
73806,54
73807,49
73808,57
73809,31
73810,38
73811,25
73812,23
73813,19
73814,22
73815,22
73816,43
73817,30
73818,34
73819,26
73820,36
73821,46
73822,38
73823,50
73824,22
73825,55
73826,56
73827,21
73828,35
73829,34
73830,23
73831,27
73832,43
73833,55
73834,45
73835,45
73836,47
73837,56
73838,30
73839,51
73840,54
73841,40
73842,47
73843,37
73844,44
73845,18
73846,20
73847,48
73848,26
73849,41
73850,45
73851,52
73852,20
73853,47
73854,55
73855,62
73856,61
73857,47
73858,34
73859,48
73860,51
73861,35
73862,38
73863,22
73864,58
73865,42
73866,29
73867,27
73868,51
73869,62
73870,55
73871,27
73872,52
73873,28
73874,31
73875,51
73876,18
73877,30
73878,39
73879,35
73880,22
73881,40
73882,19
73883,18
73884,63
73885,18
73886,28
73887,34
73888,32
73889,38
73890,49
73891,51
73892,64
73893,63
73894,54
73895,50
73896,44
73897,51
73898,64
73899,32
73900,18
73901,30
73902,50
73903,50
73904,42
73905,64
73906,54
73907,49
73908,57
73909,31
73910,38
73911,25
73912,23
73913,19
73914,22
73915,22
73916,43
73917,30
73918,34
73919,26
73920,36
73921,46
73922,38
73923,50
73924,22
73925,55
73926,56
73927,21
73928,35
73929,34
73930,23
73931,27
73932,43
73933,55
73934,45
73935,45
73936,47
73937,56
73938,30
73939,51
73940,54
73941,40
73942,47
73943,37
73944,44
73945,18
73946,20
73947,48
73948,26
73949,41
73950,45
73951,52
73952,20
73953,47
73954,55
73955,62
73956,61
73957,47
73958,34
73959,48
73960,51
73961,35
73962,38
73963,22
73964,58
73965,42
73966,29
73967,27
73968,51
73969,62
73970,55
73971,27
73972,52
73973,28
73974,31
73975,51
73976,18
73977,30
73978,39
73979,35
73980,22
73981,40
73982,19
73983,18
73984,63
73985,18
73986,28
73987,34
73988,32
73989,38
73990,49
73991,51
73992,64
73993,63
73994,54
73995,50
73996,44
73997,51
73998,64
73999,32
74000,18
74001,30
74002,50
74003,50
74004,42
74005,64
74006,54
74007,49
74008,57
74009,31
74010,38
74011,25
74012,23
74013,19
74014,22
74015,22
74016,43
74017,30
74018,34
74019,26
74020,36
74021,46
74022,38
74023,50
74024,22
74025,55
74026,56
74027,21
74028,35
74029,34
74030,23
74031,27
74032,43
74033,55
74034,45
74035,45
74036,47
74037,56
74038,30
74039,51
74040,54
74041,40
74042,47
74043,37
74044,44
74045,18
74046,20
74047,48
74048,26
74049,41
74050,45
74051,52
74052,20
74053,47
74054,55
74055,62
74056,61
74057,47
74058,34
74059,48
74060,51
74061,35
74062,38
74063,22
74064,58
74065,42
74066,29
74067,27
74068,51
74069,62
74070,55
74071,27
74072,52
74073,28
74074,31
74075,51
74076,18
74077,30
74078,39
74079,35
74080,22
74081,40
74082,19
74083,18
74084,63
74085,18
74086,28
74087,34
74088,32
74089,38
74090,49
74091,51
74092,64
74093,63
74094,54
74095,50
74096,44
74097,51
74098,64
74099,32
74100,18
74101,30
74102,50
74103,50
74104,42
74105,64
74106,54
74107,49
74108,57
74109,31
74110,38
74111,25
74112,23
74113,19
74114,22
74115,22
74116,43
74117,30
74118,34
74119,26
74120,36
74121,46
74122,38
74123,50
74124,22
74125,55
74126,56
74127,21
74128,35
74129,34
74130,23
74131,27
74132,43
74133,55
74134,45
74135,45
74136,47
74137,56
74138,30
74139,51
74140,54
74141,40
74142,47
74143,37
74144,44
74145,18
74146,20
74147,48
74148,26
74149,41
74150,45
74151,52
74152,20
74153,47
74154,55
74155,62
74156,61
74157,47
74158,34
74159,48
74160,51
74161,35
74162,38
74163,22
74164,58
74165,42
74166,29
74167,27
74168,51
74169,62
74170,55
74171,27
74172,52
74173,28
74174,31
74175,51
74176,18
74177,30
74178,39
74179,35
74180,22
74181,40
74182,19
74183,18
74184,63
74185,18
74186,28
74187,34
74188,32
74189,38
74190,49
74191,51
74192,64
74193,63
74194,54
74195,50
74196,44
74197,51
74198,64
74199,32
74200,18
74201,30
74202,50
74203,50
74204,42
74205,64
74206,54
74207,49
74208,57
74209,31
74210,38
74211,25
74212,23
74213,19
74214,22
74215,22
74216,43
74217,30
74218,34
74219,26
74220,36
74221,46
74222,38
74223,50
74224,22
74225,55
74226,56
74227,21
74228,35
74229,34
74230,23
74231,27
74232,43
74233,55
74234,45
74235,45
74236,47
74237,56
74238,30
74239,51
74240,54
74241,40
74242,47
74243,37
74244,44
74245,18
74246,20
74247,48
74248,26
74249,41
74250,45
74251,52
74252,20
74253,47
74254,55
74255,62
74256,61
74257,47
74258,34
74259,48
74260,51
74261,35
74262,38
74263,22
74264,58
74265,42
74266,29
74267,27
74268,51
74269,62
74270,55
74271,27
74272,52
74273,28
74274,31
74275,51
74276,18
74277,30
74278,39
74279,35
74280,22
74281,40
74282,19
74283,18
74284,63
74285,18
74286,28
74287,34
74288,32
74289,38
74290,49
74291,51
74292,64
74293,63
74294,54
74295,50
74296,44
74297,51
74298,64
74299,32
74300,18
74301,30
74302,50
74303,50
74304,42
74305,64
74306,54
74307,49
74308,57
74309,31
74310,38
74311,25
74312,23
74313,19
74314,22
74315,22
74316,43
74317,30
74318,34
74319,26
74320,36
74321,46
74322,38
74323,50
74324,22
74325,55
74326,56
74327,21
74328,35
74329,34
74330,23
74331,27
74332,43
74333,55
74334,45
74335,45
74336,47
74337,56
74338,30
74339,51
74340,54
74341,40
74342,47
74343,37
74344,44
74345,18
74346,20
74347,48
74348,26
74349,41
74350,45
74351,52
74352,20
74353,47
74354,55
74355,62
74356,61
74357,47
74358,34
74359,48
74360,51
74361,35
74362,38
74363,22
74364,58
74365,42
74366,29
74367,27
74368,51
74369,62
74370,55
74371,27
74372,52
74373,28
74374,31
74375,51
74376,18
74377,30
74378,39
74379,35
74380,22
74381,40
74382,19
74383,18
74384,63
74385,18
74386,28
74387,34
74388,32
74389,38
74390,49
74391,51
74392,64
74393,63
74394,54
74395,50
74396,44
74397,51
74398,64
74399,32
74400,18
74401,30
74402,50
74403,50
74404,42
74405,64
74406,54
74407,49
74408,57
74409,31
74410,38
74411,25
74412,23
74413,19
74414,22
74415,22
74416,43
74417,30
74418,34
74419,26
74420,36
74421,46
74422,38
74423,50
74424,22
74425,55
74426,56
74427,21
74428,35
74429,34
74430,23
74431,27
74432,43
74433,55
74434,45
74435,45
74436,47
74437,56
74438,30
74439,51
74440,54
74441,40
74442,47
74443,37
74444,44
74445,18
74446,20
74447,48
74448,26
74449,41
74450,45
74451,52
74452,20
74453,47
74454,55
74455,62
74456,61
74457,47
74458,34
74459,48
74460,51
74461,35
74462,38
74463,22
74464,58
74465,42
74466,29
74467,27
74468,51
74469,62
74470,55
74471,27
74472,52
74473,28
74474,31
74475,51
74476,18
74477,30
74478,39
74479,35
74480,22
74481,40
74482,19
74483,18
74484,63
74485,18
74486,28
74487,34
74488,32
74489,38
74490,49
74491,51
74492,64
74493,63
74494,54
74495,50
74496,44
74497,51
74498,64
74499,32
74500,18
74501,30
74502,50
74503,50
74504,42
74505,64
74506,54
74507,49
74508,57
74509,31
74510,38
74511,25
74512,23
74513,19
74514,22
74515,22
74516,43
74517,30
74518,34
74519,26
74520,36
74521,46
74522,38
74523,50
74524,22
74525,55
74526,56
74527,21
74528,35
74529,34
74530,23
74531,27
74532,43
74533,55
74534,45
74535,45
74536,47
74537,56
74538,30
74539,51
74540,54
74541,40
74542,47
74543,37
74544,44
74545,18
74546,20
74547,48
74548,26
74549,41
74550,45
74551,52
74552,20
74553,47
74554,55
74555,62
74556,61
74557,47
74558,34
74559,48
74560,51
74561,35
74562,38
74563,22
74564,58
74565,42
74566,29
74567,27
74568,51
74569,62
74570,55
74571,27
74572,52
74573,28
74574,31
74575,51
74576,18
74577,30
74578,39
74579,35
74580,22
74581,40
74582,19
74583,18
74584,63
74585,18
74586,28
74587,34
74588,32
74589,38
74590,49
74591,51
74592,64
74593,63
74594,54
74595,50
74596,44
74597,51
74598,64
74599,32
74600,18
74601,30
74602,50
74603,50
74604,42
74605,64
74606,54
74607,49
74608,57
74609,31
74610,38
74611,25
74612,23
74613,19
74614,22
74615,22
74616,43
74617,30
74618,34
74619,26
74620,36
74621,46
74622,38
74623,50
74624,22
74625,55
74626,56
74627,21
74628,35
74629,34
74630,23
74631,27
74632,43
74633,55
74634,45
74635,45
74636,47
74637,56
74638,30
74639,51
74640,54
74641,40
74642,47
74643,37
74644,44
74645,18
74646,20
74647,48
74648,26
74649,41
74650,45
74651,52
74652,20
74653,47
74654,55
74655,62
74656,61
74657,47
74658,34
74659,48
74660,51
74661,35
74662,38
74663,22
74664,58
74665,42
74666,29
74667,27
74668,51
74669,62
74670,55
74671,27
74672,52
74673,28
74674,31
74675,51
74676,18
74677,30
74678,39
74679,35
74680,22
74681,40
74682,19
74683,18
74684,63
74685,18
74686,28
74687,34
74688,32
74689,38
74690,49
74691,51
74692,64
74693,63
74694,54
74695,50
74696,44
74697,51
74698,64
74699,32
74700,18
74701,30
74702,50
74703,50
74704,42
74705,64
74706,54
74707,49
74708,57
74709,31
74710,38
74711,25
74712,23
74713,19
74714,22
74715,22
74716,43
74717,30
74718,34
74719,26
74720,36
74721,46
74722,38
74723,50
74724,22
74725,55
74726,56
74727,21
74728,35
74729,34
74730,23
74731,27
74732,43
74733,55
74734,45
74735,45
74736,47
74737,56
74738,30
74739,51
74740,54
74741,40
74742,47
74743,37
74744,44
74745,18
74746,20
74747,48
74748,26
74749,41
74750,45
74751,52
74752,20
74753,47
74754,55
74755,62
74756,61
74757,47
74758,34
74759,48
74760,51
74761,35
74762,38
74763,22
74764,58
74765,42
74766,29
74767,27
74768,51
74769,62
74770,55
74771,27
74772,52
74773,28
74774,31
74775,51
74776,18
74777,30
74778,39
74779,35
74780,22
74781,40
74782,19
74783,18
74784,63
74785,18
74786,28
74787,34
74788,32
74789,38
74790,49
74791,51
74792,64
74793,63
74794,54
74795,50
74796,44
74797,51
74798,64
74799,32
74800,18
74801,30
74802,50
74803,50
74804,42
74805,64
74806,54
74807,49
74808,57
74809,31
74810,38
74811,25
74812,23
74813,19
74814,22
74815,22
74816,43
74817,30
74818,34
74819,26
74820,36
74821,46
74822,38
74823,50
74824,22
74825,55
74826,56
74827,21
74828,35
74829,34
74830,23
74831,27
74832,43
74833,55
74834,45
74835,45
74836,47
74837,56
74838,30
74839,51
74840,54
74841,40
74842,47
74843,37
74844,44
74845,18
74846,20
74847,48
74848,26
74849,41
74850,45
74851,52
74852,20
74853,47
74854,55
74855,62
74856,61
74857,47
74858,34
74859,48
74860,51
74861,35
74862,38
74863,22
74864,58
74865,42
74866,29
74867,27
74868,51
74869,62
74870,55
74871,27
74872,52
74873,28
74874,31
74875,51
74876,18
74877,30
74878,39
74879,35
74880,22
74881,40
74882,19
74883,18
74884,63
74885,18
74886,28
74887,34
74888,32
74889,38
74890,49
74891,51
74892,64
74893,63
74894,54
74895,50
74896,44
74897,51
74898,64
74899,32
74900,18
74901,30
74902,50
74903,50
74904,42
74905,64
74906,54
74907,49
74908,57
74909,31
74910,38
74911,25
74912,23
74913,19
74914,22
74915,22
74916,43
74917,30
74918,34
74919,26
74920,36
74921,46
74922,38
74923,50
74924,22
74925,55
74926,56
74927,21
74928,35
74929,34
74930,23
74931,27
74932,43
74933,55
74934,45
74935,45
74936,47
74937,56
74938,30
74939,51
74940,54
74941,40
74942,47
74943,37
74944,44
74945,18
74946,20
74947,48
74948,26
74949,41
74950,45
74951,52
74952,20
74953,47
74954,55
74955,62
74956,61
74957,47
74958,34
74959,48
74960,51
74961,35
74962,38
74963,22
74964,58
74965,42
74966,29
74967,27
74968,51
74969,62
74970,55
74971,27
74972,52
74973,28
74974,31
74975,51
74976,18
74977,30
74978,39
74979,35
74980,22
74981,40
74982,19
74983,18
74984,63
74985,18
74986,28
74987,34
74988,32
74989,38
74990,49
74991,51
74992,64
74993,63
74994,54
74995,50
74996,44
74997,51
74998,64
74999,32
75000,18
75001,30
75002,50
75003,50
75004,42
75005,64
75006,54
75007,49
75008,57
75009,31
75010,38
75011,25
75012,23
75013,19
75014,22
75015,22
75016,43
75017,30
75018,34
75019,26
75020,36
75021,46
75022,38
75023,50
75024,22
75025,55
75026,56
75027,21
75028,35
75029,34
75030,23
75031,27
75032,43
75033,55
75034,45
75035,45
75036,47
75037,56
75038,30
75039,51
75040,54
75041,40
75042,47
75043,37
75044,44
75045,18
75046,20
75047,48
75048,26
75049,41
75050,45
75051,52
75052,20
75053,47
75054,55
75055,62
75056,61
75057,47
75058,34
75059,48
75060,51
75061,35
75062,38
75063,22
75064,58
75065,42
75066,29
75067,27
75068,51
75069,62
75070,55
75071,27
75072,52
75073,28
75074,31
75075,51
75076,18
75077,30
75078,39
75079,35
75080,22
75081,40
75082,19
75083,18
75084,63
75085,18
75086,28
75087,34
75088,32
75089,38
75090,49
75091,51
75092,64
75093,63
75094,54
75095,50
75096,44
75097,51
75098,64
75099,32
75100,18
75101,30
75102,50
75103,50
75104,42
75105,64
75106,54
75107,49
75108,57
75109,31
75110,38
75111,25
75112,23
75113,19
75114,22
75115,22
75116,43
75117,30
75118,34
75119,26
75120,36
75121,46
75122,38
75123,50
75124,22
75125,55
75126,56
75127,21
75128,35
75129,34
75130,23
75131,27
75132,43
75133,55
75134,45
75135,45
75136,47
75137,56
75138,30
75139,51
75140,54
75141,40
75142,47
75143,37
75144,44
75145,18
75146,20
75147,48
75148,26
75149,41
75150,45
75151,52
75152,20
75153,47
75154,55
75155,62
75156,61
75157,47
75158,34
75159,48
75160,51
75161,35
75162,38
75163,22
75164,58
75165,42
75166,29
75167,27
75168,51
75169,62
75170,55
75171,27
75172,52
75173,28
75174,31
75175,51
75176,18
75177,30
75178,39
75179,35
75180,22
75181,40
75182,19
75183,18
75184,63
75185,18
75186,28
75187,34
75188,32
75189,38
75190,49
75191,51
75192,64
75193,63
75194,54
75195,50
75196,44
75197,51
75198,64
75199,32
75200,18
75201,30
75202,50
75203,50
75204,42
75205,64
75206,54
75207,49
75208,57
75209,31
75210,38
75211,25
75212,23
75213,19
75214,22
75215,22
75216,43
75217,30
75218,34
75219,26
75220,36
75221,46
75222,38
75223,50
75224,22
75225,55
75226,56
75227,21
75228,35
75229,34
75230,23
75231,27
75232,43
75233,55
75234,45
75235,45
75236,47
75237,56
75238,30
75239,51
75240,54
75241,40
75242,47
75243,37
75244,44
75245,18
75246,20
75247,48
75248,26
75249,41
75250,45
75251,52
75252,20
75253,47
75254,55
75255,62
75256,61
75257,47
75258,34
75259,48
75260,51
75261,35
75262,38
75263,22
75264,58
75265,42
75266,29
75267,27
75268,51
75269,62
75270,55
75271,27
75272,52
75273,28
75274,31
75275,51
75276,18
75277,30
75278,39
75279,35
75280,22
75281,40
75282,19
75283,18
75284,63
75285,18
75286,28
75287,34
75288,32
75289,38
75290,49
75291,51
75292,64
75293,63
75294,54
75295,50
75296,44
75297,51
75298,64
75299,32
75300,18
75301,30
75302,50
75303,50
75304,42
75305,64
75306,54
75307,49
75308,57
75309,31
75310,38
75311,25
75312,23
75313,19
75314,22
75315,22
75316,43
75317,30
75318,34
75319,26
75320,36
75321,46
75322,38
75323,50
75324,22
75325,55
75326,56
75327,21
75328,35
75329,34
75330,23
75331,27
75332,43
75333,55
75334,45
75335,45
75336,47
75337,56
75338,30
75339,51
75340,54
75341,40
75342,47
75343,37
75344,44
75345,18
75346,20
75347,48
75348,26
75349,41
75350,45
75351,52
75352,20
75353,47
75354,55
75355,62
75356,61
75357,47
75358,34
75359,48
75360,51
75361,35
75362,38
75363,22
75364,58
75365,42
75366,29
75367,27
75368,51
75369,62
75370,55
75371,27
75372,52
75373,28
75374,31
75375,51
75376,18
75377,30
75378,39
75379,35
75380,22
75381,40
75382,19
75383,18
75384,63
75385,18
75386,28
75387,34
75388,32
75389,38
75390,49
75391,51
75392,64
75393,63
75394,54
75395,50
75396,44
75397,51
75398,64
75399,32
75400,18
75401,30
75402,50
75403,50
75404,42
75405,64
75406,54
75407,49
75408,57
75409,31
75410,38
75411,25
75412,23
75413,19
75414,22
75415,22
75416,43
75417,30
75418,34
75419,26
75420,36
75421,46
75422,38
75423,50
75424,22
75425,55
75426,56
75427,21
75428,35
75429,34
75430,23
75431,27
75432,43
75433,55
75434,45
75435,45
75436,47
75437,56
75438,30
75439,51
75440,54
75441,40
75442,47
75443,37
75444,44
75445,18
75446,20
75447,48
75448,26
75449,41
75450,45
75451,52
75452,20
75453,47
75454,55
75455,62
75456,61
75457,47
75458,34
75459,48
75460,51
75461,35
75462,38
75463,22
75464,58
75465,42
75466,29
75467,27
75468,51
75469,62
75470,55
75471,27
75472,52
75473,28
75474,31
75475,51
75476,18
75477,30
75478,39
75479,35
75480,22
75481,40
75482,19
75483,18
75484,63
75485,18
75486,28
75487,34
75488,32
75489,38
75490,49
75491,51
75492,64
75493,63
75494,54
75495,50
75496,44
75497,51
75498,64
75499,32
75500,18
75501,30
75502,50
75503,50
75504,42
75505,64
75506,54
75507,49
75508,57
75509,31
75510,38
75511,25
75512,23
75513,19
75514,22
75515,22
75516,43
75517,30
75518,34
75519,26
75520,36
75521,46
75522,38
75523,50
75524,22
75525,55
75526,56
75527,21
75528,35
75529,34
75530,23
75531,27
75532,43
75533,55
75534,45
75535,45
75536,47
75537,56
75538,30
75539,51
75540,54
75541,40
75542,47
75543,37
75544,44
75545,18
75546,20
75547,48
75548,26
75549,41
75550,45
75551,52
75552,20
75553,47
75554,55
75555,62
75556,61
75557,47
75558,34
75559,48
75560,51
75561,35
75562,38
75563,22
75564,58
75565,42
75566,29
75567,27
75568,51
75569,62
75570,55
75571,27
75572,52
75573,28
75574,31
75575,51
75576,18
75577,30
75578,39
75579,35
75580,22
75581,40
75582,19
75583,18
75584,63
75585,18
75586,28
75587,34
75588,32
75589,38
75590,49
75591,51
75592,64
75593,63
75594,54
75595,50
75596,44
75597,51
75598,64
75599,32
75600,18
75601,30
75602,50
75603,50
75604,42
75605,64
75606,54
75607,49
75608,57
75609,31
75610,38
75611,25
75612,23
75613,19
75614,22
75615,22
75616,43
75617,30
75618,34
75619,26
75620,36
75621,46
75622,38
75623,50
75624,22
75625,55
75626,56
75627,21
75628,35
75629,34
75630,23
75631,27
75632,43
75633,55
75634,45
75635,45
75636,47
75637,56
75638,30
75639,51
75640,54
75641,40
75642,47
75643,37
75644,44
75645,18
75646,20
75647,48
75648,26
75649,41
75650,45
75651,52
75652,20
75653,47
75654,55
75655,62
75656,61
75657,47
75658,34
75659,48
75660,51
75661,35
75662,38
75663,22
75664,58
75665,42
75666,29
75667,27
75668,51
75669,62
75670,55
75671,27
75672,52
75673,28
75674,31
75675,51
75676,18
75677,30
75678,39
75679,35
75680,22
75681,40
75682,19
75683,18
75684,63
75685,18
75686,28
75687,34
75688,32
75689,38
75690,49
75691,51
75692,64
75693,63
75694,54
75695,50
75696,44
75697,51
75698,64
75699,32
75700,18
75701,30
75702,50
75703,50
75704,42
75705,64
75706,54
75707,49
75708,57
75709,31
75710,38
75711,25
75712,23
75713,19
75714,22
75715,22
75716,43
75717,30
75718,34
75719,26
75720,36
75721,46
75722,38
75723,50
75724,22
75725,55
75726,56
75727,21
75728,35
75729,34
75730,23
75731,27
75732,43
75733,55
75734,45
75735,45
75736,47
75737,56
75738,30
75739,51
75740,54
75741,40
75742,47
75743,37
75744,44
75745,18
75746,20
75747,48
75748,26
75749,41
75750,45
75751,52
75752,20
75753,47
75754,55
75755,62
75756,61
75757,47
75758,34
75759,48
75760,51
75761,35
75762,38
75763,22
75764,58
75765,42
75766,29
75767,27
75768,51
75769,62
75770,55
75771,27
75772,52
75773,28
75774,31
75775,51
75776,18
75777,30
75778,39
75779,35
75780,22
75781,40
75782,19
75783,18
75784,63
75785,18
75786,28
75787,34
75788,32
75789,38
75790,49
75791,51
75792,64
75793,63
75794,54
75795,50
75796,44
75797,51
75798,64
75799,32
75800,18
75801,30
75802,50
75803,50
75804,42
75805,64
75806,54
75807,49
75808,57
75809,31
75810,38
75811,25
75812,23
75813,19
75814,22
75815,22
75816,43
75817,30
75818,34
75819,26
75820,36
75821,46
75822,38
75823,50
75824,22
75825,55
75826,56
75827,21
75828,35
75829,34
75830,23
75831,27
75832,43
75833,55
75834,45
75835,45
75836,47
75837,56
75838,30
75839,51
75840,54
75841,40
75842,47
75843,37
75844,44
75845,18
75846,20
75847,48
75848,26
75849,41
75850,45
75851,52
75852,20
75853,47
75854,55
75855,62
75856,61
75857,47
75858,34
75859,48
75860,51
75861,35
75862,38
75863,22
75864,58
75865,42
75866,29
75867,27
75868,51
75869,62
75870,55
75871,27
75872,52
75873,28
75874,31
75875,51
75876,18
75877,30
75878,39
75879,35
75880,22
75881,40
75882,19
75883,18
75884,63
75885,18
75886,28
75887,34
75888,32
75889,38
75890,49
75891,51
75892,64
75893,63
75894,54
75895,50
75896,44
75897,51
75898,64
75899,32
75900,18
75901,30
75902,50
75903,50
75904,42
75905,64
75906,54
75907,49
75908,57
75909,31
75910,38
75911,25
75912,23
75913,19
75914,22
75915,22
75916,43
75917,30
75918,34
75919,26
75920,36
75921,46
75922,38
75923,50
75924,22
75925,55
75926,56
75927,21
75928,35
75929,34
75930,23
75931,27
75932,43
75933,55
75934,45
75935,45
75936,47
75937,56
75938,30
75939,51
75940,54
75941,40
75942,47
75943,37
75944,44
75945,18
75946,20
75947,48
75948,26
75949,41
75950,45
75951,52
75952,20
75953,47
75954,55
75955,62
75956,61
75957,47
75958,34
75959,48
75960,51
75961,35
75962,38
75963,22
75964,58
75965,42
75966,29
75967,27
75968,51
75969,62
75970,55
75971,27
75972,52
75973,28
75974,31
75975,51
75976,18
75977,30
75978,39
75979,35
75980,22
75981,40
75982,19
75983,18
75984,63
75985,18
75986,28
75987,34
75988,32
75989,38
75990,49
75991,51
75992,64
75993,63
75994,54
75995,50
75996,44
75997,51
75998,64
75999,32
76000,18
76001,30
76002,50
76003,50
76004,42
76005,64
76006,54
76007,49
76008,57
76009,31
76010,38
76011,25
76012,23
76013,19
76014,22
76015,22
76016,43
76017,30
76018,34
76019,26
76020,36
76021,46
76022,38
76023,50
76024,22
76025,55
76026,56
76027,21
76028,35
76029,34
76030,23
76031,27
76032,43
76033,55
76034,45
76035,45
76036,47
76037,56
76038,30
76039,51
76040,54
76041,40
76042,47
76043,37
76044,44
76045,18
76046,20
76047,48
76048,26
76049,41
76050,45
76051,52
76052,20
76053,47
76054,55
76055,62
76056,61
76057,47
76058,34
76059,48
76060,51
76061,35
76062,38
76063,22
76064,58
76065,42
76066,29
76067,27
76068,51
76069,62
76070,55
76071,27
76072,52
76073,28
76074,31
76075,51
76076,18
76077,30
76078,39
76079,35
76080,22
76081,40
76082,19
76083,18
76084,63
76085,18
76086,28
76087,34
76088,32
76089,38
76090,49
76091,51
76092,64
76093,63
76094,54
76095,50
76096,44
76097,51
76098,64
76099,32
76100,18
76101,30
76102,50
76103,50
76104,42
76105,64
76106,54
76107,49
76108,57
76109,31
76110,38
76111,25
76112,23
76113,19
76114,22
76115,22
76116,43
76117,30
76118,34
76119,26
76120,36
76121,46
76122,38
76123,50
76124,22
76125,55
76126,56
76127,21
76128,35
76129,34
76130,23
76131,27
76132,43
76133,55
76134,45
76135,45
76136,47
76137,56
76138,30
76139,51
76140,54
76141,40
76142,47
76143,37
76144,44
76145,18
76146,20
76147,48
76148,26
76149,41
76150,45
76151,52
76152,20
76153,47
76154,55
76155,62
76156,61
76157,47
76158,34
76159,48
76160,51
76161,35
76162,38
76163,22
76164,58
76165,42
76166,29
76167,27
76168,51
76169,62
76170,55
76171,27
76172,52
76173,28
76174,31
76175,51
76176,18
76177,30
76178,39
76179,35
76180,22
76181,40
76182,19
76183,18
76184,63
76185,18
76186,28
76187,34
76188,32
76189,38
76190,49
76191,51
76192,64
76193,63
76194,54
76195,50
76196,44
76197,51
76198,64
76199,32
76200,18
76201,30
76202,50
76203,50
76204,42
76205,64
76206,54
76207,49
76208,57
76209,31
76210,38
76211,25
76212,23
76213,19
76214,22
76215,22
76216,43
76217,30
76218,34
76219,26
76220,36
76221,46
76222,38
76223,50
76224,22
76225,55
76226,56
76227,21
76228,35
76229,34
76230,23
76231,27
76232,43
76233,55
76234,45
76235,45
76236,47
76237,56
76238,30
76239,51
76240,54
76241,40
76242,47
76243,37
76244,44
76245,18
76246,20
76247,48
76248,26
76249,41
76250,45
76251,52
76252,20
76253,47
76254,55
76255,62
76256,61
76257,47
76258,34
76259,48
76260,51
76261,35
76262,38
76263,22
76264,58
76265,42
76266,29
76267,27
76268,51
76269,62
76270,55
76271,27
76272,52
76273,28
76274,31
76275,51
76276,18
76277,30
76278,39
76279,35
76280,22
76281,40
76282,19
76283,18
76284,63
76285,18
76286,28
76287,34
76288,32
76289,38
76290,49
76291,51
76292,64
76293,63
76294,54
76295,50
76296,44
76297,51
76298,64
76299,32
76300,18
76301,30
76302,50
76303,50
76304,42
76305,64
76306,54
76307,49
76308,57
76309,31
76310,38
76311,25
76312,23
76313,19
76314,22
76315,22
76316,43
76317,30
76318,34
76319,26
76320,36
76321,46
76322,38
76323,50
76324,22
76325,55
76326,56
76327,21
76328,35
76329,34
76330,23
76331,27
76332,43
76333,55
76334,45
76335,45
76336,47
76337,56
76338,30
76339,51
76340,54
76341,40
76342,47
76343,37
76344,44
76345,18
76346,20
76347,48
76348,26
76349,41
76350,45
76351,52
76352,20
76353,47
76354,55
76355,62
76356,61
76357,47
76358,34
76359,48
76360,51
76361,35
76362,38
76363,22
76364,58
76365,42
76366,29
76367,27
76368,51
76369,62
76370,55
76371,27
76372,52
76373,28
76374,31
76375,51
76376,18
76377,30
76378,39
76379,35
76380,22
76381,40
76382,19
76383,18
76384,63
76385,18
76386,28
76387,34
76388,32
76389,38
76390,49
76391,51
76392,64
76393,63
76394,54
76395,50
76396,44
76397,51
76398,64
76399,32
76400,18
76401,30
76402,50
76403,50
76404,42
76405,64
76406,54
76407,49
76408,57
76409,31
76410,38
76411,25
76412,23
76413,19
76414,22
76415,22
76416,43
76417,30
76418,34
76419,26
76420,36
76421,46
76422,38
76423,50
76424,22
76425,55
76426,56
76427,21
76428,35
76429,34
76430,23
76431,27
76432,43
76433,55
76434,45
76435,45
76436,47
76437,56
76438,30
76439,51
76440,54
76441,40
76442,47
76443,37
76444,44
76445,18
76446,20
76447,48
76448,26
76449,41
76450,45
76451,52
76452,20
76453,47
76454,55
76455,62
76456,61
76457,47
76458,34
76459,48
76460,51
76461,35
76462,38
76463,22
76464,58
76465,42
76466,29
76467,27
76468,51
76469,62
76470,55
76471,27
76472,52
76473,28
76474,31
76475,51
76476,18
76477,30
76478,39
76479,35
76480,22
76481,40
76482,19
76483,18
76484,63
76485,18
76486,28
76487,34
76488,32
76489,38
76490,49
76491,51
76492,64
76493,63
76494,54
76495,50
76496,44
76497,51
76498,64
76499,32
76500,18
76501,30
76502,50
76503,50
76504,42
76505,64
76506,54
76507,49
76508,57
76509,31
76510,38
76511,25
76512,23
76513,19
76514,22
76515,22
76516,43
76517,30
76518,34
76519,26
76520,36
76521,46
76522,38
76523,50
76524,22
76525,55
76526,56
76527,21
76528,35
76529,34
76530,23
76531,27
76532,43
76533,55
76534,45
76535,45
76536,47
76537,56
76538,30
76539,51
76540,54
76541,40
76542,47
76543,37
76544,44
76545,18
76546,20
76547,48
76548,26
76549,41
76550,45
76551,52
76552,20
76553,47
76554,55
76555,62
76556,61
76557,47
76558,34
76559,48
76560,51
76561,35
76562,38
76563,22
76564,58
76565,42
76566,29
76567,27
76568,51
76569,62
76570,55
76571,27
76572,52
76573,28
76574,31
76575,51
76576,18
76577,30
76578,39
76579,35
76580,22
76581,40
76582,19
76583,18
76584,63
76585,18
76586,28
76587,34
76588,32
76589,38
76590,49
76591,51
76592,64
76593,63
76594,54
76595,50
76596,44
76597,51
76598,64
76599,32
76600,18
76601,30
76602,50
76603,50
76604,42
76605,64
76606,54
76607,49
76608,57
76609,31
76610,38
76611,25
76612,23
76613,19
76614,22
76615,22
76616,43
76617,30
76618,34
76619,26
76620,36
76621,46
76622,38
76623,50
76624,22
76625,55
76626,56
76627,21
76628,35
76629,34
76630,23
76631,27
76632,43
76633,55
76634,45
76635,45
76636,47
76637,56
76638,30
76639,51
76640,54
76641,40
76642,47
76643,37
76644,44
76645,18
76646,20
76647,48
76648,26
76649,41
76650,45
76651,52
76652,20
76653,47
76654,55
76655,62
76656,61
76657,47
76658,34
76659,48
76660,51
76661,35
76662,38
76663,22
76664,58
76665,42
76666,29
76667,27
76668,51
76669,62
76670,55
76671,27
76672,52
76673,28
76674,31
76675,51
76676,18
76677,30
76678,39
76679,35
76680,22
76681,40
76682,19
76683,18
76684,63
76685,18
76686,28
76687,34
76688,32
76689,38
76690,49
76691,51
76692,64
76693,63
76694,54
76695,50
76696,44
76697,51
76698,64
76699,32
76700,18
76701,30
76702,50
76703,50
76704,42
76705,64
76706,54
76707,49
76708,57
76709,31
76710,38
76711,25
76712,23
76713,19
76714,22
76715,22
76716,43
76717,30
76718,34
76719,26
76720,36
76721,46
76722,38
76723,50
76724,22
76725,55
76726,56
76727,21
76728,35
76729,34
76730,23
76731,27
76732,43
76733,55
76734,45
76735,45
76736,47
76737,56
76738,30
76739,51
76740,54
76741,40
76742,47
76743,37
76744,44
76745,18
76746,20
76747,48
76748,26
76749,41
76750,45
76751,52
76752,20
76753,47
76754,55
76755,62
76756,61
76757,47
76758,34
76759,48
76760,51
76761,35
76762,38
76763,22
76764,58
76765,42
76766,29
76767,27
76768,51
76769,62
76770,55
76771,27
76772,52
76773,28
76774,31
76775,51
76776,18
76777,30
76778,39
76779,35
76780,22
76781,40
76782,19
76783,18
76784,63
76785,18
76786,28
76787,34
76788,32
76789,38
76790,49
76791,51
76792,64
76793,63
76794,54
76795,50
76796,44
76797,51
76798,64
76799,32
76800,18
76801,30
76802,50
76803,50
76804,42
76805,64
76806,54
76807,49
76808,57
76809,31
76810,38
76811,25
76812,23
76813,19
76814,22
76815,22
76816,43
76817,30
76818,34
76819,26
76820,36
76821,46
76822,38
76823,50
76824,22
76825,55
76826,56
76827,21
76828,35
76829,34
76830,23
76831,27
76832,43
76833,55
76834,45
76835,45
76836,47
76837,56
76838,30
76839,51
76840,54
76841,40
76842,47
76843,37
76844,44
76845,18
76846,20
76847,48
76848,26
76849,41
76850,45
76851,52
76852,20
76853,47
76854,55
76855,62
76856,61
76857,47
76858,34
76859,48
76860,51
76861,35
76862,38
76863,22
76864,58
76865,42
76866,29
76867,27
76868,51
76869,62
76870,55
76871,27
76872,52
76873,28
76874,31
76875,51
76876,18
76877,30
76878,39
76879,35
76880,22
76881,40
76882,19
76883,18
76884,63
76885,18
76886,28
76887,34
76888,32
76889,38
76890,49
76891,51
76892,64
76893,63
76894,54
76895,50
76896,44
76897,51
76898,64
76899,32
76900,18
76901,30
76902,50
76903,50
76904,42
76905,64
76906,54
76907,49
76908,57
76909,31
76910,38
76911,25
76912,23
76913,19
76914,22
76915,22
76916,43
76917,30
76918,34
76919,26
76920,36
76921,46
76922,38
76923,50
76924,22
76925,55
76926,56
76927,21
76928,35
76929,34
76930,23
76931,27
76932,43
76933,55
76934,45
76935,45
76936,47
76937,56
76938,30
76939,51
76940,54
76941,40
76942,47
76943,37
76944,44
76945,18
76946,20
76947,48
76948,26
76949,41
76950,45
76951,52
76952,20
76953,47
76954,55
76955,62
76956,61
76957,47
76958,34
76959,48
76960,51
76961,35
76962,38
76963,22
76964,58
76965,42
76966,29
76967,27
76968,51
76969,62
76970,55
76971,27
76972,52
76973,28
76974,31
76975,51
76976,18
76977,30
76978,39
76979,35
76980,22
76981,40
76982,19
76983,18
76984,63
76985,18
76986,28
76987,34
76988,32
76989,38
76990,49
76991,51
76992,64
76993,63
76994,54
76995,50
76996,44
76997,51
76998,64
76999,32
77000,18
77001,30
77002,50
77003,50
77004,42
77005,64
77006,54
77007,49
77008,57
77009,31
77010,38
77011,25
77012,23
77013,19
77014,22
77015,22
77016,43
77017,30
77018,34
77019,26
77020,36
77021,46
77022,38
77023,50
77024,22
77025,55
77026,56
77027,21
77028,35
77029,34
77030,23
77031,27
77032,43
77033,55
77034,45
77035,45
77036,47
77037,56
77038,30
77039,51
77040,54
77041,40
77042,47
77043,37
77044,44
77045,18
77046,20
77047,48
77048,26
77049,41
77050,45
77051,52
77052,20
77053,47
77054,55
77055,62
77056,61
77057,47
77058,34
77059,48
77060,51
77061,35
77062,38
77063,22
77064,58
77065,42
77066,29
77067,27
77068,51
77069,62
77070,55
77071,27
77072,52
77073,28
77074,31
77075,51
77076,18
77077,30
77078,39
77079,35
77080,22
77081,40
77082,19
77083,18
77084,63
77085,18
77086,28
77087,34
77088,32
77089,38
77090,49
77091,51
77092,64
77093,63
77094,54
77095,50
77096,44
77097,51
77098,64
77099,32
77100,18
77101,30
77102,50
77103,50
77104,42
77105,64
77106,54
77107,49
77108,57
77109,31
77110,38
77111,25
77112,23
77113,19
77114,22
77115,22
77116,43
77117,30
77118,34
77119,26
77120,36
77121,46
77122,38
77123,50
77124,22
77125,55
77126,56
77127,21
77128,35
77129,34
77130,23
77131,27
77132,43
77133,55
77134,45
77135,45
77136,47
77137,56
77138,30
77139,51
77140,54
77141,40
77142,47
77143,37
77144,44
77145,18
77146,20
77147,48
77148,26
77149,41
77150,45
77151,52
77152,20
77153,47
77154,55
77155,62
77156,61
77157,47
77158,34
77159,48
77160,51
77161,35
77162,38
77163,22
77164,58
77165,42
77166,29
77167,27
77168,51
77169,62
77170,55
77171,27
77172,52
77173,28
77174,31
77175,51
77176,18
77177,30
77178,39
77179,35
77180,22
77181,40
77182,19
77183,18
77184,63
77185,18
77186,28
77187,34
77188,32
77189,38
77190,49
77191,51
77192,64
77193,63
77194,54
77195,50
77196,44
77197,51
77198,64
77199,32
77200,18
77201,30
77202,50
77203,50
77204,42
77205,64
77206,54
77207,49
77208,57
77209,31
77210,38
77211,25
77212,23
77213,19
77214,22
77215,22
77216,43
77217,30
77218,34
77219,26
77220,36
77221,46
77222,38
77223,50
77224,22
77225,55
77226,56
77227,21
77228,35
77229,34
77230,23
77231,27
77232,43
77233,55
77234,45
77235,45
77236,47
77237,56
77238,30
77239,51
77240,54
77241,40
77242,47
77243,37
77244,44
77245,18
77246,20
77247,48
77248,26
77249,41
77250,45
77251,52
77252,20
77253,47
77254,55
77255,62
77256,61
77257,47
77258,34
77259,48
77260,51
77261,35
77262,38
77263,22
77264,58
77265,42
77266,29
77267,27
77268,51
77269,62
77270,55
77271,27
77272,52
77273,28
77274,31
77275,51
77276,18
77277,30
77278,39
77279,35
77280,22
77281,40
77282,19
77283,18
77284,63
77285,18
77286,28
77287,34
77288,32
77289,38
77290,49
77291,51
77292,64
77293,63
77294,54
77295,50
77296,44
77297,51
77298,64
77299,32
77300,18
77301,30
77302,50
77303,50
77304,42
77305,64
77306,54
77307,49
77308,57
77309,31
77310,38
77311,25
77312,23
77313,19
77314,22
77315,22
77316,43
77317,30
77318,34
77319,26
77320,36
77321,46
77322,38
77323,50
77324,22
77325,55
77326,56
77327,21
77328,35
77329,34
77330,23
77331,27
77332,43
77333,55
77334,45
77335,45
77336,47
77337,56
77338,30
77339,51
77340,54
77341,40
77342,47
77343,37
77344,44
77345,18
77346,20
77347,48
77348,26
77349,41
77350,45
77351,52
77352,20
77353,47
77354,55
77355,62
77356,61
77357,47
77358,34
77359,48
77360,51
77361,35
77362,38
77363,22
77364,58
77365,42
77366,29
77367,27
77368,51
77369,62
77370,55
77371,27
77372,52
77373,28
77374,31
77375,51
77376,18
77377,30
77378,39
77379,35
77380,22
77381,40
77382,19
77383,18
77384,63
77385,18
77386,28
77387,34
77388,32
77389,38
77390,49
77391,51
77392,64
77393,63
77394,54
77395,50
77396,44
77397,51
77398,64
77399,32
77400,18
77401,30
77402,50
77403,50
77404,42
77405,64
77406,54
77407,49
77408,57
77409,31
77410,38
77411,25
77412,23
77413,19
77414,22
77415,22
77416,43
77417,30
77418,34
77419,26
77420,36
77421,46
77422,38
77423,50
77424,22
77425,55
77426,56
77427,21
77428,35
77429,34
77430,23
77431,27
77432,43
77433,55
77434,45
77435,45
77436,47
77437,56
77438,30
77439,51
77440,54
77441,40
77442,47
77443,37
77444,44
77445,18
77446,20
77447,48
77448,26
77449,41
77450,45
77451,52
77452,20
77453,47
77454,55
77455,62
77456,61
77457,47
77458,34
77459,48
77460,51
77461,35
77462,38
77463,22
77464,58
77465,42
77466,29
77467,27
77468,51
77469,62
77470,55
77471,27
77472,52
77473,28
77474,31
77475,51
77476,18
77477,30
77478,39
77479,35
77480,22
77481,40
77482,19
77483,18
77484,63
77485,18
77486,28
77487,34
77488,32
77489,38
77490,49
77491,51
77492,64
77493,63
77494,54
77495,50
77496,44
77497,51
77498,64
77499,32
77500,18
77501,30
77502,50
77503,50
77504,42
77505,64
77506,54
77507,49
77508,57
77509,31
77510,38
77511,25
77512,23
77513,19
77514,22
77515,22
77516,43
77517,30
77518,34
77519,26
77520,36
77521,46
77522,38
77523,50
77524,22
77525,55
77526,56
77527,21
77528,35
77529,34
77530,23
77531,27
77532,43
77533,55
77534,45
77535,45
77536,47
77537,56
77538,30
77539,51
77540,54
77541,40
77542,47
77543,37
77544,44
77545,18
77546,20
77547,48
77548,26
77549,41
77550,45
77551,52
77552,20
77553,47
77554,55
77555,62
77556,61
77557,47
77558,34
77559,48
77560,51
77561,35
77562,38
77563,22
77564,58
77565,42
77566,29
77567,27
77568,51
77569,62
77570,55
77571,27
77572,52
77573,28
77574,31
77575,51
77576,18
77577,30
77578,39
77579,35
77580,22
77581,40
77582,19
77583,18
77584,63
77585,18
77586,28
77587,34
77588,32
77589,38
77590,49
77591,51
77592,64
77593,63
77594,54
77595,50
77596,44
77597,51
77598,64
77599,32
77600,18
77601,30
77602,50
77603,50
77604,42
77605,64
77606,54
77607,49
77608,57
77609,31
77610,38
77611,25
77612,23
77613,19
77614,22
77615,22
77616,43
77617,30
77618,34
77619,26
77620,36
77621,46
77622,38
77623,50
77624,22
77625,55
77626,56
77627,21
77628,35
77629,34
77630,23
77631,27
77632,43
77633,55
77634,45
77635,45
77636,47
77637,56
77638,30
77639,51
77640,54
77641,40
77642,47
77643,37
77644,44
77645,18
77646,20
77647,48
77648,26
77649,41
77650,45
77651,52
77652,20
77653,47
77654,55
77655,62
77656,61
77657,47
77658,34
77659,48
77660,51
77661,35
77662,38
77663,22
77664,58
77665,42
77666,29
77667,27
77668,51
77669,62
77670,55
77671,27
77672,52
77673,28
77674,31
77675,51
77676,18
77677,30
77678,39
77679,35
77680,22
77681,40
77682,19
77683,18
77684,63
77685,18
77686,28
77687,34
77688,32
77689,38
77690,49
77691,51
77692,64
77693,63
77694,54
77695,50
77696,44
77697,51
77698,64
77699,32
77700,18
77701,30
77702,50
77703,50
77704,42
77705,64
77706,54
77707,49
77708,57
77709,31
77710,38
77711,25
77712,23
77713,19
77714,22
77715,22
77716,43
77717,30
77718,34
77719,26
77720,36
77721,46
77722,38
77723,50
77724,22
77725,55
77726,56
77727,21
77728,35
77729,34
77730,23
77731,27
77732,43
77733,55
77734,45
77735,45
77736,47
77737,56
77738,30
77739,51
77740,54
77741,40
77742,47
77743,37
77744,44
77745,18
77746,20
77747,48
77748,26
77749,41
77750,45
77751,52
77752,20
77753,47
77754,55
77755,62
77756,61
77757,47
77758,34
77759,48
77760,51
77761,35
77762,38
77763,22
77764,58
77765,42
77766,29
77767,27
77768,51
77769,62
77770,55
77771,27
77772,52
77773,28
77774,31
77775,51
77776,18
77777,30
77778,39
77779,35
77780,22
77781,40
77782,19
77783,18
77784,63
77785,18
77786,28
77787,34
77788,32
77789,38
77790,49
77791,51
77792,64
77793,63
77794,54
77795,50
77796,44
77797,51
77798,64
77799,32
77800,18
77801,30
77802,50
77803,50
77804,42
77805,64
77806,54
77807,49
77808,57
77809,31
77810,38
77811,25
77812,23
77813,19
77814,22
77815,22
77816,43
77817,30
77818,34
77819,26
77820,36
77821,46
77822,38
77823,50
77824,22
77825,55
77826,56
77827,21
77828,35
77829,34
77830,23
77831,27
77832,43
77833,55
77834,45
77835,45
77836,47
77837,56
77838,30
77839,51
77840,54
77841,40
77842,47
77843,37
77844,44
77845,18
77846,20
77847,48
77848,26
77849,41
77850,45
77851,52
77852,20
77853,47
77854,55
77855,62
77856,61
77857,47
77858,34
77859,48
77860,51
77861,35
77862,38
77863,22
77864,58
77865,42
77866,29
77867,27
77868,51
77869,62
77870,55
77871,27
77872,52
77873,28
77874,31
77875,51
77876,18
77877,30
77878,39
77879,35
77880,22
77881,40
77882,19
77883,18
77884,63
77885,18
77886,28
77887,34
77888,32
77889,38
77890,49
77891,51
77892,64
77893,63
77894,54
77895,50
77896,44
77897,51
77898,64
77899,32
77900,18
77901,30
77902,50
77903,50
77904,42
77905,64
77906,54
77907,49
77908,57
77909,31
77910,38
77911,25
77912,23
77913,19
77914,22
77915,22
77916,43
77917,30
77918,34
77919,26
77920,36
77921,46
77922,38
77923,50
77924,22
77925,55
77926,56
77927,21
77928,35
77929,34
77930,23
77931,27
77932,43
77933,55
77934,45
77935,45
77936,47
77937,56
77938,30
77939,51
77940,54
77941,40
77942,47
77943,37
77944,44
77945,18
77946,20
77947,48
77948,26
77949,41
77950,45
77951,52
77952,20
77953,47
77954,55
77955,62
77956,61
77957,47
77958,34
77959,48
77960,51
77961,35
77962,38
77963,22
77964,58
77965,42
77966,29
77967,27
77968,51
77969,62
77970,55
77971,27
77972,52
77973,28
77974,31
77975,51
77976,18
77977,30
77978,39
77979,35
77980,22
77981,40
77982,19
77983,18
77984,63
77985,18
77986,28
77987,34
77988,32
77989,38
77990,49
77991,51
77992,64
77993,63
77994,54
77995,50
77996,44
77997,51
77998,64
77999,32
78000,18
78001,30
78002,50
78003,50
78004,42
78005,64
78006,54
78007,49
78008,57
78009,31
78010,38
78011,25
78012,23
78013,19
78014,22
78015,22
78016,43
78017,30
78018,34
78019,26
78020,36
78021,46
78022,38
78023,50
78024,22
78025,55
78026,56
78027,21
78028,35
78029,34
78030,23
78031,27
78032,43
78033,55
78034,45
78035,45
78036,47
78037,56
78038,30
78039,51
78040,54
78041,40
78042,47
78043,37
78044,44
78045,18
78046,20
78047,48
78048,26
78049,41
78050,45
78051,52
78052,20
78053,47
78054,55
78055,62
78056,61
78057,47
78058,34
78059,48
78060,51
78061,35
78062,38
78063,22
78064,58
78065,42
78066,29
78067,27
78068,51
78069,62
78070,55
78071,27
78072,52
78073,28
78074,31
78075,51
78076,18
78077,30
78078,39
78079,35
78080,22
78081,40
78082,19
78083,18
78084,63
78085,18
78086,28
78087,34
78088,32
78089,38
78090,49
78091,51
78092,64
78093,63
78094,54
78095,50
78096,44
78097,51
78098,64
78099,32
78100,18
78101,30
78102,50
78103,50
78104,42
78105,64
78106,54
78107,49
78108,57
78109,31
78110,38
78111,25
78112,23
78113,19
78114,22
78115,22
78116,43
78117,30
78118,34
78119,26
78120,36
78121,46
78122,38
78123,50
78124,22
78125,55
78126,56
78127,21
78128,35
78129,34
78130,23
78131,27
78132,43
78133,55
78134,45
78135,45
78136,47
78137,56
78138,30
78139,51
78140,54
78141,40
78142,47
78143,37
78144,44
78145,18
78146,20
78147,48
78148,26
78149,41
78150,45
78151,52
78152,20
78153,47
78154,55
78155,62
78156,61
78157,47
78158,34
78159,48
78160,51
78161,35
78162,38
78163,22
78164,58
78165,42
78166,29
78167,27
78168,51
78169,62
78170,55
78171,27
78172,52
78173,28
78174,31
78175,51
78176,18
78177,30
78178,39
78179,35
78180,22
78181,40
78182,19
78183,18
78184,63
78185,18
78186,28
78187,34
78188,32
78189,38
78190,49
78191,51
78192,64
78193,63
78194,54
78195,50
78196,44
78197,51
78198,64
78199,32
78200,18
78201,30
78202,50
78203,50
78204,42
78205,64
78206,54
78207,49
78208,57
78209,31
78210,38
78211,25
78212,23
78213,19
78214,22
78215,22
78216,43
78217,30
78218,34
78219,26
78220,36
78221,46
78222,38
78223,50
78224,22
78225,55
78226,56
78227,21
78228,35
78229,34
78230,23
78231,27
78232,43
78233,55
78234,45
78235,45
78236,47
78237,56
78238,30
78239,51
78240,54
78241,40
78242,47
78243,37
78244,44
78245,18
78246,20
78247,48
78248,26
78249,41
78250,45
78251,52
78252,20
78253,47
78254,55
78255,62
78256,61
78257,47
78258,34
78259,48
78260,51
78261,35
78262,38
78263,22
78264,58
78265,42
78266,29
78267,27
78268,51
78269,62
78270,55
78271,27
78272,52
78273,28
78274,31
78275,51
78276,18
78277,30
78278,39
78279,35
78280,22
78281,40
78282,19
78283,18
78284,63
78285,18
78286,28
78287,34
78288,32
78289,38
78290,49
78291,51
78292,64
78293,63
78294,54
78295,50
78296,44
78297,51
78298,64
78299,32
78300,18
78301,30
78302,50
78303,50
78304,42
78305,64
78306,54
78307,49
78308,57
78309,31
78310,38
78311,25
78312,23
78313,19
78314,22
78315,22
78316,43
78317,30
78318,34
78319,26
78320,36
78321,46
78322,38
78323,50
78324,22
78325,55
78326,56
78327,21
78328,35
78329,34
78330,23
78331,27
78332,43
78333,55
78334,45
78335,45
78336,47
78337,56
78338,30
78339,51
78340,54
78341,40
78342,47
78343,37
78344,44
78345,18
78346,20
78347,48
78348,26
78349,41
78350,45
78351,52
78352,20
78353,47
78354,55
78355,62
78356,61
78357,47
78358,34
78359,48
78360,51
78361,35
78362,38
78363,22
78364,58
78365,42
78366,29
78367,27
78368,51
78369,62
78370,55
78371,27
78372,52
78373,28
78374,31
78375,51
78376,18
78377,30
78378,39
78379,35
78380,22
78381,40
78382,19
78383,18
78384,63
78385,18
78386,28
78387,34
78388,32
78389,38
78390,49
78391,51
78392,64
78393,63
78394,54
78395,50
78396,44
78397,51
78398,64
78399,32
78400,18
78401,30
78402,50
78403,50
78404,42
78405,64
78406,54
78407,49
78408,57
78409,31
78410,38
78411,25
78412,23
78413,19
78414,22
78415,22
78416,43
78417,30
78418,34
78419,26
78420,36
78421,46
78422,38
78423,50
78424,22
78425,55
78426,56
78427,21
78428,35
78429,34
78430,23
78431,27
78432,43
78433,55
78434,45
78435,45
78436,47
78437,56
78438,30
78439,51
78440,54
78441,40
78442,47
78443,37
78444,44
78445,18
78446,20
78447,48
78448,26
78449,41
78450,45
78451,52
78452,20
78453,47
78454,55
78455,62
78456,61
78457,47
78458,34
78459,48
78460,51
78461,35
78462,38
78463,22
78464,58
78465,42
78466,29
78467,27
78468,51
78469,62
78470,55
78471,27
78472,52
78473,28
78474,31
78475,51
78476,18
78477,30
78478,39
78479,35
78480,22
78481,40
78482,19
78483,18
78484,63
78485,18
78486,28
78487,34
78488,32
78489,38
78490,49
78491,51
78492,64
78493,63
78494,54
78495,50
78496,44
78497,51
78498,64
78499,32
78500,18
78501,30
78502,50
78503,50
78504,42
78505,64
78506,54
78507,49
78508,57
78509,31
78510,38
78511,25
78512,23
78513,19
78514,22
78515,22
78516,43
78517,30
78518,34
78519,26
78520,36
78521,46
78522,38
78523,50
78524,22
78525,55
78526,56
78527,21
78528,35
78529,34
78530,23
78531,27
78532,43
78533,55
78534,45
78535,45
78536,47
78537,56
78538,30
78539,51
78540,54
78541,40
78542,47
78543,37
78544,44
78545,18
78546,20
78547,48
78548,26
78549,41
78550,45
78551,52
78552,20
78553,47
78554,55
78555,62
78556,61
78557,47
78558,34
78559,48
78560,51
78561,35
78562,38
78563,22
78564,58
78565,42
78566,29
78567,27
78568,51
78569,62
78570,55
78571,27
78572,52
78573,28
78574,31
78575,51
78576,18
78577,30
78578,39
78579,35
78580,22
78581,40
78582,19
78583,18
78584,63
78585,18
78586,28
78587,34
78588,32
78589,38
78590,49
78591,51
78592,64
78593,63
78594,54
78595,50
78596,44
78597,51
78598,64
78599,32
78600,18
78601,30
78602,50
78603,50
78604,42
78605,64
78606,54
78607,49
78608,57
78609,31
78610,38
78611,25
78612,23
78613,19
78614,22
78615,22
78616,43
78617,30
78618,34
78619,26
78620,36
78621,46
78622,38
78623,50
78624,22
78625,55
78626,56
78627,21
78628,35
78629,34
78630,23
78631,27
78632,43
78633,55
78634,45
78635,45
78636,47
78637,56
78638,30
78639,51
78640,54
78641,40
78642,47
78643,37
78644,44
78645,18
78646,20
78647,48
78648,26
78649,41
78650,45
78651,52
78652,20
78653,47
78654,55
78655,62
78656,61
78657,47
78658,34
78659,48
78660,51
78661,35
78662,38
78663,22
78664,58
78665,42
78666,29
78667,27
78668,51
78669,62
78670,55
78671,27
78672,52
78673,28
78674,31
78675,51
78676,18
78677,30
78678,39
78679,35
78680,22
78681,40
78682,19
78683,18
78684,63
78685,18
78686,28
78687,34
78688,32
78689,38
78690,49
78691,51
78692,64
78693,63
78694,54
78695,50
78696,44
78697,51
78698,64
78699,32
78700,18
78701,30
78702,50
78703,50
78704,42
78705,64
78706,54
78707,49
78708,57
78709,31
78710,38
78711,25
78712,23
78713,19
78714,22
78715,22
78716,43
78717,30
78718,34
78719,26
78720,36
78721,46
78722,38
78723,50
78724,22
78725,55
78726,56
78727,21
78728,35
78729,34
78730,23
78731,27
78732,43
78733,55
78734,45
78735,45
78736,47
78737,56
78738,30
78739,51
78740,54
78741,40
78742,47
78743,37
78744,44
78745,18
78746,20
78747,48
78748,26
78749,41
78750,45
78751,52
78752,20
78753,47
78754,55
78755,62
78756,61
78757,47
78758,34
78759,48
78760,51
78761,35
78762,38
78763,22
78764,58
78765,42
78766,29
78767,27
78768,51
78769,62
78770,55
78771,27
78772,52
78773,28
78774,31
78775,51
78776,18
78777,30
78778,39
78779,35
78780,22
78781,40
78782,19
78783,18
78784,63
78785,18
78786,28
78787,34
78788,32
78789,38
78790,49
78791,51
78792,64
78793,63
78794,54
78795,50
78796,44
78797,51
78798,64
78799,32
78800,18
78801,30
78802,50
78803,50
78804,42
78805,64
78806,54
78807,49
78808,57
78809,31
78810,38
78811,25
78812,23
78813,19
78814,22
78815,22
78816,43
78817,30
78818,34
78819,26
78820,36
78821,46
78822,38
78823,50
78824,22
78825,55
78826,56
78827,21
78828,35
78829,34
78830,23
78831,27
78832,43
78833,55
78834,45
78835,45
78836,47
78837,56
78838,30
78839,51
78840,54
78841,40
78842,47
78843,37
78844,44
78845,18
78846,20
78847,48
78848,26
78849,41
78850,45
78851,52
78852,20
78853,47
78854,55
78855,62
78856,61
78857,47
78858,34
78859,48
78860,51
78861,35
78862,38
78863,22
78864,58
78865,42
78866,29
78867,27
78868,51
78869,62
78870,55
78871,27
78872,52
78873,28
78874,31
78875,51
78876,18
78877,30
78878,39
78879,35
78880,22
78881,40
78882,19
78883,18
78884,63
78885,18
78886,28
78887,34
78888,32
78889,38
78890,49
78891,51
78892,64
78893,63
78894,54
78895,50
78896,44
78897,51
78898,64
78899,32
78900,18
78901,30
78902,50
78903,50
78904,42
78905,64
78906,54
78907,49
78908,57
78909,31
78910,38
78911,25
78912,23
78913,19
78914,22
78915,22
78916,43
78917,30
78918,34
78919,26
78920,36
78921,46
78922,38
78923,50
78924,22
78925,55
78926,56
78927,21
78928,35
78929,34
78930,23
78931,27
78932,43
78933,55
78934,45
78935,45
78936,47
78937,56
78938,30
78939,51
78940,54
78941,40
78942,47
78943,37
78944,44
78945,18
78946,20
78947,48
78948,26
78949,41
78950,45
78951,52
78952,20
78953,47
78954,55
78955,62
78956,61
78957,47
78958,34
78959,48
78960,51
78961,35
78962,38
78963,22
78964,58
78965,42
78966,29
78967,27
78968,51
78969,62
78970,55
78971,27
78972,52
78973,28
78974,31
78975,51
78976,18
78977,30
78978,39
78979,35
78980,22
78981,40
78982,19
78983,18
78984,63
78985,18
78986,28
78987,34
78988,32
78989,38
78990,49
78991,51
78992,64
78993,63
78994,54
78995,50
78996,44
78997,51
78998,64
78999,32
79000,18
79001,30
79002,50
79003,50
79004,42
79005,64
79006,54
79007,49
79008,57
79009,31
79010,38
79011,25
79012,23
79013,19
79014,22
79015,22
79016,43
79017,30
79018,34
79019,26
79020,36
79021,46
79022,38
79023,50
79024,22
79025,55
79026,56
79027,21
79028,35
79029,34
79030,23
79031,27
79032,43
79033,55
79034,45
79035,45
79036,47
79037,56
79038,30
79039,51
79040,54
79041,40
79042,47
79043,37
79044,44
79045,18
79046,20
79047,48
79048,26
79049,41
79050,45
79051,52
79052,20
79053,47
79054,55
79055,62
79056,61
79057,47
79058,34
79059,48
79060,51
79061,35
79062,38
79063,22
79064,58
79065,42
79066,29
79067,27
79068,51
79069,62
79070,55
79071,27
79072,52
79073,28
79074,31
79075,51
79076,18
79077,30
79078,39
79079,35
79080,22
79081,40
79082,19
79083,18
79084,63
79085,18
79086,28
79087,34
79088,32
79089,38
79090,49
79091,51
79092,64
79093,63
79094,54
79095,50
79096,44
79097,51
79098,64
79099,32
79100,18
79101,30
79102,50
79103,50
79104,42
79105,64
79106,54
79107,49
79108,57
79109,31
79110,38
79111,25
79112,23
79113,19
79114,22
79115,22
79116,43
79117,30
79118,34
79119,26
79120,36
79121,46
79122,38
79123,50
79124,22
79125,55
79126,56
79127,21
79128,35
79129,34
79130,23
79131,27
79132,43
79133,55
79134,45
79135,45
79136,47
79137,56
79138,30
79139,51
79140,54
79141,40
79142,47
79143,37
79144,44
79145,18
79146,20
79147,48
79148,26
79149,41
79150,45
79151,52
79152,20
79153,47
79154,55
79155,62
79156,61
79157,47
79158,34
79159,48
79160,51
79161,35
79162,38
79163,22
79164,58
79165,42
79166,29
79167,27
79168,51
79169,62
79170,55
79171,27
79172,52
79173,28
79174,31
79175,51
79176,18
79177,30
79178,39
79179,35
79180,22
79181,40
79182,19
79183,18
79184,63
79185,18
79186,28
79187,34
79188,32
79189,38
79190,49
79191,51
79192,64
79193,63
79194,54
79195,50
79196,44
79197,51
79198,64
79199,32
79200,18
79201,30
79202,50
79203,50
79204,42
79205,64
79206,54
79207,49
79208,57
79209,31
79210,38
79211,25
79212,23
79213,19
79214,22
79215,22
79216,43
79217,30
79218,34
79219,26
79220,36
79221,46
79222,38
79223,50
79224,22
79225,55
79226,56
79227,21
79228,35
79229,34
79230,23
79231,27
79232,43
79233,55
79234,45
79235,45
79236,47
79237,56
79238,30
79239,51
79240,54
79241,40
79242,47
79243,37
79244,44
79245,18
79246,20
79247,48
79248,26
79249,41
79250,45
79251,52
79252,20
79253,47
79254,55
79255,62
79256,61
79257,47
79258,34
79259,48
79260,51
79261,35
79262,38
79263,22
79264,58
79265,42
79266,29
79267,27
79268,51
79269,62
79270,55
79271,27
79272,52
79273,28
79274,31
79275,51
79276,18
79277,30
79278,39
79279,35
79280,22
79281,40
79282,19
79283,18
79284,63
79285,18
79286,28
79287,34
79288,32
79289,38
79290,49
79291,51
79292,64
79293,63
79294,54
79295,50
79296,44
79297,51
79298,64
79299,32
79300,18
79301,30
79302,50
79303,50
79304,42
79305,64
79306,54
79307,49
79308,57
79309,31
79310,38
79311,25
79312,23
79313,19
79314,22
79315,22
79316,43
79317,30
79318,34
79319,26
79320,36
79321,46
79322,38
79323,50
79324,22
79325,55
79326,56
79327,21
79328,35
79329,34
79330,23
79331,27
79332,43
79333,55
79334,45
79335,45
79336,47
79337,56
79338,30
79339,51
79340,54
79341,40
79342,47
79343,37
79344,44
79345,18
79346,20
79347,48
79348,26
79349,41
79350,45
79351,52
79352,20
79353,47
79354,55
79355,62
79356,61
79357,47
79358,34
79359,48
79360,51
79361,35
79362,38
79363,22
79364,58
79365,42
79366,29
79367,27
79368,51
79369,62
79370,55
79371,27
79372,52
79373,28
79374,31
79375,51
79376,18
79377,30
79378,39
79379,35
79380,22
79381,40
79382,19
79383,18
79384,63
79385,18
79386,28
79387,34
79388,32
79389,38
79390,49
79391,51
79392,64
79393,63
79394,54
79395,50
79396,44
79397,51
79398,64
79399,32
79400,18
79401,30
79402,50
79403,50
79404,42
79405,64
79406,54
79407,49
79408,57
79409,31
79410,38
79411,25
79412,23
79413,19
79414,22
79415,22
79416,43
79417,30
79418,34
79419,26
79420,36
79421,46
79422,38
79423,50
79424,22
79425,55
79426,56
79427,21
79428,35
79429,34
79430,23
79431,27
79432,43
79433,55
79434,45
79435,45
79436,47
79437,56
79438,30
79439,51
79440,54
79441,40
79442,47
79443,37
79444,44
79445,18
79446,20
79447,48
79448,26
79449,41
79450,45
79451,52
79452,20
79453,47
79454,55
79455,62
79456,61
79457,47
79458,34
79459,48
79460,51
79461,35
79462,38
79463,22
79464,58
79465,42
79466,29
79467,27
79468,51
79469,62
79470,55
79471,27
79472,52
79473,28
79474,31
79475,51
79476,18
79477,30
79478,39
79479,35
79480,22
79481,40
79482,19
79483,18
79484,63
79485,18
79486,28
79487,34
79488,32
79489,38
79490,49
79491,51
79492,64
79493,63
79494,54
79495,50
79496,44
79497,51
79498,64
79499,32
79500,18
79501,30
79502,50
79503,50
79504,42
79505,64
79506,54
79507,49
79508,57
79509,31
79510,38
79511,25
79512,23
79513,19
79514,22
79515,22
79516,43
79517,30
79518,34
79519,26
79520,36
79521,46
79522,38
79523,50
79524,22
79525,55
79526,56
79527,21
79528,35
79529,34
79530,23
79531,27
79532,43
79533,55
79534,45
79535,45
79536,47
79537,56
79538,30
79539,51
79540,54
79541,40
79542,47
79543,37
79544,44
79545,18
79546,20
79547,48
79548,26
79549,41
79550,45
79551,52
79552,20
79553,47
79554,55
79555,62
79556,61
79557,47
79558,34
79559,48
79560,51
79561,35
79562,38
79563,22
79564,58
79565,42
79566,29
79567,27
79568,51
79569,62
79570,55
79571,27
79572,52
79573,28
79574,31
79575,51
79576,18
79577,30
79578,39
79579,35
79580,22
79581,40
79582,19
79583,18
79584,63
79585,18
79586,28
79587,34
79588,32
79589,38
79590,49
79591,51
79592,64
79593,63
79594,54
79595,50
79596,44
79597,51
79598,64
79599,32
79600,18
79601,30
79602,50
79603,50
79604,42
79605,64
79606,54
79607,49
79608,57
79609,31
79610,38
79611,25
79612,23
79613,19
79614,22
79615,22
79616,43
79617,30
79618,34
79619,26
79620,36
79621,46
79622,38
79623,50
79624,22
79625,55
79626,56
79627,21
79628,35
79629,34
79630,23
79631,27
79632,43
79633,55
79634,45
79635,45
79636,47
79637,56
79638,30
79639,51
79640,54
79641,40
79642,47
79643,37
79644,44
79645,18
79646,20
79647,48
79648,26
79649,41
79650,45
79651,52
79652,20
79653,47
79654,55
79655,62
79656,61
79657,47
79658,34
79659,48
79660,51
79661,35
79662,38
79663,22
79664,58
79665,42
79666,29
79667,27
79668,51
79669,62
79670,55
79671,27
79672,52
79673,28
79674,31
79675,51
79676,18
79677,30
79678,39
79679,35
79680,22
79681,40
79682,19
79683,18
79684,63
79685,18
79686,28
79687,34
79688,32
79689,38
79690,49
79691,51
79692,64
79693,63
79694,54
79695,50
79696,44
79697,51
79698,64
79699,32
79700,18
79701,30
79702,50
79703,50
79704,42
79705,64
79706,54
79707,49
79708,57
79709,31
79710,38
79711,25
79712,23
79713,19
79714,22
79715,22
79716,43
79717,30
79718,34
79719,26
79720,36
79721,46
79722,38
79723,50
79724,22
79725,55
79726,56
79727,21
79728,35
79729,34
79730,23
79731,27
79732,43
79733,55
79734,45
79735,45
79736,47
79737,56
79738,30
79739,51
79740,54
79741,40
79742,47
79743,37
79744,44
79745,18
79746,20
79747,48
79748,26
79749,41
79750,45
79751,52
79752,20
79753,47
79754,55
79755,62
79756,61
79757,47
79758,34
79759,48
79760,51
79761,35
79762,38
79763,22
79764,58
79765,42
79766,29
79767,27
79768,51
79769,62
79770,55
79771,27
79772,52
79773,28
79774,31
79775,51
79776,18
79777,30
79778,39
79779,35
79780,22
79781,40
79782,19
79783,18
79784,63
79785,18
79786,28
79787,34
79788,32
79789,38
79790,49
79791,51
79792,64
79793,63
79794,54
79795,50
79796,44
79797,51
79798,64
79799,32
79800,18
79801,30
79802,50
79803,50
79804,42
79805,64
79806,54
79807,49
79808,57
79809,31
79810,38
79811,25
79812,23
79813,19
79814,22
79815,22
79816,43
79817,30
79818,34
79819,26
79820,36
79821,46
79822,38
79823,50
79824,22
79825,55
79826,56
79827,21
79828,35
79829,34
79830,23
79831,27
79832,43
79833,55
79834,45
79835,45
79836,47
79837,56
79838,30
79839,51
79840,54
79841,40
79842,47
79843,37
79844,44
79845,18
79846,20
79847,48
79848,26
79849,41
79850,45
79851,52
79852,20
79853,47
79854,55
79855,62
79856,61
79857,47
79858,34
79859,48
79860,51
79861,35
79862,38
79863,22
79864,58
79865,42
79866,29
79867,27
79868,51
79869,62
79870,55
79871,27
79872,52
79873,28
79874,31
79875,51
79876,18
79877,30
79878,39
79879,35
79880,22
79881,40
79882,19
79883,18
79884,63
79885,18
79886,28
79887,34
79888,32
79889,38
79890,49
79891,51
79892,64
79893,63
79894,54
79895,50
79896,44
79897,51
79898,64
79899,32
79900,18
79901,30
79902,50
79903,50
79904,42
79905,64
79906,54
79907,49
79908,57
79909,31
79910,38
79911,25
79912,23
79913,19
79914,22
79915,22
79916,43
79917,30
79918,34
79919,26
79920,36
79921,46
79922,38
79923,50
79924,22
79925,55
79926,56
79927,21
79928,35
79929,34
79930,23
79931,27
79932,43
79933,55
79934,45
79935,45
79936,47
79937,56
79938,30
79939,51
79940,54
79941,40
79942,47
79943,37
79944,44
79945,18
79946,20
79947,48
79948,26
79949,41
79950,45
79951,52
79952,20
79953,47
79954,55
79955,62
79956,61
79957,47
79958,34
79959,48
79960,51
79961,35
79962,38
79963,22
79964,58
79965,42
79966,29
79967,27
79968,51
79969,62
79970,55
79971,27
79972,52
79973,28
79974,31
79975,51
79976,18
79977,30
79978,39
79979,35
79980,22
79981,40
79982,19
79983,18
79984,63
79985,18
79986,28
79987,34
79988,32
79989,38
79990,49
79991,51
79992,64
79993,63
79994,54
79995,50
79996,44
79997,51
79998,64
79999,32
80000,18
80001,30
80002,50
80003,50
80004,42
80005,64
80006,54
80007,49
80008,57
80009,31
80010,38
80011,25
80012,23
80013,19
80014,22
80015,22
80016,43
80017,30
80018,34
80019,26
80020,36
80021,46
80022,38
80023,50
80024,22
80025,55
80026,56
80027,21
80028,35
80029,34
80030,23
80031,27
80032,43
80033,55
80034,45
80035,45
80036,47
80037,56
80038,30
80039,51
80040,54
80041,40
80042,47
80043,37
80044,44
80045,18
80046,20
80047,48
80048,26
80049,41
80050,45
80051,52
80052,20
80053,47
80054,55
80055,62
80056,61
80057,47
80058,34
80059,48
80060,51
80061,35
80062,38
80063,22
80064,58
80065,42
80066,29
80067,27
80068,51
80069,62
80070,55
80071,27
80072,52
80073,28
80074,31
80075,51
80076,18
80077,30
80078,39
80079,35
80080,22
80081,40
80082,19
80083,18
80084,63
80085,18
80086,28
80087,34
80088,32
80089,38
80090,49
80091,51
80092,64
80093,63
80094,54
80095,50
80096,44
80097,51
80098,64
80099,32
80100,18
80101,30
80102,50
80103,50
80104,42
80105,64
80106,54
80107,49
80108,57
80109,31
80110,38
80111,25
80112,23
80113,19
80114,22
80115,22
80116,43
80117,30
80118,34
80119,26
80120,36
80121,46
80122,38
80123,50
80124,22
80125,55
80126,56
80127,21
80128,35
80129,34
80130,23
80131,27
80132,43
80133,55
80134,45
80135,45
80136,47
80137,56
80138,30
80139,51
80140,54
80141,40
80142,47
80143,37
80144,44
80145,18
80146,20
80147,48
80148,26
80149,41
80150,45
80151,52
80152,20
80153,47
80154,55
80155,62
80156,61
80157,47
80158,34
80159,48
80160,51
80161,35
80162,38
80163,22
80164,58
80165,42
80166,29
80167,27
80168,51
80169,62
80170,55
80171,27
80172,52
80173,28
80174,31
80175,51
80176,18
80177,30
80178,39
80179,35
80180,22
80181,40
80182,19
80183,18
80184,63
80185,18
80186,28
80187,34
80188,32
80189,38
80190,49
80191,51
80192,64
80193,63
80194,54
80195,50
80196,44
80197,51
80198,64
80199,32
80200,18
80201,30
80202,50
80203,50
80204,42
80205,64
80206,54
80207,49
80208,57
80209,31
80210,38
80211,25
80212,23
80213,19
80214,22
80215,22
80216,43
80217,30
80218,34
80219,26
80220,36
80221,46
80222,38
80223,50
80224,22
80225,55
80226,56
80227,21
80228,35
80229,34
80230,23
80231,27
80232,43
80233,55
80234,45
80235,45
80236,47
80237,56
80238,30
80239,51
80240,54
80241,40
80242,47
80243,37
80244,44
80245,18
80246,20
80247,48
80248,26
80249,41
80250,45
80251,52
80252,20
80253,47
80254,55
80255,62
80256,61
80257,47
80258,34
80259,48
80260,51
80261,35
80262,38
80263,22
80264,58
80265,42
80266,29
80267,27
80268,51
80269,62
80270,55
80271,27
80272,52
80273,28
80274,31
80275,51
80276,18
80277,30
80278,39
80279,35
80280,22
80281,40
80282,19
80283,18
80284,63
80285,18
80286,28
80287,34
80288,32
80289,38
80290,49
80291,51
80292,64
80293,63
80294,54
80295,50
80296,44
80297,51
80298,64
80299,32
80300,18
80301,30
80302,50
80303,50
80304,42
80305,64
80306,54
80307,49
80308,57
80309,31
80310,38
80311,25
80312,23
80313,19
80314,22
80315,22
80316,43
80317,30
80318,34
80319,26
80320,36
80321,46
80322,38
80323,50
80324,22
80325,55
80326,56
80327,21
80328,35
80329,34
80330,23
80331,27
80332,43
80333,55
80334,45
80335,45
80336,47
80337,56
80338,30
80339,51
80340,54
80341,40
80342,47
80343,37
80344,44
80345,18
80346,20
80347,48
80348,26
80349,41
80350,45
80351,52
80352,20
80353,47
80354,55
80355,62
80356,61
80357,47
80358,34
80359,48
80360,51
80361,35
80362,38
80363,22
80364,58
80365,42
80366,29
80367,27
80368,51
80369,62
80370,55
80371,27
80372,52
80373,28
80374,31
80375,51
80376,18
80377,30
80378,39
80379,35
80380,22
80381,40
80382,19
80383,18
80384,63
80385,18
80386,28
80387,34
80388,32
80389,38
80390,49
80391,51
80392,64
80393,63
80394,54
80395,50
80396,44
80397,51
80398,64
80399,32
80400,18
80401,30
80402,50
80403,50
80404,42
80405,64
80406,54
80407,49
80408,57
80409,31
80410,38
80411,25
80412,23
80413,19
80414,22
80415,22
80416,43
80417,30
80418,34
80419,26
80420,36
80421,46
80422,38
80423,50
80424,22
80425,55
80426,56
80427,21
80428,35
80429,34
80430,23
80431,27
80432,43
80433,55
80434,45
80435,45
80436,47
80437,56
80438,30
80439,51
80440,54
80441,40
80442,47
80443,37
80444,44
80445,18
80446,20
80447,48
80448,26
80449,41
80450,45
80451,52
80452,20
80453,47
80454,55
80455,62
80456,61
80457,47
80458,34
80459,48
80460,51
80461,35
80462,38
80463,22
80464,58
80465,42
80466,29
80467,27
80468,51
80469,62
80470,55
80471,27
80472,52
80473,28
80474,31
80475,51
80476,18
80477,30
80478,39
80479,35
80480,22
80481,40
80482,19
80483,18
80484,63
80485,18
80486,28
80487,34
80488,32
80489,38
80490,49
80491,51
80492,64
80493,63
80494,54
80495,50
80496,44
80497,51
80498,64
80499,32
80500,18
80501,30
80502,50
80503,50
80504,42
80505,64
80506,54
80507,49
80508,57
80509,31
80510,38
80511,25
80512,23
80513,19
80514,22
80515,22
80516,43
80517,30
80518,34
80519,26
80520,36
80521,46
80522,38
80523,50
80524,22
80525,55
80526,56
80527,21
80528,35
80529,34
80530,23
80531,27
80532,43
80533,55
80534,45
80535,45
80536,47
80537,56
80538,30
80539,51
80540,54
80541,40
80542,47
80543,37
80544,44
80545,18
80546,20
80547,48
80548,26
80549,41
80550,45
80551,52
80552,20
80553,47
80554,55
80555,62
80556,61
80557,47
80558,34
80559,48
80560,51
80561,35
80562,38
80563,22
80564,58
80565,42
80566,29
80567,27
80568,51
80569,62
80570,55
80571,27
80572,52
80573,28
80574,31
80575,51
80576,18
80577,30
80578,39
80579,35
80580,22
80581,40
80582,19
80583,18
80584,63
80585,18
80586,28
80587,34
80588,32
80589,38
80590,49
80591,51
80592,64
80593,63
80594,54
80595,50
80596,44
80597,51
80598,64
80599,32
80600,18
80601,30
80602,50
80603,50
80604,42
80605,64
80606,54
80607,49
80608,57
80609,31
80610,38
80611,25
80612,23
80613,19
80614,22
80615,22
80616,43
80617,30
80618,34
80619,26
80620,36
80621,46
80622,38
80623,50
80624,22
80625,55
80626,56
80627,21
80628,35
80629,34
80630,23
80631,27
80632,43
80633,55
80634,45
80635,45
80636,47
80637,56
80638,30
80639,51
80640,54
80641,40
80642,47
80643,37
80644,44
80645,18
80646,20
80647,48
80648,26
80649,41
80650,45
80651,52
80652,20
80653,47
80654,55
80655,62
80656,61
80657,47
80658,34
80659,48
80660,51
80661,35
80662,38
80663,22
80664,58
80665,42
80666,29
80667,27
80668,51
80669,62
80670,55
80671,27
80672,52
80673,28
80674,31
80675,51
80676,18
80677,30
80678,39
80679,35
80680,22
80681,40
80682,19
80683,18
80684,63
80685,18
80686,28
80687,34
80688,32
80689,38
80690,49
80691,51
80692,64
80693,63
80694,54
80695,50
80696,44
80697,51
80698,64
80699,32
80700,18
80701,30
80702,50
80703,50
80704,42
80705,64
80706,54
80707,49
80708,57
80709,31
80710,38
80711,25
80712,23
80713,19
80714,22
80715,22
80716,43
80717,30
80718,34
80719,26
80720,36
80721,46
80722,38
80723,50
80724,22
80725,55
80726,56
80727,21
80728,35
80729,34
80730,23
80731,27
80732,43
80733,55
80734,45
80735,45
80736,47
80737,56
80738,30
80739,51
80740,54
80741,40
80742,47
80743,37
80744,44
80745,18
80746,20
80747,48
80748,26
80749,41
80750,45
80751,52
80752,20
80753,47
80754,55
80755,62
80756,61
80757,47
80758,34
80759,48
80760,51
80761,35
80762,38
80763,22
80764,58
80765,42
80766,29
80767,27
80768,51
80769,62
80770,55
80771,27
80772,52
80773,28
80774,31
80775,51
80776,18
80777,30
80778,39
80779,35
80780,22
80781,40
80782,19
80783,18
80784,63
80785,18
80786,28
80787,34
80788,32
80789,38
80790,49
80791,51
80792,64
80793,63
80794,54
80795,50
80796,44
80797,51
80798,64
80799,32
80800,18
80801,30
80802,50
80803,50
80804,42
80805,64
80806,54
80807,49
80808,57
80809,31
80810,38
80811,25
80812,23
80813,19
80814,22
80815,22
80816,43
80817,30
80818,34
80819,26
80820,36
80821,46
80822,38
80823,50
80824,22
80825,55
80826,56
80827,21
80828,35
80829,34
80830,23
80831,27
80832,43
80833,55
80834,45
80835,45
80836,47
80837,56
80838,30
80839,51
80840,54
80841,40
80842,47
80843,37
80844,44
80845,18
80846,20
80847,48
80848,26
80849,41
80850,45
80851,52
80852,20
80853,47
80854,55
80855,62
80856,61
80857,47
80858,34
80859,48
80860,51
80861,35
80862,38
80863,22
80864,58
80865,42
80866,29
80867,27
80868,51
80869,62
80870,55
80871,27
80872,52
80873,28
80874,31
80875,51
80876,18
80877,30
80878,39
80879,35
80880,22
80881,40
80882,19
80883,18
80884,63
80885,18
80886,28
80887,34
80888,32
80889,38
80890,49
80891,51
80892,64
80893,63
80894,54
80895,50
80896,44
80897,51
80898,64
80899,32
80900,18
80901,30
80902,50
80903,50
80904,42
80905,64
80906,54
80907,49
80908,57
80909,31
80910,38
80911,25
80912,23
80913,19
80914,22
80915,22
80916,43
80917,30
80918,34
80919,26
80920,36
80921,46
80922,38
80923,50
80924,22
80925,55
80926,56
80927,21
80928,35
80929,34
80930,23
80931,27
80932,43
80933,55
80934,45
80935,45
80936,47
80937,56
80938,30
80939,51
80940,54
80941,40
80942,47
80943,37
80944,44
80945,18
80946,20
80947,48
80948,26
80949,41
80950,45
80951,52
80952,20
80953,47
80954,55
80955,62
80956,61
80957,47
80958,34
80959,48
80960,51
80961,35
80962,38
80963,22
80964,58
80965,42
80966,29
80967,27
80968,51
80969,62
80970,55
80971,27
80972,52
80973,28
80974,31
80975,51
80976,18
80977,30
80978,39
80979,35
80980,22
80981,40
80982,19
80983,18
80984,63
80985,18
80986,28
80987,34
80988,32
80989,38
80990,49
80991,51
80992,64
80993,63
80994,54
80995,50
80996,44
80997,51
80998,64
80999,32
81000,18
81001,30
81002,50
81003,50
81004,42
81005,64
81006,54
81007,49
81008,57
81009,31
81010,38
81011,25
81012,23
81013,19
81014,22
81015,22
81016,43
81017,30
81018,34
81019,26
81020,36
81021,46
81022,38
81023,50
81024,22
81025,55
81026,56
81027,21
81028,35
81029,34
81030,23
81031,27
81032,43
81033,55
81034,45
81035,45
81036,47
81037,56
81038,30
81039,51
81040,54
81041,40
81042,47
81043,37
81044,44
81045,18
81046,20
81047,48
81048,26
81049,41
81050,45
81051,52
81052,20
81053,47
81054,55
81055,62
81056,61
81057,47
81058,34
81059,48
81060,51
81061,35
81062,38
81063,22
81064,58
81065,42
81066,29
81067,27
81068,51
81069,62
81070,55
81071,27
81072,52
81073,28
81074,31
81075,51
81076,18
81077,30
81078,39
81079,35
81080,22
81081,40
81082,19
81083,18
81084,63
81085,18
81086,28
81087,34
81088,32
81089,38
81090,49
81091,51
81092,64
81093,63
81094,54
81095,50
81096,44
81097,51
81098,64
81099,32
81100,18
81101,30
81102,50
81103,50
81104,42
81105,64
81106,54
81107,49
81108,57
81109,31
81110,38
81111,25
81112,23
81113,19
81114,22
81115,22
81116,43
81117,30
81118,34
81119,26
81120,36
81121,46
81122,38
81123,50
81124,22
81125,55
81126,56
81127,21
81128,35
81129,34
81130,23
81131,27
81132,43
81133,55
81134,45
81135,45
81136,47
81137,56
81138,30
81139,51
81140,54
81141,40
81142,47
81143,37
81144,44
81145,18
81146,20
81147,48
81148,26
81149,41
81150,45
81151,52
81152,20
81153,47
81154,55
81155,62
81156,61
81157,47
81158,34
81159,48
81160,51
81161,35
81162,38
81163,22
81164,58
81165,42
81166,29
81167,27
81168,51
81169,62
81170,55
81171,27
81172,52
81173,28
81174,31
81175,51
81176,18
81177,30
81178,39
81179,35
81180,22
81181,40
81182,19
81183,18
81184,63
81185,18
81186,28
81187,34
81188,32
81189,38
81190,49
81191,51
81192,64
81193,63
81194,54
81195,50
81196,44
81197,51
81198,64
81199,32
81200,18
81201,30
81202,50
81203,50
81204,42
81205,64
81206,54
81207,49
81208,57
81209,31
81210,38
81211,25
81212,23
81213,19
81214,22
81215,22
81216,43
81217,30
81218,34
81219,26
81220,36
81221,46
81222,38
81223,50
81224,22
81225,55
81226,56
81227,21
81228,35
81229,34
81230,23
81231,27
81232,43
81233,55
81234,45
81235,45
81236,47
81237,56
81238,30
81239,51
81240,54
81241,40
81242,47
81243,37
81244,44
81245,18
81246,20
81247,48
81248,26
81249,41
81250,45
81251,52
81252,20
81253,47
81254,55
81255,62
81256,61
81257,47
81258,34
81259,48
81260,51
81261,35
81262,38
81263,22
81264,58
81265,42
81266,29
81267,27
81268,51
81269,62
81270,55
81271,27
81272,52
81273,28
81274,31
81275,51
81276,18
81277,30
81278,39
81279,35
81280,22
81281,40
81282,19
81283,18
81284,63
81285,18
81286,28
81287,34
81288,32
81289,38
81290,49
81291,51
81292,64
81293,63
81294,54
81295,50
81296,44
81297,51
81298,64
81299,32
81300,18
81301,30
81302,50
81303,50
81304,42
81305,64
81306,54
81307,49
81308,57
81309,31
81310,38
81311,25
81312,23
81313,19
81314,22
81315,22
81316,43
81317,30
81318,34
81319,26
81320,36
81321,46
81322,38
81323,50
81324,22
81325,55
81326,56
81327,21
81328,35
81329,34
81330,23
81331,27
81332,43
81333,55
81334,45
81335,45
81336,47
81337,56
81338,30
81339,51
81340,54
81341,40
81342,47
81343,37
81344,44
81345,18
81346,20
81347,48
81348,26
81349,41
81350,45
81351,52
81352,20
81353,47
81354,55
81355,62
81356,61
81357,47
81358,34
81359,48
81360,51
81361,35
81362,38
81363,22
81364,58
81365,42
81366,29
81367,27
81368,51
81369,62
81370,55
81371,27
81372,52
81373,28
81374,31
81375,51
81376,18
81377,30
81378,39
81379,35
81380,22
81381,40
81382,19
81383,18
81384,63
81385,18
81386,28
81387,34
81388,32
81389,38
81390,49
81391,51
81392,64
81393,63
81394,54
81395,50
81396,44
81397,51
81398,64
81399,32
81400,18
81401,30
81402,50
81403,50
81404,42
81405,64
81406,54
81407,49
81408,57
81409,31
81410,38
81411,25
81412,23
81413,19
81414,22
81415,22
81416,43
81417,30
81418,34
81419,26
81420,36
81421,46
81422,38
81423,50
81424,22
81425,55
81426,56
81427,21
81428,35
81429,34
81430,23
81431,27
81432,43
81433,55
81434,45
81435,45
81436,47
81437,56
81438,30
81439,51
81440,54
81441,40
81442,47
81443,37
81444,44
81445,18
81446,20
81447,48
81448,26
81449,41
81450,45
81451,52
81452,20
81453,47
81454,55
81455,62
81456,61
81457,47
81458,34
81459,48
81460,51
81461,35
81462,38
81463,22
81464,58
81465,42
81466,29
81467,27
81468,51
81469,62
81470,55
81471,27
81472,52
81473,28
81474,31
81475,51
81476,18
81477,30
81478,39
81479,35
81480,22
81481,40
81482,19
81483,18
81484,63
81485,18
81486,28
81487,34
81488,32
81489,38
81490,49
81491,51
81492,64
81493,63
81494,54
81495,50
81496,44
81497,51
81498,64
81499,32
81500,18
81501,30
81502,50
81503,50
81504,42
81505,64
81506,54
81507,49
81508,57
81509,31
81510,38
81511,25
81512,23
81513,19
81514,22
81515,22
81516,43
81517,30
81518,34
81519,26
81520,36
81521,46
81522,38
81523,50
81524,22
81525,55
81526,56
81527,21
81528,35
81529,34
81530,23
81531,27
81532,43
81533,55
81534,45
81535,45
81536,47
81537,56
81538,30
81539,51
81540,54
81541,40
81542,47
81543,37
81544,44
81545,18
81546,20
81547,48
81548,26
81549,41
81550,45
81551,52
81552,20
81553,47
81554,55
81555,62
81556,61
81557,47
81558,34
81559,48
81560,51
81561,35
81562,38
81563,22
81564,58
81565,42
81566,29
81567,27
81568,51
81569,62
81570,55
81571,27
81572,52
81573,28
81574,31
81575,51
81576,18
81577,30
81578,39
81579,35
81580,22
81581,40
81582,19
81583,18
81584,63
81585,18
81586,28
81587,34
81588,32
81589,38
81590,49
81591,51
81592,64
81593,63
81594,54
81595,50
81596,44
81597,51
81598,64
81599,32
81600,18
81601,30
81602,50
81603,50
81604,42
81605,64
81606,54
81607,49
81608,57
81609,31
81610,38
81611,25
81612,23
81613,19
81614,22
81615,22
81616,43
81617,30
81618,34
81619,26
81620,36
81621,46
81622,38
81623,50
81624,22
81625,55
81626,56
81627,21
81628,35
81629,34
81630,23
81631,27
81632,43
81633,55
81634,45
81635,45
81636,47
81637,56
81638,30
81639,51
81640,54
81641,40
81642,47
81643,37
81644,44
81645,18
81646,20
81647,48
81648,26
81649,41
81650,45
81651,52
81652,20
81653,47
81654,55
81655,62
81656,61
81657,47
81658,34
81659,48
81660,51
81661,35
81662,38
81663,22
81664,58
81665,42
81666,29
81667,27
81668,51
81669,62
81670,55
81671,27
81672,52
81673,28
81674,31
81675,51
81676,18
81677,30
81678,39
81679,35
81680,22
81681,40
81682,19
81683,18
81684,63
81685,18
81686,28
81687,34
81688,32
81689,38
81690,49
81691,51
81692,64
81693,63
81694,54
81695,50
81696,44
81697,51
81698,64
81699,32
81700,18
81701,30
81702,50
81703,50
81704,42
81705,64
81706,54
81707,49
81708,57
81709,31
81710,38
81711,25
81712,23
81713,19
81714,22
81715,22
81716,43
81717,30
81718,34
81719,26
81720,36
81721,46
81722,38
81723,50
81724,22
81725,55
81726,56
81727,21
81728,35
81729,34
81730,23
81731,27
81732,43
81733,55
81734,45
81735,45
81736,47
81737,56
81738,30
81739,51
81740,54
81741,40
81742,47
81743,37
81744,44
81745,18
81746,20
81747,48
81748,26
81749,41
81750,45
81751,52
81752,20
81753,47
81754,55
81755,62
81756,61
81757,47
81758,34
81759,48
81760,51
81761,35
81762,38
81763,22
81764,58
81765,42
81766,29
81767,27
81768,51
81769,62
81770,55
81771,27
81772,52
81773,28
81774,31
81775,51
81776,18
81777,30
81778,39
81779,35
81780,22
81781,40
81782,19
81783,18
81784,63
81785,18
81786,28
81787,34
81788,32
81789,38
81790,49
81791,51
81792,64
81793,63
81794,54
81795,50
81796,44
81797,51
81798,64
81799,32
81800,18
81801,30
81802,50
81803,50
81804,42
81805,64
81806,54
81807,49
81808,57
81809,31
81810,38
81811,25
81812,23
81813,19
81814,22
81815,22
81816,43
81817,30
81818,34
81819,26
81820,36
81821,46
81822,38
81823,50
81824,22
81825,55
81826,56
81827,21
81828,35
81829,34
81830,23
81831,27
81832,43
81833,55
81834,45
81835,45
81836,47
81837,56
81838,30
81839,51
81840,54
81841,40
81842,47
81843,37
81844,44
81845,18
81846,20
81847,48
81848,26
81849,41
81850,45
81851,52
81852,20
81853,47
81854,55
81855,62
81856,61
81857,47
81858,34
81859,48
81860,51
81861,35
81862,38
81863,22
81864,58
81865,42
81866,29
81867,27
81868,51
81869,62
81870,55
81871,27
81872,52
81873,28
81874,31
81875,51
81876,18
81877,30
81878,39
81879,35
81880,22
81881,40
81882,19
81883,18
81884,63
81885,18
81886,28
81887,34
81888,32
81889,38
81890,49
81891,51
81892,64
81893,63
81894,54
81895,50
81896,44
81897,51
81898,64
81899,32
81900,18
81901,30
81902,50
81903,50
81904,42
81905,64
81906,54
81907,49
81908,57
81909,31
81910,38
81911,25
81912,23
81913,19
81914,22
81915,22
81916,43
81917,30
81918,34
81919,26
81920,36
81921,46
81922,38
81923,50
81924,22
81925,55
81926,56
81927,21
81928,35
81929,34
81930,23
81931,27
81932,43
81933,55
81934,45
81935,45
81936,47
81937,56
81938,30
81939,51
81940,54
81941,40
81942,47
81943,37
81944,44
81945,18
81946,20
81947,48
81948,26
81949,41
81950,45
81951,52
81952,20
81953,47
81954,55
81955,62
81956,61
81957,47
81958,34
81959,48
81960,51
81961,35
81962,38
81963,22
81964,58
81965,42
81966,29
81967,27
81968,51
81969,62
81970,55
81971,27
81972,52
81973,28
81974,31
81975,51
81976,18
81977,30
81978,39
81979,35
81980,22
81981,40
81982,19
81983,18
81984,63
81985,18
81986,28
81987,34
81988,32
81989,38
81990,49
81991,51
81992,64
81993,63
81994,54
81995,50
81996,44
81997,51
81998,64
81999,32
82000,18
82001,30
82002,50
82003,50
82004,42
82005,64
82006,54
82007,49
82008,57
82009,31
82010,38
82011,25
82012,23
82013,19
82014,22
82015,22
82016,43
82017,30
82018,34
82019,26
82020,36
82021,46
82022,38
82023,50
82024,22
82025,55
82026,56
82027,21
82028,35
82029,34
82030,23
82031,27
82032,43
82033,55
82034,45
82035,45
82036,47
82037,56
82038,30
82039,51
82040,54
82041,40
82042,47
82043,37
82044,44
82045,18
82046,20
82047,48
82048,26
82049,41
82050,45
82051,52
82052,20
82053,47
82054,55
82055,62
82056,61
82057,47
82058,34
82059,48
82060,51
82061,35
82062,38
82063,22
82064,58
82065,42
82066,29
82067,27
82068,51
82069,62
82070,55
82071,27
82072,52
82073,28
82074,31
82075,51
82076,18
82077,30
82078,39
82079,35
82080,22
82081,40
82082,19
82083,18
82084,63
82085,18
82086,28
82087,34
82088,32
82089,38
82090,49
82091,51
82092,64
82093,63
82094,54
82095,50
82096,44
82097,51
82098,64
82099,32
82100,18
82101,30
82102,50
82103,50
82104,42
82105,64
82106,54
82107,49
82108,57
82109,31
82110,38
82111,25
82112,23
82113,19
82114,22
82115,22
82116,43
82117,30
82118,34
82119,26
82120,36
82121,46
82122,38
82123,50
82124,22
82125,55
82126,56
82127,21
82128,35
82129,34
82130,23
82131,27
82132,43
82133,55
82134,45
82135,45
82136,47
82137,56
82138,30
82139,51
82140,54
82141,40
82142,47
82143,37
82144,44
82145,18
82146,20
82147,48
82148,26
82149,41
82150,45
82151,52
82152,20
82153,47
82154,55
82155,62
82156,61
82157,47
82158,34
82159,48
82160,51
82161,35
82162,38
82163,22
82164,58
82165,42
82166,29
82167,27
82168,51
82169,62
82170,55
82171,27
82172,52
82173,28
82174,31
82175,51
82176,18
82177,30
82178,39
82179,35
82180,22
82181,40
82182,19
82183,18
82184,63
82185,18
82186,28
82187,34
82188,32
82189,38
82190,49
82191,51
82192,64
82193,63
82194,54
82195,50
82196,44
82197,51
82198,64
82199,32
82200,18
82201,30
82202,50
82203,50
82204,42
82205,64
82206,54
82207,49
82208,57
82209,31
82210,38
82211,25
82212,23
82213,19
82214,22
82215,22
82216,43
82217,30
82218,34
82219,26
82220,36
82221,46
82222,38
82223,50
82224,22
82225,55
82226,56
82227,21
82228,35
82229,34
82230,23
82231,27
82232,43
82233,55
82234,45
82235,45
82236,47
82237,56
82238,30
82239,51
82240,54
82241,40
82242,47
82243,37
82244,44
82245,18
82246,20
82247,48
82248,26
82249,41
82250,45
82251,52
82252,20
82253,47
82254,55
82255,62
82256,61
82257,47
82258,34
82259,48
82260,51
82261,35
82262,38
82263,22
82264,58
82265,42
82266,29
82267,27
82268,51
82269,62
82270,55
82271,27
82272,52
82273,28
82274,31
82275,51
82276,18
82277,30
82278,39
82279,35
82280,22
82281,40
82282,19
82283,18
82284,63
82285,18
82286,28
82287,34
82288,32
82289,38
82290,49
82291,51
82292,64
82293,63
82294,54
82295,50
82296,44
82297,51
82298,64
82299,32
82300,18
82301,30
82302,50
82303,50
82304,42
82305,64
82306,54
82307,49
82308,57
82309,31
82310,38
82311,25
82312,23
82313,19
82314,22
82315,22
82316,43
82317,30
82318,34
82319,26
82320,36
82321,46
82322,38
82323,50
82324,22
82325,55
82326,56
82327,21
82328,35
82329,34
82330,23
82331,27
82332,43
82333,55
82334,45
82335,45
82336,47
82337,56
82338,30
82339,51
82340,54
82341,40
82342,47
82343,37
82344,44
82345,18
82346,20
82347,48
82348,26
82349,41
82350,45
82351,52
82352,20
82353,47
82354,55
82355,62
82356,61
82357,47
82358,34
82359,48
82360,51
82361,35
82362,38
82363,22
82364,58
82365,42
82366,29
82367,27
82368,51
82369,62
82370,55
82371,27
82372,52
82373,28
82374,31
82375,51
82376,18
82377,30
82378,39
82379,35
82380,22
82381,40
82382,19
82383,18
82384,63
82385,18
82386,28
82387,34
82388,32
82389,38
82390,49
82391,51
82392,64
82393,63
82394,54
82395,50
82396,44
82397,51
82398,64
82399,32
82400,18
82401,30
82402,50
82403,50
82404,42
82405,64
82406,54
82407,49
82408,57
82409,31
82410,38
82411,25
82412,23
82413,19
82414,22
82415,22
82416,43
82417,30
82418,34
82419,26
82420,36
82421,46
82422,38
82423,50
82424,22
82425,55
82426,56
82427,21
82428,35
82429,34
82430,23
82431,27
82432,43
82433,55
82434,45
82435,45
82436,47
82437,56
82438,30
82439,51
82440,54
82441,40
82442,47
82443,37
82444,44
82445,18
82446,20
82447,48
82448,26
82449,41
82450,45
82451,52
82452,20
82453,47
82454,55
82455,62
82456,61
82457,47
82458,34
82459,48
82460,51
82461,35
82462,38
82463,22
82464,58
82465,42
82466,29
82467,27
82468,51
82469,62
82470,55
82471,27
82472,52
82473,28
82474,31
82475,51
82476,18
82477,30
82478,39
82479,35
82480,22
82481,40
82482,19
82483,18
82484,63
82485,18
82486,28
82487,34
82488,32
82489,38
82490,49
82491,51
82492,64
82493,63
82494,54
82495,50
82496,44
82497,51
82498,64
82499,32
82500,18
82501,30
82502,50
82503,50
82504,42
82505,64
82506,54
82507,49
82508,57
82509,31
82510,38
82511,25
82512,23
82513,19
82514,22
82515,22
82516,43
82517,30
82518,34
82519,26
82520,36
82521,46
82522,38
82523,50
82524,22
82525,55
82526,56
82527,21
82528,35
82529,34
82530,23
82531,27
82532,43
82533,55
82534,45
82535,45
82536,47
82537,56
82538,30
82539,51
82540,54
82541,40
82542,47
82543,37
82544,44
82545,18
82546,20
82547,48
82548,26
82549,41
82550,45
82551,52
82552,20
82553,47
82554,55
82555,62
82556,61
82557,47
82558,34
82559,48
82560,51
82561,35
82562,38
82563,22
82564,58
82565,42
82566,29
82567,27
82568,51
82569,62
82570,55
82571,27
82572,52
82573,28
82574,31
82575,51
82576,18
82577,30
82578,39
82579,35
82580,22
82581,40
82582,19
82583,18
82584,63
82585,18
82586,28
82587,34
82588,32
82589,38
82590,49
82591,51
82592,64
82593,63
82594,54
82595,50
82596,44
82597,51
82598,64
82599,32
82600,18
82601,30
82602,50
82603,50
82604,42
82605,64
82606,54
82607,49
82608,57
82609,31
82610,38
82611,25
82612,23
82613,19
82614,22
82615,22
82616,43
82617,30
82618,34
82619,26
82620,36
82621,46
82622,38
82623,50
82624,22
82625,55
82626,56
82627,21
82628,35
82629,34
82630,23
82631,27
82632,43
82633,55
82634,45
82635,45
82636,47
82637,56
82638,30
82639,51
82640,54
82641,40
82642,47
82643,37
82644,44
82645,18
82646,20
82647,48
82648,26
82649,41
82650,45
82651,52
82652,20
82653,47
82654,55
82655,62
82656,61
82657,47
82658,34
82659,48
82660,51
82661,35
82662,38
82663,22
82664,58
82665,42
82666,29
82667,27
82668,51
82669,62
82670,55
82671,27
82672,52
82673,28
82674,31
82675,51
82676,18
82677,30
82678,39
82679,35
82680,22
82681,40
82682,19
82683,18
82684,63
82685,18
82686,28
82687,34
82688,32
82689,38
82690,49
82691,51
82692,64
82693,63
82694,54
82695,50
82696,44
82697,51
82698,64
82699,32
82700,18
82701,30
82702,50
82703,50
82704,42
82705,64
82706,54
82707,49
82708,57
82709,31
82710,38
82711,25
82712,23
82713,19
82714,22
82715,22
82716,43
82717,30
82718,34
82719,26
82720,36
82721,46
82722,38
82723,50
82724,22
82725,55
82726,56
82727,21
82728,35
82729,34
82730,23
82731,27
82732,43
82733,55
82734,45
82735,45
82736,47
82737,56
82738,30
82739,51
82740,54
82741,40
82742,47
82743,37
82744,44
82745,18
82746,20
82747,48
82748,26
82749,41
82750,45
82751,52
82752,20
82753,47
82754,55
82755,62
82756,61
82757,47
82758,34
82759,48
82760,51
82761,35
82762,38
82763,22
82764,58
82765,42
82766,29
82767,27
82768,51
82769,62
82770,55
82771,27
82772,52
82773,28
82774,31
82775,51
82776,18
82777,30
82778,39
82779,35
82780,22
82781,40
82782,19
82783,18
82784,63
82785,18
82786,28
82787,34
82788,32
82789,38
82790,49
82791,51
82792,64
82793,63
82794,54
82795,50
82796,44
82797,51
82798,64
82799,32
82800,18
82801,30
82802,50
82803,50
82804,42
82805,64
82806,54
82807,49
82808,57
82809,31
82810,38
82811,25
82812,23
82813,19
82814,22
82815,22
82816,43
82817,30
82818,34
82819,26
82820,36
82821,46
82822,38
82823,50
82824,22
82825,55
82826,56
82827,21
82828,35
82829,34
82830,23
82831,27
82832,43
82833,55
82834,45
82835,45
82836,47
82837,56
82838,30
82839,51
82840,54
82841,40
82842,47
82843,37
82844,44
82845,18
82846,20
82847,48
82848,26
82849,41
82850,45
82851,52
82852,20
82853,47
82854,55
82855,62
82856,61
82857,47
82858,34
82859,48
82860,51
82861,35
82862,38
82863,22
82864,58
82865,42
82866,29
82867,27
82868,51
82869,62
82870,55
82871,27
82872,52
82873,28
82874,31
82875,51
82876,18
82877,30
82878,39
82879,35
82880,22
82881,40
82882,19
82883,18
82884,63
82885,18
82886,28
82887,34
82888,32
82889,38
82890,49
82891,51
82892,64
82893,63
82894,54
82895,50
82896,44
82897,51
82898,64
82899,32
82900,18
82901,30
82902,50
82903,50
82904,42
82905,64
82906,54
82907,49
82908,57
82909,31
82910,38
82911,25
82912,23
82913,19
82914,22
82915,22
82916,43
82917,30
82918,34
82919,26
82920,36
82921,46
82922,38
82923,50
82924,22
82925,55
82926,56
82927,21
82928,35
82929,34
82930,23
82931,27
82932,43
82933,55
82934,45
82935,45
82936,47
82937,56
82938,30
82939,51
82940,54
82941,40
82942,47
82943,37
82944,44
82945,18
82946,20
82947,48
82948,26
82949,41
82950,45
82951,52
82952,20
82953,47
82954,55
82955,62
82956,61
82957,47
82958,34
82959,48
82960,51
82961,35
82962,38
82963,22
82964,58
82965,42
82966,29
82967,27
82968,51
82969,62
82970,55
82971,27
82972,52
82973,28
82974,31
82975,51
82976,18
82977,30
82978,39
82979,35
82980,22
82981,40
82982,19
82983,18
82984,63
82985,18
82986,28
82987,34
82988,32
82989,38
82990,49
82991,51
82992,64
82993,63
82994,54
82995,50
82996,44
82997,51
82998,64
82999,32
83000,18
83001,30
83002,50
83003,50
83004,42
83005,64
83006,54
83007,49
83008,57
83009,31
83010,38
83011,25
83012,23
83013,19
83014,22
83015,22
83016,43
83017,30
83018,34
83019,26
83020,36
83021,46
83022,38
83023,50
83024,22
83025,55
83026,56
83027,21
83028,35
83029,34
83030,23
83031,27
83032,43
83033,55
83034,45
83035,45
83036,47
83037,56
83038,30
83039,51
83040,54
83041,40
83042,47
83043,37
83044,44
83045,18
83046,20
83047,48
83048,26
83049,41
83050,45
83051,52
83052,20
83053,47
83054,55
83055,62
83056,61
83057,47
83058,34
83059,48
83060,51
83061,35
83062,38
83063,22
83064,58
83065,42
83066,29
83067,27
83068,51
83069,62
83070,55
83071,27
83072,52
83073,28
83074,31
83075,51
83076,18
83077,30
83078,39
83079,35
83080,22
83081,40
83082,19
83083,18
83084,63
83085,18
83086,28
83087,34
83088,32
83089,38
83090,49
83091,51
83092,64
83093,63
83094,54
83095,50
83096,44
83097,51
83098,64
83099,32
83100,18
83101,30
83102,50
83103,50
83104,42
83105,64
83106,54
83107,49
83108,57
83109,31
83110,38
83111,25
83112,23
83113,19
83114,22
83115,22
83116,43
83117,30
83118,34
83119,26
83120,36
83121,46
83122,38
83123,50
83124,22
83125,55
83126,56
83127,21
83128,35
83129,34
83130,23
83131,27
83132,43
83133,55
83134,45
83135,45
83136,47
83137,56
83138,30
83139,51
83140,54
83141,40
83142,47
83143,37
83144,44
83145,18
83146,20
83147,48
83148,26
83149,41
83150,45
83151,52
83152,20
83153,47
83154,55
83155,62
83156,61
83157,47
83158,34
83159,48
83160,51
83161,35
83162,38
83163,22
83164,58
83165,42
83166,29
83167,27
83168,51
83169,62
83170,55
83171,27
83172,52
83173,28
83174,31
83175,51
83176,18
83177,30
83178,39
83179,35
83180,22
83181,40
83182,19
83183,18
83184,63
83185,18
83186,28
83187,34
83188,32
83189,38
83190,49
83191,51
83192,64
83193,63
83194,54
83195,50
83196,44
83197,51
83198,64
83199,32
83200,18
83201,30
83202,50
83203,50
83204,42
83205,64
83206,54
83207,49
83208,57
83209,31
83210,38
83211,25
83212,23
83213,19
83214,22
83215,22
83216,43
83217,30
83218,34
83219,26
83220,36
83221,46
83222,38
83223,50
83224,22
83225,55
83226,56
83227,21
83228,35
83229,34
83230,23
83231,27
83232,43
83233,55
83234,45
83235,45
83236,47
83237,56
83238,30
83239,51
83240,54
83241,40
83242,47
83243,37
83244,44
83245,18
83246,20
83247,48
83248,26
83249,41
83250,45
83251,52
83252,20
83253,47
83254,55
83255,62
83256,61
83257,47
83258,34
83259,48
83260,51
83261,35
83262,38
83263,22
83264,58
83265,42
83266,29
83267,27
83268,51
83269,62
83270,55
83271,27
83272,52
83273,28
83274,31
83275,51
83276,18
83277,30
83278,39
83279,35
83280,22
83281,40
83282,19
83283,18
83284,63
83285,18
83286,28
83287,34
83288,32
83289,38
83290,49
83291,51
83292,64
83293,63
83294,54
83295,50
83296,44
83297,51
83298,64
83299,32
83300,18
83301,30
83302,50
83303,50
83304,42
83305,64
83306,54
83307,49
83308,57
83309,31
83310,38
83311,25
83312,23
83313,19
83314,22
83315,22
83316,43
83317,30
83318,34
83319,26
83320,36
83321,46
83322,38
83323,50
83324,22
83325,55
83326,56
83327,21
83328,35
83329,34
83330,23
83331,27
83332,43
83333,55
83334,45
83335,45
83336,47
83337,56
83338,30
83339,51
83340,54
83341,40
83342,47
83343,37
83344,44
83345,18
83346,20
83347,48
83348,26
83349,41
83350,45
83351,52
83352,20
83353,47
83354,55
83355,62
83356,61
83357,47
83358,34
83359,48
83360,51
83361,35
83362,38
83363,22
83364,58
83365,42
83366,29
83367,27
83368,51
83369,62
83370,55
83371,27
83372,52
83373,28
83374,31
83375,51
83376,18
83377,30
83378,39
83379,35
83380,22
83381,40
83382,19
83383,18
83384,63
83385,18
83386,28
83387,34
83388,32
83389,38
83390,49
83391,51
83392,64
83393,63
83394,54
83395,50
83396,44
83397,51
83398,64
83399,32
83400,18
83401,30
83402,50
83403,50
83404,42
83405,64
83406,54
83407,49
83408,57
83409,31
83410,38
83411,25
83412,23
83413,19
83414,22
83415,22
83416,43
83417,30
83418,34
83419,26
83420,36
83421,46
83422,38
83423,50
83424,22
83425,55
83426,56
83427,21
83428,35
83429,34
83430,23
83431,27
83432,43
83433,55
83434,45
83435,45
83436,47
83437,56
83438,30
83439,51
83440,54
83441,40
83442,47
83443,37
83444,44
83445,18
83446,20
83447,48
83448,26
83449,41
83450,45
83451,52
83452,20
83453,47
83454,55
83455,62
83456,61
83457,47
83458,34
83459,48
83460,51
83461,35
83462,38
83463,22
83464,58
83465,42
83466,29
83467,27
83468,51
83469,62
83470,55
83471,27
83472,52
83473,28
83474,31
83475,51
83476,18
83477,30
83478,39
83479,35
83480,22
83481,40
83482,19
83483,18
83484,63
83485,18
83486,28
83487,34
83488,32
83489,38
83490,49
83491,51
83492,64
83493,63
83494,54
83495,50
83496,44
83497,51
83498,64
83499,32
83500,18
83501,30
83502,50
83503,50
83504,42
83505,64
83506,54
83507,49
83508,57
83509,31
83510,38
83511,25
83512,23
83513,19
83514,22
83515,22
83516,43
83517,30
83518,34
83519,26
83520,36
83521,46
83522,38
83523,50
83524,22
83525,55
83526,56
83527,21
83528,35
83529,34
83530,23
83531,27
83532,43
83533,55
83534,45
83535,45
83536,47
83537,56
83538,30
83539,51
83540,54
83541,40
83542,47
83543,37
83544,44
83545,18
83546,20
83547,48
83548,26
83549,41
83550,45
83551,52
83552,20
83553,47
83554,55
83555,62
83556,61
83557,47
83558,34
83559,48
83560,51
83561,35
83562,38
83563,22
83564,58
83565,42
83566,29
83567,27
83568,51
83569,62
83570,55
83571,27
83572,52
83573,28
83574,31
83575,51
83576,18
83577,30
83578,39
83579,35
83580,22
83581,40
83582,19
83583,18
83584,63
83585,18
83586,28
83587,34
83588,32
83589,38
83590,49
83591,51
83592,64
83593,63
83594,54
83595,50
83596,44
83597,51
83598,64
83599,32
83600,18
83601,30
83602,50
83603,50
83604,42
83605,64
83606,54
83607,49
83608,57
83609,31
83610,38
83611,25
83612,23
83613,19
83614,22
83615,22
83616,43
83617,30
83618,34
83619,26
83620,36
83621,46
83622,38
83623,50
83624,22
83625,55
83626,56
83627,21
83628,35
83629,34
83630,23
83631,27
83632,43
83633,55
83634,45
83635,45
83636,47
83637,56
83638,30
83639,51
83640,54
83641,40
83642,47
83643,37
83644,44
83645,18
83646,20
83647,48
83648,26
83649,41
83650,45
83651,52
83652,20
83653,47
83654,55
83655,62
83656,61
83657,47
83658,34
83659,48
83660,51
83661,35
83662,38
83663,22
83664,58
83665,42
83666,29
83667,27
83668,51
83669,62
83670,55
83671,27
83672,52
83673,28
83674,31
83675,51
83676,18
83677,30
83678,39
83679,35
83680,22
83681,40
83682,19
83683,18
83684,63
83685,18
83686,28
83687,34
83688,32
83689,38
83690,49
83691,51
83692,64
83693,63
83694,54
83695,50
83696,44
83697,51
83698,64
83699,32
83700,18
83701,30
83702,50
83703,50
83704,42
83705,64
83706,54
83707,49
83708,57
83709,31
83710,38
83711,25
83712,23
83713,19
83714,22
83715,22
83716,43
83717,30
83718,34
83719,26
83720,36
83721,46
83722,38
83723,50
83724,22
83725,55
83726,56
83727,21
83728,35
83729,34
83730,23
83731,27
83732,43
83733,55
83734,45
83735,45
83736,47
83737,56
83738,30
83739,51
83740,54
83741,40
83742,47
83743,37
83744,44
83745,18
83746,20
83747,48
83748,26
83749,41
83750,45
83751,52
83752,20
83753,47
83754,55
83755,62
83756,61
83757,47
83758,34
83759,48
83760,51
83761,35
83762,38
83763,22
83764,58
83765,42
83766,29
83767,27
83768,51
83769,62
83770,55
83771,27
83772,52
83773,28
83774,31
83775,51
83776,18
83777,30
83778,39
83779,35
83780,22
83781,40
83782,19
83783,18
83784,63
83785,18
83786,28
83787,34
83788,32
83789,38
83790,49
83791,51
83792,64
83793,63
83794,54
83795,50
83796,44
83797,51
83798,64
83799,32
83800,18
83801,30
83802,50
83803,50
83804,42
83805,64
83806,54
83807,49
83808,57
83809,31
83810,38
83811,25
83812,23
83813,19
83814,22
83815,22
83816,43
83817,30
83818,34
83819,26
83820,36
83821,46
83822,38
83823,50
83824,22
83825,55
83826,56
83827,21
83828,35
83829,34
83830,23
83831,27
83832,43
83833,55
83834,45
83835,45
83836,47
83837,56
83838,30
83839,51
83840,54
83841,40
83842,47
83843,37
83844,44
83845,18
83846,20
83847,48
83848,26
83849,41
83850,45
83851,52
83852,20
83853,47
83854,55
83855,62
83856,61
83857,47
83858,34
83859,48
83860,51
83861,35
83862,38
83863,22
83864,58
83865,42
83866,29
83867,27
83868,51
83869,62
83870,55
83871,27
83872,52
83873,28
83874,31
83875,51
83876,18
83877,30
83878,39
83879,35
83880,22
83881,40
83882,19
83883,18
83884,63
83885,18
83886,28
83887,34
83888,32
83889,38
83890,49
83891,51
83892,64
83893,63
83894,54
83895,50
83896,44
83897,51
83898,64
83899,32
83900,18
83901,30
83902,50
83903,50
83904,42
83905,64
83906,54
83907,49
83908,57
83909,31
83910,38
83911,25
83912,23
83913,19
83914,22
83915,22
83916,43
83917,30
83918,34
83919,26
83920,36
83921,46
83922,38
83923,50
83924,22
83925,55
83926,56
83927,21
83928,35
83929,34
83930,23
83931,27
83932,43
83933,55
83934,45
83935,45
83936,47
83937,56
83938,30
83939,51
83940,54
83941,40
83942,47
83943,37
83944,44
83945,18
83946,20
83947,48
83948,26
83949,41
83950,45
83951,52
83952,20
83953,47
83954,55
83955,62
83956,61
83957,47
83958,34
83959,48
83960,51
83961,35
83962,38
83963,22
83964,58
83965,42
83966,29
83967,27
83968,51
83969,62
83970,55
83971,27
83972,52
83973,28
83974,31
83975,51
83976,18
83977,30
83978,39
83979,35
83980,22
83981,40
83982,19
83983,18
83984,63
83985,18
83986,28
83987,34
83988,32
83989,38
83990,49
83991,51
83992,64
83993,63
83994,54
83995,50
83996,44
83997,51
83998,64
83999,32
84000,18
84001,30
84002,50
84003,50
84004,42
84005,64
84006,54
84007,49
84008,57
84009,31
84010,38
84011,25
84012,23
84013,19
84014,22
84015,22
84016,43
84017,30
84018,34
84019,26
84020,36
84021,46
84022,38
84023,50
84024,22
84025,55
84026,56
84027,21
84028,35
84029,34
84030,23
84031,27
84032,43
84033,55
84034,45
84035,45
84036,47
84037,56
84038,30
84039,51
84040,54
84041,40
84042,47
84043,37
84044,44
84045,18
84046,20
84047,48
84048,26
84049,41
84050,45
84051,52
84052,20
84053,47
84054,55
84055,62
84056,61
84057,47
84058,34
84059,48
84060,51
84061,35
84062,38
84063,22
84064,58
84065,42
84066,29
84067,27
84068,51
84069,62
84070,55
84071,27
84072,52
84073,28
84074,31
84075,51
84076,18
84077,30
84078,39
84079,35
84080,22
84081,40
84082,19
84083,18
84084,63
84085,18
84086,28
84087,34
84088,32
84089,38
84090,49
84091,51
84092,64
84093,63
84094,54
84095,50
84096,44
84097,51
84098,64
84099,32
84100,18
84101,30
84102,50
84103,50
84104,42
84105,64
84106,54
84107,49
84108,57
84109,31
84110,38
84111,25
84112,23
84113,19
84114,22
84115,22
84116,43
84117,30
84118,34
84119,26
84120,36
84121,46
84122,38
84123,50
84124,22
84125,55
84126,56
84127,21
84128,35
84129,34
84130,23
84131,27
84132,43
84133,55
84134,45
84135,45
84136,47
84137,56
84138,30
84139,51
84140,54
84141,40
84142,47
84143,37
84144,44
84145,18
84146,20
84147,48
84148,26
84149,41
84150,45
84151,52
84152,20
84153,47
84154,55
84155,62
84156,61
84157,47
84158,34
84159,48
84160,51
84161,35
84162,38
84163,22
84164,58
84165,42
84166,29
84167,27
84168,51
84169,62
84170,55
84171,27
84172,52
84173,28
84174,31
84175,51
84176,18
84177,30
84178,39
84179,35
84180,22
84181,40
84182,19
84183,18
84184,63
84185,18
84186,28
84187,34
84188,32
84189,38
84190,49
84191,51
84192,64
84193,63
84194,54
84195,50
84196,44
84197,51
84198,64
84199,32
84200,18
84201,30
84202,50
84203,50
84204,42
84205,64
84206,54
84207,49
84208,57
84209,31
84210,38
84211,25
84212,23
84213,19
84214,22
84215,22
84216,43
84217,30
84218,34
84219,26
84220,36
84221,46
84222,38
84223,50
84224,22
84225,55
84226,56
84227,21
84228,35
84229,34
84230,23
84231,27
84232,43
84233,55
84234,45
84235,45
84236,47
84237,56
84238,30
84239,51
84240,54
84241,40
84242,47
84243,37
84244,44
84245,18
84246,20
84247,48
84248,26
84249,41
84250,45
84251,52
84252,20
84253,47
84254,55
84255,62
84256,61
84257,47
84258,34
84259,48
84260,51
84261,35
84262,38
84263,22
84264,58
84265,42
84266,29
84267,27
84268,51
84269,62
84270,55
84271,27
84272,52
84273,28
84274,31
84275,51
84276,18
84277,30
84278,39
84279,35
84280,22
84281,40
84282,19
84283,18
84284,63
84285,18
84286,28
84287,34
84288,32
84289,38
84290,49
84291,51
84292,64
84293,63
84294,54
84295,50
84296,44
84297,51
84298,64
84299,32
84300,18
84301,30
84302,50
84303,50
84304,42
84305,64
84306,54
84307,49
84308,57
84309,31
84310,38
84311,25
84312,23
84313,19
84314,22
84315,22
84316,43
84317,30
84318,34
84319,26
84320,36
84321,46
84322,38
84323,50
84324,22
84325,55
84326,56
84327,21
84328,35
84329,34
84330,23
84331,27
84332,43
84333,55
84334,45
84335,45
84336,47
84337,56
84338,30
84339,51
84340,54
84341,40
84342,47
84343,37
84344,44
84345,18
84346,20
84347,48
84348,26
84349,41
84350,45
84351,52
84352,20
84353,47
84354,55
84355,62
84356,61
84357,47
84358,34
84359,48
84360,51
84361,35
84362,38
84363,22
84364,58
84365,42
84366,29
84367,27
84368,51
84369,62
84370,55
84371,27
84372,52
84373,28
84374,31
84375,51
84376,18
84377,30
84378,39
84379,35
84380,22
84381,40
84382,19
84383,18
84384,63
84385,18
84386,28
84387,34
84388,32
84389,38
84390,49
84391,51
84392,64
84393,63
84394,54
84395,50
84396,44
84397,51
84398,64
84399,32
84400,18
84401,30
84402,50
84403,50
84404,42
84405,64
84406,54
84407,49
84408,57
84409,31
84410,38
84411,25
84412,23
84413,19
84414,22
84415,22
84416,43
84417,30
84418,34
84419,26
84420,36
84421,46
84422,38
84423,50
84424,22
84425,55
84426,56
84427,21
84428,35
84429,34
84430,23
84431,27
84432,43
84433,55
84434,45
84435,45
84436,47
84437,56
84438,30
84439,51
84440,54
84441,40
84442,47
84443,37
84444,44
84445,18
84446,20
84447,48
84448,26
84449,41
84450,45
84451,52
84452,20
84453,47
84454,55
84455,62
84456,61
84457,47
84458,34
84459,48
84460,51
84461,35
84462,38
84463,22
84464,58
84465,42
84466,29
84467,27
84468,51
84469,62
84470,55
84471,27
84472,52
84473,28
84474,31
84475,51
84476,18
84477,30
84478,39
84479,35
84480,22
84481,40
84482,19
84483,18
84484,63
84485,18
84486,28
84487,34
84488,32
84489,38
84490,49
84491,51
84492,64
84493,63
84494,54
84495,50
84496,44
84497,51
84498,64
84499,32
84500,18
84501,30
84502,50
84503,50
84504,42
84505,64
84506,54
84507,49
84508,57
84509,31
84510,38
84511,25
84512,23
84513,19
84514,22
84515,22
84516,43
84517,30
84518,34
84519,26
84520,36
84521,46
84522,38
84523,50
84524,22
84525,55
84526,56
84527,21
84528,35
84529,34
84530,23
84531,27
84532,43
84533,55
84534,45
84535,45
84536,47
84537,56
84538,30
84539,51
84540,54
84541,40
84542,47
84543,37
84544,44
84545,18
84546,20
84547,48
84548,26
84549,41
84550,45
84551,52
84552,20
84553,47
84554,55
84555,62
84556,61
84557,47
84558,34
84559,48
84560,51
84561,35
84562,38
84563,22
84564,58
84565,42
84566,29
84567,27
84568,51
84569,62
84570,55
84571,27
84572,52
84573,28
84574,31
84575,51
84576,18
84577,30
84578,39
84579,35
84580,22
84581,40
84582,19
84583,18
84584,63
84585,18
84586,28
84587,34
84588,32
84589,38
84590,49
84591,51
84592,64
84593,63
84594,54
84595,50
84596,44
84597,51
84598,64
84599,32
84600,18
84601,30
84602,50
84603,50
84604,42
84605,64
84606,54
84607,49
84608,57
84609,31
84610,38
84611,25
84612,23
84613,19
84614,22
84615,22
84616,43
84617,30
84618,34
84619,26
84620,36
84621,46
84622,38
84623,50
84624,22
84625,55
84626,56
84627,21
84628,35
84629,34
84630,23
84631,27
84632,43
84633,55
84634,45
84635,45
84636,47
84637,56
84638,30
84639,51
84640,54
84641,40
84642,47
84643,37
84644,44
84645,18
84646,20
84647,48
84648,26
84649,41
84650,45
84651,52
84652,20
84653,47
84654,55
84655,62
84656,61
84657,47
84658,34
84659,48
84660,51
84661,35
84662,38
84663,22
84664,58
84665,42
84666,29
84667,27
84668,51
84669,62
84670,55
84671,27
84672,52
84673,28
84674,31
84675,51
84676,18
84677,30
84678,39
84679,35
84680,22
84681,40
84682,19
84683,18
84684,63
84685,18
84686,28
84687,34
84688,32
84689,38
84690,49
84691,51
84692,64
84693,63
84694,54
84695,50
84696,44
84697,51
84698,64
84699,32
84700,18
84701,30
84702,50
84703,50
84704,42
84705,64
84706,54
84707,49
84708,57
84709,31
84710,38
84711,25
84712,23
84713,19
84714,22
84715,22
84716,43
84717,30
84718,34
84719,26
84720,36
84721,46
84722,38
84723,50
84724,22
84725,55
84726,56
84727,21
84728,35
84729,34
84730,23
84731,27
84732,43
84733,55
84734,45
84735,45
84736,47
84737,56
84738,30
84739,51
84740,54
84741,40
84742,47
84743,37
84744,44
84745,18
84746,20
84747,48
84748,26
84749,41
84750,45
84751,52
84752,20
84753,47
84754,55
84755,62
84756,61
84757,47
84758,34
84759,48
84760,51
84761,35
84762,38
84763,22
84764,58
84765,42
84766,29
84767,27
84768,51
84769,62
84770,55
84771,27
84772,52
84773,28
84774,31
84775,51
84776,18
84777,30
84778,39
84779,35
84780,22
84781,40
84782,19
84783,18
84784,63
84785,18
84786,28
84787,34
84788,32
84789,38
84790,49
84791,51
84792,64
84793,63
84794,54
84795,50
84796,44
84797,51
84798,64
84799,32
84800,18
84801,30
84802,50
84803,50
84804,42
84805,64
84806,54
84807,49
84808,57
84809,31
84810,38
84811,25
84812,23
84813,19
84814,22
84815,22
84816,43
84817,30
84818,34
84819,26
84820,36
84821,46
84822,38
84823,50
84824,22
84825,55
84826,56
84827,21
84828,35
84829,34
84830,23
84831,27
84832,43
84833,55
84834,45
84835,45
84836,47
84837,56
84838,30
84839,51
84840,54
84841,40
84842,47
84843,37
84844,44
84845,18
84846,20
84847,48
84848,26
84849,41
84850,45
84851,52
84852,20
84853,47
84854,55
84855,62
84856,61
84857,47
84858,34
84859,48
84860,51
84861,35
84862,38
84863,22
84864,58
84865,42
84866,29
84867,27
84868,51
84869,62
84870,55
84871,27
84872,52
84873,28
84874,31
84875,51
84876,18
84877,30
84878,39
84879,35
84880,22
84881,40
84882,19
84883,18
84884,63
84885,18
84886,28
84887,34
84888,32
84889,38
84890,49
84891,51
84892,64
84893,63
84894,54
84895,50
84896,44
84897,51
84898,64
84899,32
84900,18
84901,30
84902,50
84903,50
84904,42
84905,64
84906,54
84907,49
84908,57
84909,31
84910,38
84911,25
84912,23
84913,19
84914,22
84915,22
84916,43
84917,30
84918,34
84919,26
84920,36
84921,46
84922,38
84923,50
84924,22
84925,55
84926,56
84927,21
84928,35
84929,34
84930,23
84931,27
84932,43
84933,55
84934,45
84935,45
84936,47
84937,56
84938,30
84939,51
84940,54
84941,40
84942,47
84943,37
84944,44
84945,18
84946,20
84947,48
84948,26
84949,41
84950,45
84951,52
84952,20
84953,47
84954,55
84955,62
84956,61
84957,47
84958,34
84959,48
84960,51
84961,35
84962,38
84963,22
84964,58
84965,42
84966,29
84967,27
84968,51
84969,62
84970,55
84971,27
84972,52
84973,28
84974,31
84975,51
84976,18
84977,30
84978,39
84979,35
84980,22
84981,40
84982,19
84983,18
84984,63
84985,18
84986,28
84987,34
84988,32
84989,38
84990,49
84991,51
84992,64
84993,63
84994,54
84995,50
84996,44
84997,51
84998,64
84999,32
85000,18
85001,30
85002,50
85003,50
85004,42
85005,64
85006,54
85007,49
85008,57
85009,31
85010,38
85011,25
85012,23
85013,19
85014,22
85015,22
85016,43
85017,30
85018,34
85019,26
85020,36
85021,46
85022,38
85023,50
85024,22
85025,55
85026,56
85027,21
85028,35
85029,34
85030,23
85031,27
85032,43
85033,55
85034,45
85035,45
85036,47
85037,56
85038,30
85039,51
85040,54
85041,40
85042,47
85043,37
85044,44
85045,18
85046,20
85047,48
85048,26
85049,41
85050,45
85051,52
85052,20
85053,47
85054,55
85055,62
85056,61
85057,47
85058,34
85059,48
85060,51
85061,35
85062,38
85063,22
85064,58
85065,42
85066,29
85067,27
85068,51
85069,62
85070,55
85071,27
85072,52
85073,28
85074,31
85075,51
85076,18
85077,30
85078,39
85079,35
85080,22
85081,40
85082,19
85083,18
85084,63
85085,18
85086,28
85087,34
85088,32
85089,38
85090,49
85091,51
85092,64
85093,63
85094,54
85095,50
85096,44
85097,51
85098,64
85099,32
85100,18
85101,30
85102,50
85103,50
85104,42
85105,64
85106,54
85107,49
85108,57
85109,31
85110,38
85111,25
85112,23
85113,19
85114,22
85115,22
85116,43
85117,30
85118,34
85119,26
85120,36
85121,46
85122,38
85123,50
85124,22
85125,55
85126,56
85127,21
85128,35
85129,34
85130,23
85131,27
85132,43
85133,55
85134,45
85135,45
85136,47
85137,56
85138,30
85139,51
85140,54
85141,40
85142,47
85143,37
85144,44
85145,18
85146,20
85147,48
85148,26
85149,41
85150,45
85151,52
85152,20
85153,47
85154,55
85155,62
85156,61
85157,47
85158,34
85159,48
85160,51
85161,35
85162,38
85163,22
85164,58
85165,42
85166,29
85167,27
85168,51
85169,62
85170,55
85171,27
85172,52
85173,28
85174,31
85175,51
85176,18
85177,30
85178,39
85179,35
85180,22
85181,40
85182,19
85183,18
85184,63
85185,18
85186,28
85187,34
85188,32
85189,38
85190,49
85191,51
85192,64
85193,63
85194,54
85195,50
85196,44
85197,51
85198,64
85199,32
85200,18
85201,30
85202,50
85203,50
85204,42
85205,64
85206,54
85207,49
85208,57
85209,31
85210,38
85211,25
85212,23
85213,19
85214,22
85215,22
85216,43
85217,30
85218,34
85219,26
85220,36
85221,46
85222,38
85223,50
85224,22
85225,55
85226,56
85227,21
85228,35
85229,34
85230,23
85231,27
85232,43
85233,55
85234,45
85235,45
85236,47
85237,56
85238,30
85239,51
85240,54
85241,40
85242,47
85243,37
85244,44
85245,18
85246,20
85247,48
85248,26
85249,41
85250,45
85251,52
85252,20
85253,47
85254,55
85255,62
85256,61
85257,47
85258,34
85259,48
85260,51
85261,35
85262,38
85263,22
85264,58
85265,42
85266,29
85267,27
85268,51
85269,62
85270,55
85271,27
85272,52
85273,28
85274,31
85275,51
85276,18
85277,30
85278,39
85279,35
85280,22
85281,40
85282,19
85283,18
85284,63
85285,18
85286,28
85287,34
85288,32
85289,38
85290,49
85291,51
85292,64
85293,63
85294,54
85295,50
85296,44
85297,51
85298,64
85299,32
85300,18
85301,30
85302,50
85303,50
85304,42
85305,64
85306,54
85307,49
85308,57
85309,31
85310,38
85311,25
85312,23
85313,19
85314,22
85315,22
85316,43
85317,30
85318,34
85319,26
85320,36
85321,46
85322,38
85323,50
85324,22
85325,55
85326,56
85327,21
85328,35
85329,34
85330,23
85331,27
85332,43
85333,55
85334,45
85335,45
85336,47
85337,56
85338,30
85339,51
85340,54
85341,40
85342,47
85343,37
85344,44
85345,18
85346,20
85347,48
85348,26
85349,41
85350,45
85351,52
85352,20
85353,47
85354,55
85355,62
85356,61
85357,47
85358,34
85359,48
85360,51
85361,35
85362,38
85363,22
85364,58
85365,42
85366,29
85367,27
85368,51
85369,62
85370,55
85371,27
85372,52
85373,28
85374,31
85375,51
85376,18
85377,30
85378,39
85379,35
85380,22
85381,40
85382,19
85383,18
85384,63
85385,18
85386,28
85387,34
85388,32
85389,38
85390,49
85391,51
85392,64
85393,63
85394,54
85395,50
85396,44
85397,51
85398,64
85399,32
85400,18
85401,30
85402,50
85403,50
85404,42
85405,64
85406,54
85407,49
85408,57
85409,31
85410,38
85411,25
85412,23
85413,19
85414,22
85415,22
85416,43
85417,30
85418,34
85419,26
85420,36
85421,46
85422,38
85423,50
85424,22
85425,55
85426,56
85427,21
85428,35
85429,34
85430,23
85431,27
85432,43
85433,55
85434,45
85435,45
85436,47
85437,56
85438,30
85439,51
85440,54
85441,40
85442,47
85443,37
85444,44
85445,18
85446,20
85447,48
85448,26
85449,41
85450,45
85451,52
85452,20
85453,47
85454,55
85455,62
85456,61
85457,47
85458,34
85459,48
85460,51
85461,35
85462,38
85463,22
85464,58
85465,42
85466,29
85467,27
85468,51
85469,62
85470,55
85471,27
85472,52
85473,28
85474,31
85475,51
85476,18
85477,30
85478,39
85479,35
85480,22
85481,40
85482,19
85483,18
85484,63
85485,18
85486,28
85487,34
85488,32
85489,38
85490,49
85491,51
85492,64
85493,63
85494,54
85495,50
85496,44
85497,51
85498,64
85499,32
85500,18
85501,30
85502,50
85503,50
85504,42
85505,64
85506,54
85507,49
85508,57
85509,31
85510,38
85511,25
85512,23
85513,19
85514,22
85515,22
85516,43
85517,30
85518,34
85519,26
85520,36
85521,46
85522,38
85523,50
85524,22
85525,55
85526,56
85527,21
85528,35
85529,34
85530,23
85531,27
85532,43
85533,55
85534,45
85535,45
85536,47
85537,56
85538,30
85539,51
85540,54
85541,40
85542,47
85543,37
85544,44
85545,18
85546,20
85547,48
85548,26
85549,41
85550,45
85551,52
85552,20
85553,47
85554,55
85555,62
85556,61
85557,47
85558,34
85559,48
85560,51
85561,35
85562,38
85563,22
85564,58
85565,42
85566,29
85567,27
85568,51
85569,62
85570,55
85571,27
85572,52
85573,28
85574,31
85575,51
85576,18
85577,30
85578,39
85579,35
85580,22
85581,40
85582,19
85583,18
85584,63
85585,18
85586,28
85587,34
85588,32
85589,38
85590,49
85591,51
85592,64
85593,63
85594,54
85595,50
85596,44
85597,51
85598,64
85599,32
85600,18
85601,30
85602,50
85603,50
85604,42
85605,64
85606,54
85607,49
85608,57
85609,31
85610,38
85611,25
85612,23
85613,19
85614,22
85615,22
85616,43
85617,30
85618,34
85619,26
85620,36
85621,46
85622,38
85623,50
85624,22
85625,55
85626,56
85627,21
85628,35
85629,34
85630,23
85631,27
85632,43
85633,55
85634,45
85635,45
85636,47
85637,56
85638,30
85639,51
85640,54
85641,40
85642,47
85643,37
85644,44
85645,18
85646,20
85647,48
85648,26
85649,41
85650,45
85651,52
85652,20
85653,47
85654,55
85655,62
85656,61
85657,47
85658,34
85659,48
85660,51
85661,35
85662,38
85663,22
85664,58
85665,42
85666,29
85667,27
85668,51
85669,62
85670,55
85671,27
85672,52
85673,28
85674,31
85675,51
85676,18
85677,30
85678,39
85679,35
85680,22
85681,40
85682,19
85683,18
85684,63
85685,18
85686,28
85687,34
85688,32
85689,38
85690,49
85691,51
85692,64
85693,63
85694,54
85695,50
85696,44
85697,51
85698,64
85699,32
85700,18
85701,30
85702,50
85703,50
85704,42
85705,64
85706,54
85707,49
85708,57
85709,31
85710,38
85711,25
85712,23
85713,19
85714,22
85715,22
85716,43
85717,30
85718,34
85719,26
85720,36
85721,46
85722,38
85723,50
85724,22
85725,55
85726,56
85727,21
85728,35
85729,34
85730,23
85731,27
85732,43
85733,55
85734,45
85735,45
85736,47
85737,56
85738,30
85739,51
85740,54
85741,40
85742,47
85743,37
85744,44
85745,18
85746,20
85747,48
85748,26
85749,41
85750,45
85751,52
85752,20
85753,47
85754,55
85755,62
85756,61
85757,47
85758,34
85759,48
85760,51
85761,35
85762,38
85763,22
85764,58
85765,42
85766,29
85767,27
85768,51
85769,62
85770,55
85771,27
85772,52
85773,28
85774,31
85775,51
85776,18
85777,30
85778,39
85779,35
85780,22
85781,40
85782,19
85783,18
85784,63
85785,18
85786,28
85787,34
85788,32
85789,38
85790,49
85791,51
85792,64
85793,63
85794,54
85795,50
85796,44
85797,51
85798,64
85799,32
85800,18
85801,30
85802,50
85803,50
85804,42
85805,64
85806,54
85807,49
85808,57
85809,31
85810,38
85811,25
85812,23
85813,19
85814,22
85815,22
85816,43
85817,30
85818,34
85819,26
85820,36
85821,46
85822,38
85823,50
85824,22
85825,55
85826,56
85827,21
85828,35
85829,34
85830,23
85831,27
85832,43
85833,55
85834,45
85835,45
85836,47
85837,56
85838,30
85839,51
85840,54
85841,40
85842,47
85843,37
85844,44
85845,18
85846,20
85847,48
85848,26
85849,41
85850,45
85851,52
85852,20
85853,47
85854,55
85855,62
85856,61
85857,47
85858,34
85859,48
85860,51
85861,35
85862,38
85863,22
85864,58
85865,42
85866,29
85867,27
85868,51
85869,62
85870,55
85871,27
85872,52
85873,28
85874,31
85875,51
85876,18
85877,30
85878,39
85879,35
85880,22
85881,40
85882,19
85883,18
85884,63
85885,18
85886,28
85887,34
85888,32
85889,38
85890,49
85891,51
85892,64
85893,63
85894,54
85895,50
85896,44
85897,51
85898,64
85899,32
85900,18
85901,30
85902,50
85903,50
85904,42
85905,64
85906,54
85907,49
85908,57
85909,31
85910,38
85911,25
85912,23
85913,19
85914,22
85915,22
85916,43
85917,30
85918,34
85919,26
85920,36
85921,46
85922,38
85923,50
85924,22
85925,55
85926,56
85927,21
85928,35
85929,34
85930,23
85931,27
85932,43
85933,55
85934,45
85935,45
85936,47
85937,56
85938,30
85939,51
85940,54
85941,40
85942,47
85943,37
85944,44
85945,18
85946,20
85947,48
85948,26
85949,41
85950,45
85951,52
85952,20
85953,47
85954,55
85955,62
85956,61
85957,47
85958,34
85959,48
85960,51
85961,35
85962,38
85963,22
85964,58
85965,42
85966,29
85967,27
85968,51
85969,62
85970,55
85971,27
85972,52
85973,28
85974,31
85975,51
85976,18
85977,30
85978,39
85979,35
85980,22
85981,40
85982,19
85983,18
85984,63
85985,18
85986,28
85987,34
85988,32
85989,38
85990,49
85991,51
85992,64
85993,63
85994,54
85995,50
85996,44
85997,51
85998,64
85999,32
86000,18
86001,30
86002,50
86003,50
86004,42
86005,64
86006,54
86007,49
86008,57
86009,31
86010,38
86011,25
86012,23
86013,19
86014,22
86015,22
86016,43
86017,30
86018,34
86019,26
86020,36
86021,46
86022,38
86023,50
86024,22
86025,55
86026,56
86027,21
86028,35
86029,34
86030,23
86031,27
86032,43
86033,55
86034,45
86035,45
86036,47
86037,56
86038,30
86039,51
86040,54
86041,40
86042,47
86043,37
86044,44
86045,18
86046,20
86047,48
86048,26
86049,41
86050,45
86051,52
86052,20
86053,47
86054,55
86055,62
86056,61
86057,47
86058,34
86059,48
86060,51
86061,35
86062,38
86063,22
86064,58
86065,42
86066,29
86067,27
86068,51
86069,62
86070,55
86071,27
86072,52
86073,28
86074,31
86075,51
86076,18
86077,30
86078,39
86079,35
86080,22
86081,40
86082,19
86083,18
86084,63
86085,18
86086,28
86087,34
86088,32
86089,38
86090,49
86091,51
86092,64
86093,63
86094,54
86095,50
86096,44
86097,51
86098,64
86099,32
86100,18
86101,30
86102,50
86103,50
86104,42
86105,64
86106,54
86107,49
86108,57
86109,31
86110,38
86111,25
86112,23
86113,19
86114,22
86115,22
86116,43
86117,30
86118,34
86119,26
86120,36
86121,46
86122,38
86123,50
86124,22
86125,55
86126,56
86127,21
86128,35
86129,34
86130,23
86131,27
86132,43
86133,55
86134,45
86135,45
86136,47
86137,56
86138,30
86139,51
86140,54
86141,40
86142,47
86143,37
86144,44
86145,18
86146,20
86147,48
86148,26
86149,41
86150,45
86151,52
86152,20
86153,47
86154,55
86155,62
86156,61
86157,47
86158,34
86159,48
86160,51
86161,35
86162,38
86163,22
86164,58
86165,42
86166,29
86167,27
86168,51
86169,62
86170,55
86171,27
86172,52
86173,28
86174,31
86175,51
86176,18
86177,30
86178,39
86179,35
86180,22
86181,40
86182,19
86183,18
86184,63
86185,18
86186,28
86187,34
86188,32
86189,38
86190,49
86191,51
86192,64
86193,63
86194,54
86195,50
86196,44
86197,51
86198,64
86199,32
86200,18
86201,30
86202,50
86203,50
86204,42
86205,64
86206,54
86207,49
86208,57
86209,31
86210,38
86211,25
86212,23
86213,19
86214,22
86215,22
86216,43
86217,30
86218,34
86219,26
86220,36
86221,46
86222,38
86223,50
86224,22
86225,55
86226,56
86227,21
86228,35
86229,34
86230,23
86231,27
86232,43
86233,55
86234,45
86235,45
86236,47
86237,56
86238,30
86239,51
86240,54
86241,40
86242,47
86243,37
86244,44
86245,18
86246,20
86247,48
86248,26
86249,41
86250,45
86251,52
86252,20
86253,47
86254,55
86255,62
86256,61
86257,47
86258,34
86259,48
86260,51
86261,35
86262,38
86263,22
86264,58
86265,42
86266,29
86267,27
86268,51
86269,62
86270,55
86271,27
86272,52
86273,28
86274,31
86275,51
86276,18
86277,30
86278,39
86279,35
86280,22
86281,40
86282,19
86283,18
86284,63
86285,18
86286,28
86287,34
86288,32
86289,38
86290,49
86291,51
86292,64
86293,63
86294,54
86295,50
86296,44
86297,51
86298,64
86299,32
86300,18
86301,30
86302,50
86303,50
86304,42
86305,64
86306,54
86307,49
86308,57
86309,31
86310,38
86311,25
86312,23
86313,19
86314,22
86315,22
86316,43
86317,30
86318,34
86319,26
86320,36
86321,46
86322,38
86323,50
86324,22
86325,55
86326,56
86327,21
86328,35
86329,34
86330,23
86331,27
86332,43
86333,55
86334,45
86335,45
86336,47
86337,56
86338,30
86339,51
86340,54
86341,40
86342,47
86343,37
86344,44
86345,18
86346,20
86347,48
86348,26
86349,41
86350,45
86351,52
86352,20
86353,47
86354,55
86355,62
86356,61
86357,47
86358,34
86359,48
86360,51
86361,35
86362,38
86363,22
86364,58
86365,42
86366,29
86367,27
86368,51
86369,62
86370,55
86371,27
86372,52
86373,28
86374,31
86375,51
86376,18
86377,30
86378,39
86379,35
86380,22
86381,40
86382,19
86383,18
86384,63
86385,18
86386,28
86387,34
86388,32
86389,38
86390,49
86391,51
86392,64
86393,63
86394,54
86395,50
86396,44
86397,51
86398,64
86399,32
86400,18
86401,30
86402,50
86403,50
86404,42
86405,64
86406,54
86407,49
86408,57
86409,31
86410,38
86411,25
86412,23
86413,19
86414,22
86415,22
86416,43
86417,30
86418,34
86419,26
86420,36
86421,46
86422,38
86423,50
86424,22
86425,55
86426,56
86427,21
86428,35
86429,34
86430,23
86431,27
86432,43
86433,55
86434,45
86435,45
86436,47
86437,56
86438,30
86439,51
86440,54
86441,40
86442,47
86443,37
86444,44
86445,18
86446,20
86447,48
86448,26
86449,41
86450,45
86451,52
86452,20
86453,47
86454,55
86455,62
86456,61
86457,47
86458,34
86459,48
86460,51
86461,35
86462,38
86463,22
86464,58
86465,42
86466,29
86467,27
86468,51
86469,62
86470,55
86471,27
86472,52
86473,28
86474,31
86475,51
86476,18
86477,30
86478,39
86479,35
86480,22
86481,40
86482,19
86483,18
86484,63
86485,18
86486,28
86487,34
86488,32
86489,38
86490,49
86491,51
86492,64
86493,63
86494,54
86495,50
86496,44
86497,51
86498,64
86499,32
86500,18
86501,30
86502,50
86503,50
86504,42
86505,64
86506,54
86507,49
86508,57
86509,31
86510,38
86511,25
86512,23
86513,19
86514,22
86515,22
86516,43
86517,30
86518,34
86519,26
86520,36
86521,46
86522,38
86523,50
86524,22
86525,55
86526,56
86527,21
86528,35
86529,34
86530,23
86531,27
86532,43
86533,55
86534,45
86535,45
86536,47
86537,56
86538,30
86539,51
86540,54
86541,40
86542,47
86543,37
86544,44
86545,18
86546,20
86547,48
86548,26
86549,41
86550,45
86551,52
86552,20
86553,47
86554,55
86555,62
86556,61
86557,47
86558,34
86559,48
86560,51
86561,35
86562,38
86563,22
86564,58
86565,42
86566,29
86567,27
86568,51
86569,62
86570,55
86571,27
86572,52
86573,28
86574,31
86575,51
86576,18
86577,30
86578,39
86579,35
86580,22
86581,40
86582,19
86583,18
86584,63
86585,18
86586,28
86587,34
86588,32
86589,38
86590,49
86591,51
86592,64
86593,63
86594,54
86595,50
86596,44
86597,51
86598,64
86599,32
86600,18
86601,30
86602,50
86603,50
86604,42
86605,64
86606,54
86607,49
86608,57
86609,31
86610,38
86611,25
86612,23
86613,19
86614,22
86615,22
86616,43
86617,30
86618,34
86619,26
86620,36
86621,46
86622,38
86623,50
86624,22
86625,55
86626,56
86627,21
86628,35
86629,34
86630,23
86631,27
86632,43
86633,55
86634,45
86635,45
86636,47
86637,56
86638,30
86639,51
86640,54
86641,40
86642,47
86643,37
86644,44
86645,18
86646,20
86647,48
86648,26
86649,41
86650,45
86651,52
86652,20
86653,47
86654,55
86655,62
86656,61
86657,47
86658,34
86659,48
86660,51
86661,35
86662,38
86663,22
86664,58
86665,42
86666,29
86667,27
86668,51
86669,62
86670,55
86671,27
86672,52
86673,28
86674,31
86675,51
86676,18
86677,30
86678,39
86679,35
86680,22
86681,40
86682,19
86683,18
86684,63
86685,18
86686,28
86687,34
86688,32
86689,38
86690,49
86691,51
86692,64
86693,63
86694,54
86695,50
86696,44
86697,51
86698,64
86699,32
86700,18
86701,30
86702,50
86703,50
86704,42
86705,64
86706,54
86707,49
86708,57
86709,31
86710,38
86711,25
86712,23
86713,19
86714,22
86715,22
86716,43
86717,30
86718,34
86719,26
86720,36
86721,46
86722,38
86723,50
86724,22
86725,55
86726,56
86727,21
86728,35
86729,34
86730,23
86731,27
86732,43
86733,55
86734,45
86735,45
86736,47
86737,56
86738,30
86739,51
86740,54
86741,40
86742,47
86743,37
86744,44
86745,18
86746,20
86747,48
86748,26
86749,41
86750,45
86751,52
86752,20
86753,47
86754,55
86755,62
86756,61
86757,47
86758,34
86759,48
86760,51
86761,35
86762,38
86763,22
86764,58
86765,42
86766,29
86767,27
86768,51
86769,62
86770,55
86771,27
86772,52
86773,28
86774,31
86775,51
86776,18
86777,30
86778,39
86779,35
86780,22
86781,40
86782,19
86783,18
86784,63
86785,18
86786,28
86787,34
86788,32
86789,38
86790,49
86791,51
86792,64
86793,63
86794,54
86795,50
86796,44
86797,51
86798,64
86799,32
86800,18
86801,30
86802,50
86803,50
86804,42
86805,64
86806,54
86807,49
86808,57
86809,31
86810,38
86811,25
86812,23
86813,19
86814,22
86815,22
86816,43
86817,30
86818,34
86819,26
86820,36
86821,46
86822,38
86823,50
86824,22
86825,55
86826,56
86827,21
86828,35
86829,34
86830,23
86831,27
86832,43
86833,55
86834,45
86835,45
86836,47
86837,56
86838,30
86839,51
86840,54
86841,40
86842,47
86843,37
86844,44
86845,18
86846,20
86847,48
86848,26
86849,41
86850,45
86851,52
86852,20
86853,47
86854,55
86855,62
86856,61
86857,47
86858,34
86859,48
86860,51
86861,35
86862,38
86863,22
86864,58
86865,42
86866,29
86867,27
86868,51
86869,62
86870,55
86871,27
86872,52
86873,28
86874,31
86875,51
86876,18
86877,30
86878,39
86879,35
86880,22
86881,40
86882,19
86883,18
86884,63
86885,18
86886,28
86887,34
86888,32
86889,38
86890,49
86891,51
86892,64
86893,63
86894,54
86895,50
86896,44
86897,51
86898,64
86899,32
86900,18
86901,30
86902,50
86903,50
86904,42
86905,64
86906,54
86907,49
86908,57
86909,31
86910,38
86911,25
86912,23
86913,19
86914,22
86915,22
86916,43
86917,30
86918,34
86919,26
86920,36
86921,46
86922,38
86923,50
86924,22
86925,55
86926,56
86927,21
86928,35
86929,34
86930,23
86931,27
86932,43
86933,55
86934,45
86935,45
86936,47
86937,56
86938,30
86939,51
86940,54
86941,40
86942,47
86943,37
86944,44
86945,18
86946,20
86947,48
86948,26
86949,41
86950,45
86951,52
86952,20
86953,47
86954,55
86955,62
86956,61
86957,47
86958,34
86959,48
86960,51
86961,35
86962,38
86963,22
86964,58
86965,42
86966,29
86967,27
86968,51
86969,62
86970,55
86971,27
86972,52
86973,28
86974,31
86975,51
86976,18
86977,30
86978,39
86979,35
86980,22
86981,40
86982,19
86983,18
86984,63
86985,18
86986,28
86987,34
86988,32
86989,38
86990,49
86991,51
86992,64
86993,63
86994,54
86995,50
86996,44
86997,51
86998,64
86999,32
87000,18
87001,30
87002,50
87003,50
87004,42
87005,64
87006,54
87007,49
87008,57
87009,31
87010,38
87011,25
87012,23
87013,19
87014,22
87015,22
87016,43
87017,30
87018,34
87019,26
87020,36
87021,46
87022,38
87023,50
87024,22
87025,55
87026,56
87027,21
87028,35
87029,34
87030,23
87031,27
87032,43
87033,55
87034,45
87035,45
87036,47
87037,56
87038,30
87039,51
87040,54
87041,40
87042,47
87043,37
87044,44
87045,18
87046,20
87047,48
87048,26
87049,41
87050,45
87051,52
87052,20
87053,47
87054,55
87055,62
87056,61
87057,47
87058,34
87059,48
87060,51
87061,35
87062,38
87063,22
87064,58
87065,42
87066,29
87067,27
87068,51
87069,62
87070,55
87071,27
87072,52
87073,28
87074,31
87075,51
87076,18
87077,30
87078,39
87079,35
87080,22
87081,40
87082,19
87083,18
87084,63
87085,18
87086,28
87087,34
87088,32
87089,38
87090,49
87091,51
87092,64
87093,63
87094,54
87095,50
87096,44
87097,51
87098,64
87099,32
87100,18
87101,30
87102,50
87103,50
87104,42
87105,64
87106,54
87107,49
87108,57
87109,31
87110,38
87111,25
87112,23
87113,19
87114,22
87115,22
87116,43
87117,30
87118,34
87119,26
87120,36
87121,46
87122,38
87123,50
87124,22
87125,55
87126,56
87127,21
87128,35
87129,34
87130,23
87131,27
87132,43
87133,55
87134,45
87135,45
87136,47
87137,56
87138,30
87139,51
87140,54
87141,40
87142,47
87143,37
87144,44
87145,18
87146,20
87147,48
87148,26
87149,41
87150,45
87151,52
87152,20
87153,47
87154,55
87155,62
87156,61
87157,47
87158,34
87159,48
87160,51
87161,35
87162,38
87163,22
87164,58
87165,42
87166,29
87167,27
87168,51
87169,62
87170,55
87171,27
87172,52
87173,28
87174,31
87175,51
87176,18
87177,30
87178,39
87179,35
87180,22
87181,40
87182,19
87183,18
87184,63
87185,18
87186,28
87187,34
87188,32
87189,38
87190,49
87191,51
87192,64
87193,63
87194,54
87195,50
87196,44
87197,51
87198,64
87199,32
87200,18
87201,30
87202,50
87203,50
87204,42
87205,64
87206,54
87207,49
87208,57
87209,31
87210,38
87211,25
87212,23
87213,19
87214,22
87215,22
87216,43
87217,30
87218,34
87219,26
87220,36
87221,46
87222,38
87223,50
87224,22
87225,55
87226,56
87227,21
87228,35
87229,34
87230,23
87231,27
87232,43
87233,55
87234,45
87235,45
87236,47
87237,56
87238,30
87239,51
87240,54
87241,40
87242,47
87243,37
87244,44
87245,18
87246,20
87247,48
87248,26
87249,41
87250,45
87251,52
87252,20
87253,47
87254,55
87255,62
87256,61
87257,47
87258,34
87259,48
87260,51
87261,35
87262,38
87263,22
87264,58
87265,42
87266,29
87267,27
87268,51
87269,62
87270,55
87271,27
87272,52
87273,28
87274,31
87275,51
87276,18
87277,30
87278,39
87279,35
87280,22
87281,40
87282,19
87283,18
87284,63
87285,18
87286,28
87287,34
87288,32
87289,38
87290,49
87291,51
87292,64
87293,63
87294,54
87295,50
87296,44
87297,51
87298,64
87299,32
87300,18
87301,30
87302,50
87303,50
87304,42
87305,64
87306,54
87307,49
87308,57
87309,31
87310,38
87311,25
87312,23
87313,19
87314,22
87315,22
87316,43
87317,30
87318,34
87319,26
87320,36
87321,46
87322,38
87323,50
87324,22
87325,55
87326,56
87327,21
87328,35
87329,34
87330,23
87331,27
87332,43
87333,55
87334,45
87335,45
87336,47
87337,56
87338,30
87339,51
87340,54
87341,40
87342,47
87343,37
87344,44
87345,18
87346,20
87347,48
87348,26
87349,41
87350,45
87351,52
87352,20
87353,47
87354,55
87355,62
87356,61
87357,47
87358,34
87359,48
87360,51
87361,35
87362,38
87363,22
87364,58
87365,42
87366,29
87367,27
87368,51
87369,62
87370,55
87371,27
87372,52
87373,28
87374,31
87375,51
87376,18
87377,30
87378,39
87379,35
87380,22
87381,40
87382,19
87383,18
87384,63
87385,18
87386,28
87387,34
87388,32
87389,38
87390,49
87391,51
87392,64
87393,63
87394,54
87395,50
87396,44
87397,51
87398,64
87399,32
87400,18
87401,30
87402,50
87403,50
87404,42
87405,64
87406,54
87407,49
87408,57
87409,31
87410,38
87411,25
87412,23
87413,19
87414,22
87415,22
87416,43
87417,30
87418,34
87419,26
87420,36
87421,46
87422,38
87423,50
87424,22
87425,55
87426,56
87427,21
87428,35
87429,34
87430,23
87431,27
87432,43
87433,55
87434,45
87435,45
87436,47
87437,56
87438,30
87439,51
87440,54
87441,40
87442,47
87443,37
87444,44
87445,18
87446,20
87447,48
87448,26
87449,41
87450,45
87451,52
87452,20
87453,47
87454,55
87455,62
87456,61
87457,47
87458,34
87459,48
87460,51
87461,35
87462,38
87463,22
87464,58
87465,42
87466,29
87467,27
87468,51
87469,62
87470,55
87471,27
87472,52
87473,28
87474,31
87475,51
87476,18
87477,30
87478,39
87479,35
87480,22
87481,40
87482,19
87483,18
87484,63
87485,18
87486,28
87487,34
87488,32
87489,38
87490,49
87491,51
87492,64
87493,63
87494,54
87495,50
87496,44
87497,51
87498,64
87499,32
87500,18
87501,30
87502,50
87503,50
87504,42
87505,64
87506,54
87507,49
87508,57
87509,31
87510,38
87511,25
87512,23
87513,19
87514,22
87515,22
87516,43
87517,30
87518,34
87519,26
87520,36
87521,46
87522,38
87523,50
87524,22
87525,55
87526,56
87527,21
87528,35
87529,34
87530,23
87531,27
87532,43
87533,55
87534,45
87535,45
87536,47
87537,56
87538,30
87539,51
87540,54
87541,40
87542,47
87543,37
87544,44
87545,18
87546,20
87547,48
87548,26
87549,41
87550,45
87551,52
87552,20
87553,47
87554,55
87555,62
87556,61
87557,47
87558,34
87559,48
87560,51
87561,35
87562,38
87563,22
87564,58
87565,42
87566,29
87567,27
87568,51
87569,62
87570,55
87571,27
87572,52
87573,28
87574,31
87575,51
87576,18
87577,30
87578,39
87579,35
87580,22
87581,40
87582,19
87583,18
87584,63
87585,18
87586,28
87587,34
87588,32
87589,38
87590,49
87591,51
87592,64
87593,63
87594,54
87595,50
87596,44
87597,51
87598,64
87599,32
87600,18
87601,30
87602,50
87603,50
87604,42
87605,64
87606,54
87607,49
87608,57
87609,31
87610,38
87611,25
87612,23
87613,19
87614,22
87615,22
87616,43
87617,30
87618,34
87619,26
87620,36
87621,46
87622,38
87623,50
87624,22
87625,55
87626,56
87627,21
87628,35
87629,34
87630,23
87631,27
87632,43
87633,55
87634,45
87635,45
87636,47
87637,56
87638,30
87639,51
87640,54
87641,40
87642,47
87643,37
87644,44
87645,18
87646,20
87647,48
87648,26
87649,41
87650,45
87651,52
87652,20
87653,47
87654,55
87655,62
87656,61
87657,47
87658,34
87659,48
87660,51
87661,35
87662,38
87663,22
87664,58
87665,42
87666,29
87667,27
87668,51
87669,62
87670,55
87671,27
87672,52
87673,28
87674,31
87675,51
87676,18
87677,30
87678,39
87679,35
87680,22
87681,40
87682,19
87683,18
87684,63
87685,18
87686,28
87687,34
87688,32
87689,38
87690,49
87691,51
87692,64
87693,63
87694,54
87695,50
87696,44
87697,51
87698,64
87699,32
87700,18
87701,30
87702,50
87703,50
87704,42
87705,64
87706,54
87707,49
87708,57
87709,31
87710,38
87711,25
87712,23
87713,19
87714,22
87715,22
87716,43
87717,30
87718,34
87719,26
87720,36
87721,46
87722,38
87723,50
87724,22
87725,55
87726,56
87727,21
87728,35
87729,34
87730,23
87731,27
87732,43
87733,55
87734,45
87735,45
87736,47
87737,56
87738,30
87739,51
87740,54
87741,40
87742,47
87743,37
87744,44
87745,18
87746,20
87747,48
87748,26
87749,41
87750,45
87751,52
87752,20
87753,47
87754,55
87755,62
87756,61
87757,47
87758,34
87759,48
87760,51
87761,35
87762,38
87763,22
87764,58
87765,42
87766,29
87767,27
87768,51
87769,62
87770,55
87771,27
87772,52
87773,28
87774,31
87775,51
87776,18
87777,30
87778,39
87779,35
87780,22
87781,40
87782,19
87783,18
87784,63
87785,18
87786,28
87787,34
87788,32
87789,38
87790,49
87791,51
87792,64
87793,63
87794,54
87795,50
87796,44
87797,51
87798,64
87799,32
87800,18
87801,30
87802,50
87803,50
87804,42
87805,64
87806,54
87807,49
87808,57
87809,31
87810,38
87811,25
87812,23
87813,19
87814,22
87815,22
87816,43
87817,30
87818,34
87819,26
87820,36
87821,46
87822,38
87823,50
87824,22
87825,55
87826,56
87827,21
87828,35
87829,34
87830,23
87831,27
87832,43
87833,55
87834,45
87835,45
87836,47
87837,56
87838,30
87839,51
87840,54
87841,40
87842,47
87843,37
87844,44
87845,18
87846,20
87847,48
87848,26
87849,41
87850,45
87851,52
87852,20
87853,47
87854,55
87855,62
87856,61
87857,47
87858,34
87859,48
87860,51
87861,35
87862,38
87863,22
87864,58
87865,42
87866,29
87867,27
87868,51
87869,62
87870,55
87871,27
87872,52
87873,28
87874,31
87875,51
87876,18
87877,30
87878,39
87879,35
87880,22
87881,40
87882,19
87883,18
87884,63
87885,18
87886,28
87887,34
87888,32
87889,38
87890,49
87891,51
87892,64
87893,63
87894,54
87895,50
87896,44
87897,51
87898,64
87899,32
87900,18
87901,30
87902,50
87903,50
87904,42
87905,64
87906,54
87907,49
87908,57
87909,31
87910,38
87911,25
87912,23
87913,19
87914,22
87915,22
87916,43
87917,30
87918,34
87919,26
87920,36
87921,46
87922,38
87923,50
87924,22
87925,55
87926,56
87927,21
87928,35
87929,34
87930,23
87931,27
87932,43
87933,55
87934,45
87935,45
87936,47
87937,56
87938,30
87939,51
87940,54
87941,40
87942,47
87943,37
87944,44
87945,18
87946,20
87947,48
87948,26
87949,41
87950,45
87951,52
87952,20
87953,47
87954,55
87955,62
87956,61
87957,47
87958,34
87959,48
87960,51
87961,35
87962,38
87963,22
87964,58
87965,42
87966,29
87967,27
87968,51
87969,62
87970,55
87971,27
87972,52
87973,28
87974,31
87975,51
87976,18
87977,30
87978,39
87979,35
87980,22
87981,40
87982,19
87983,18
87984,63
87985,18
87986,28
87987,34
87988,32
87989,38
87990,49
87991,51
87992,64
87993,63
87994,54
87995,50
87996,44
87997,51
87998,64
87999,32
88000,18
88001,30
88002,50
88003,50
88004,42
88005,64
88006,54
88007,49
88008,57
88009,31
88010,38
88011,25
88012,23
88013,19
88014,22
88015,22
88016,43
88017,30
88018,34
88019,26
88020,36
88021,46
88022,38
88023,50
88024,22
88025,55
88026,56
88027,21
88028,35
88029,34
88030,23
88031,27
88032,43
88033,55
88034,45
88035,45
88036,47
88037,56
88038,30
88039,51
88040,54
88041,40
88042,47
88043,37
88044,44
88045,18
88046,20
88047,48
88048,26
88049,41
88050,45
88051,52
88052,20
88053,47
88054,55
88055,62
88056,61
88057,47
88058,34
88059,48
88060,51
88061,35
88062,38
88063,22
88064,58
88065,42
88066,29
88067,27
88068,51
88069,62
88070,55
88071,27
88072,52
88073,28
88074,31
88075,51
88076,18
88077,30
88078,39
88079,35
88080,22
88081,40
88082,19
88083,18
88084,63
88085,18
88086,28
88087,34
88088,32
88089,38
88090,49
88091,51
88092,64
88093,63
88094,54
88095,50
88096,44
88097,51
88098,64
88099,32
88100,18
88101,30
88102,50
88103,50
88104,42
88105,64
88106,54
88107,49
88108,57
88109,31
88110,38
88111,25
88112,23
88113,19
88114,22
88115,22
88116,43
88117,30
88118,34
88119,26
88120,36
88121,46
88122,38
88123,50
88124,22
88125,55
88126,56
88127,21
88128,35
88129,34
88130,23
88131,27
88132,43
88133,55
88134,45
88135,45
88136,47
88137,56
88138,30
88139,51
88140,54
88141,40
88142,47
88143,37
88144,44
88145,18
88146,20
88147,48
88148,26
88149,41
88150,45
88151,52
88152,20
88153,47
88154,55
88155,62
88156,61
88157,47
88158,34
88159,48
88160,51
88161,35
88162,38
88163,22
88164,58
88165,42
88166,29
88167,27
88168,51
88169,62
88170,55
88171,27
88172,52
88173,28
88174,31
88175,51
88176,18
88177,30
88178,39
88179,35
88180,22
88181,40
88182,19
88183,18
88184,63
88185,18
88186,28
88187,34
88188,32
88189,38
88190,49
88191,51
88192,64
88193,63
88194,54
88195,50
88196,44
88197,51
88198,64
88199,32
88200,18
88201,30
88202,50
88203,50
88204,42
88205,64
88206,54
88207,49
88208,57
88209,31
88210,38
88211,25
88212,23
88213,19
88214,22
88215,22
88216,43
88217,30
88218,34
88219,26
88220,36
88221,46
88222,38
88223,50
88224,22
88225,55
88226,56
88227,21
88228,35
88229,34
88230,23
88231,27
88232,43
88233,55
88234,45
88235,45
88236,47
88237,56
88238,30
88239,51
88240,54
88241,40
88242,47
88243,37
88244,44
88245,18
88246,20
88247,48
88248,26
88249,41
88250,45
88251,52
88252,20
88253,47
88254,55
88255,62
88256,61
88257,47
88258,34
88259,48
88260,51
88261,35
88262,38
88263,22
88264,58
88265,42
88266,29
88267,27
88268,51
88269,62
88270,55
88271,27
88272,52
88273,28
88274,31
88275,51
88276,18
88277,30
88278,39
88279,35
88280,22
88281,40
88282,19
88283,18
88284,63
88285,18
88286,28
88287,34
88288,32
88289,38
88290,49
88291,51
88292,64
88293,63
88294,54
88295,50
88296,44
88297,51
88298,64
88299,32
88300,18
88301,30
88302,50
88303,50
88304,42
88305,64
88306,54
88307,49
88308,57
88309,31
88310,38
88311,25
88312,23
88313,19
88314,22
88315,22
88316,43
88317,30
88318,34
88319,26
88320,36
88321,46
88322,38
88323,50
88324,22
88325,55
88326,56
88327,21
88328,35
88329,34
88330,23
88331,27
88332,43
88333,55
88334,45
88335,45
88336,47
88337,56
88338,30
88339,51
88340,54
88341,40
88342,47
88343,37
88344,44
88345,18
88346,20
88347,48
88348,26
88349,41
88350,45
88351,52
88352,20
88353,47
88354,55
88355,62
88356,61
88357,47
88358,34
88359,48
88360,51
88361,35
88362,38
88363,22
88364,58
88365,42
88366,29
88367,27
88368,51
88369,62
88370,55
88371,27
88372,52
88373,28
88374,31
88375,51
88376,18
88377,30
88378,39
88379,35
88380,22
88381,40
88382,19
88383,18
88384,63
88385,18
88386,28
88387,34
88388,32
88389,38
88390,49
88391,51
88392,64
88393,63
88394,54
88395,50
88396,44
88397,51
88398,64
88399,32
88400,18
88401,30
88402,50
88403,50
88404,42
88405,64
88406,54
88407,49
88408,57
88409,31
88410,38
88411,25
88412,23
88413,19
88414,22
88415,22
88416,43
88417,30
88418,34
88419,26
88420,36
88421,46
88422,38
88423,50
88424,22
88425,55
88426,56
88427,21
88428,35
88429,34
88430,23
88431,27
88432,43
88433,55
88434,45
88435,45
88436,47
88437,56
88438,30
88439,51
88440,54
88441,40
88442,47
88443,37
88444,44
88445,18
88446,20
88447,48
88448,26
88449,41
88450,45
88451,52
88452,20
88453,47
88454,55
88455,62
88456,61
88457,47
88458,34
88459,48
88460,51
88461,35
88462,38
88463,22
88464,58
88465,42
88466,29
88467,27
88468,51
88469,62
88470,55
88471,27
88472,52
88473,28
88474,31
88475,51
88476,18
88477,30
88478,39
88479,35
88480,22
88481,40
88482,19
88483,18
88484,63
88485,18
88486,28
88487,34
88488,32
88489,38
88490,49
88491,51
88492,64
88493,63
88494,54
88495,50
88496,44
88497,51
88498,64
88499,32
88500,18
88501,30
88502,50
88503,50
88504,42
88505,64
88506,54
88507,49
88508,57
88509,31
88510,38
88511,25
88512,23
88513,19
88514,22
88515,22
88516,43
88517,30
88518,34
88519,26
88520,36
88521,46
88522,38
88523,50
88524,22
88525,55
88526,56
88527,21
88528,35
88529,34
88530,23
88531,27
88532,43
88533,55
88534,45
88535,45
88536,47
88537,56
88538,30
88539,51
88540,54
88541,40
88542,47
88543,37
88544,44
88545,18
88546,20
88547,48
88548,26
88549,41
88550,45
88551,52
88552,20
88553,47
88554,55
88555,62
88556,61
88557,47
88558,34
88559,48
88560,51
88561,35
88562,38
88563,22
88564,58
88565,42
88566,29
88567,27
88568,51
88569,62
88570,55
88571,27
88572,52
88573,28
88574,31
88575,51
88576,18
88577,30
88578,39
88579,35
88580,22
88581,40
88582,19
88583,18
88584,63
88585,18
88586,28
88587,34
88588,32
88589,38
88590,49
88591,51
88592,64
88593,63
88594,54
88595,50
88596,44
88597,51
88598,64
88599,32
88600,18
88601,30
88602,50
88603,50
88604,42
88605,64
88606,54
88607,49
88608,57
88609,31
88610,38
88611,25
88612,23
88613,19
88614,22
88615,22
88616,43
88617,30
88618,34
88619,26
88620,36
88621,46
88622,38
88623,50
88624,22
88625,55
88626,56
88627,21
88628,35
88629,34
88630,23
88631,27
88632,43
88633,55
88634,45
88635,45
88636,47
88637,56
88638,30
88639,51
88640,54
88641,40
88642,47
88643,37
88644,44
88645,18
88646,20
88647,48
88648,26
88649,41
88650,45
88651,52
88652,20
88653,47
88654,55
88655,62
88656,61
88657,47
88658,34
88659,48
88660,51
88661,35
88662,38
88663,22
88664,58
88665,42
88666,29
88667,27
88668,51
88669,62
88670,55
88671,27
88672,52
88673,28
88674,31
88675,51
88676,18
88677,30
88678,39
88679,35
88680,22
88681,40
88682,19
88683,18
88684,63
88685,18
88686,28
88687,34
88688,32
88689,38
88690,49
88691,51
88692,64
88693,63
88694,54
88695,50
88696,44
88697,51
88698,64
88699,32
88700,18
88701,30
88702,50
88703,50
88704,42
88705,64
88706,54
88707,49
88708,57
88709,31
88710,38
88711,25
88712,23
88713,19
88714,22
88715,22
88716,43
88717,30
88718,34
88719,26
88720,36
88721,46
88722,38
88723,50
88724,22
88725,55
88726,56
88727,21
88728,35
88729,34
88730,23
88731,27
88732,43
88733,55
88734,45
88735,45
88736,47
88737,56
88738,30
88739,51
88740,54
88741,40
88742,47
88743,37
88744,44
88745,18
88746,20
88747,48
88748,26
88749,41
88750,45
88751,52
88752,20
88753,47
88754,55
88755,62
88756,61
88757,47
88758,34
88759,48
88760,51
88761,35
88762,38
88763,22
88764,58
88765,42
88766,29
88767,27
88768,51
88769,62
88770,55
88771,27
88772,52
88773,28
88774,31
88775,51
88776,18
88777,30
88778,39
88779,35
88780,22
88781,40
88782,19
88783,18
88784,63
88785,18
88786,28
88787,34
88788,32
88789,38
88790,49
88791,51
88792,64
88793,63
88794,54
88795,50
88796,44
88797,51
88798,64
88799,32
88800,18
88801,30
88802,50
88803,50
88804,42
88805,64
88806,54
88807,49
88808,57
88809,31
88810,38
88811,25
88812,23
88813,19
88814,22
88815,22
88816,43
88817,30
88818,34
88819,26
88820,36
88821,46
88822,38
88823,50
88824,22
88825,55
88826,56
88827,21
88828,35
88829,34
88830,23
88831,27
88832,43
88833,55
88834,45
88835,45
88836,47
88837,56
88838,30
88839,51
88840,54
88841,40
88842,47
88843,37
88844,44
88845,18
88846,20
88847,48
88848,26
88849,41
88850,45
88851,52
88852,20
88853,47
88854,55
88855,62
88856,61
88857,47
88858,34
88859,48
88860,51
88861,35
88862,38
88863,22
88864,58
88865,42
88866,29
88867,27
88868,51
88869,62
88870,55
88871,27
88872,52
88873,28
88874,31
88875,51
88876,18
88877,30
88878,39
88879,35
88880,22
88881,40
88882,19
88883,18
88884,63
88885,18
88886,28
88887,34
88888,32
88889,38
88890,49
88891,51
88892,64
88893,63
88894,54
88895,50
88896,44
88897,51
88898,64
88899,32
88900,18
88901,30
88902,50
88903,50
88904,42
88905,64
88906,54
88907,49
88908,57
88909,31
88910,38
88911,25
88912,23
88913,19
88914,22
88915,22
88916,43
88917,30
88918,34
88919,26
88920,36
88921,46
88922,38
88923,50
88924,22
88925,55
88926,56
88927,21
88928,35
88929,34
88930,23
88931,27
88932,43
88933,55
88934,45
88935,45
88936,47
88937,56
88938,30
88939,51
88940,54
88941,40
88942,47
88943,37
88944,44
88945,18
88946,20
88947,48
88948,26
88949,41
88950,45
88951,52
88952,20
88953,47
88954,55
88955,62
88956,61
88957,47
88958,34
88959,48
88960,51
88961,35
88962,38
88963,22
88964,58
88965,42
88966,29
88967,27
88968,51
88969,62
88970,55
88971,27
88972,52
88973,28
88974,31
88975,51
88976,18
88977,30
88978,39
88979,35
88980,22
88981,40
88982,19
88983,18
88984,63
88985,18
88986,28
88987,34
88988,32
88989,38
88990,49
88991,51
88992,64
88993,63
88994,54
88995,50
88996,44
88997,51
88998,64
88999,32
89000,18
89001,30
89002,50
89003,50
89004,42
89005,64
89006,54
89007,49
89008,57
89009,31
89010,38
89011,25
89012,23
89013,19
89014,22
89015,22
89016,43
89017,30
89018,34
89019,26
89020,36
89021,46
89022,38
89023,50
89024,22
89025,55
89026,56
89027,21
89028,35
89029,34
89030,23
89031,27
89032,43
89033,55
89034,45
89035,45
89036,47
89037,56
89038,30
89039,51
89040,54
89041,40
89042,47
89043,37
89044,44
89045,18
89046,20
89047,48
89048,26
89049,41
89050,45
89051,52
89052,20
89053,47
89054,55
89055,62
89056,61
89057,47
89058,34
89059,48
89060,51
89061,35
89062,38
89063,22
89064,58
89065,42
89066,29
89067,27
89068,51
89069,62
89070,55
89071,27
89072,52
89073,28
89074,31
89075,51
89076,18
89077,30
89078,39
89079,35
89080,22
89081,40
89082,19
89083,18
89084,63
89085,18
89086,28
89087,34
89088,32
89089,38
89090,49
89091,51
89092,64
89093,63
89094,54
89095,50
89096,44
89097,51
89098,64
89099,32
89100,18
89101,30
89102,50
89103,50
89104,42
89105,64
89106,54
89107,49
89108,57
89109,31
89110,38
89111,25
89112,23
89113,19
89114,22
89115,22
89116,43
89117,30
89118,34
89119,26
89120,36
89121,46
89122,38
89123,50
89124,22
89125,55
89126,56
89127,21
89128,35
89129,34
89130,23
89131,27
89132,43
89133,55
89134,45
89135,45
89136,47
89137,56
89138,30
89139,51
89140,54
89141,40
89142,47
89143,37
89144,44
89145,18
89146,20
89147,48
89148,26
89149,41
89150,45
89151,52
89152,20
89153,47
89154,55
89155,62
89156,61
89157,47
89158,34
89159,48
89160,51
89161,35
89162,38
89163,22
89164,58
89165,42
89166,29
89167,27
89168,51
89169,62
89170,55
89171,27
89172,52
89173,28
89174,31
89175,51
89176,18
89177,30
89178,39
89179,35
89180,22
89181,40
89182,19
89183,18
89184,63
89185,18
89186,28
89187,34
89188,32
89189,38
89190,49
89191,51
89192,64
89193,63
89194,54
89195,50
89196,44
89197,51
89198,64
89199,32
89200,18
89201,30
89202,50
89203,50
89204,42
89205,64
89206,54
89207,49
89208,57
89209,31
89210,38
89211,25
89212,23
89213,19
89214,22
89215,22
89216,43
89217,30
89218,34
89219,26
89220,36
89221,46
89222,38
89223,50
89224,22
89225,55
89226,56
89227,21
89228,35
89229,34
89230,23
89231,27
89232,43
89233,55
89234,45
89235,45
89236,47
89237,56
89238,30
89239,51
89240,54
89241,40
89242,47
89243,37
89244,44
89245,18
89246,20
89247,48
89248,26
89249,41
89250,45
89251,52
89252,20
89253,47
89254,55
89255,62
89256,61
89257,47
89258,34
89259,48
89260,51
89261,35
89262,38
89263,22
89264,58
89265,42
89266,29
89267,27
89268,51
89269,62
89270,55
89271,27
89272,52
89273,28
89274,31
89275,51
89276,18
89277,30
89278,39
89279,35
89280,22
89281,40
89282,19
89283,18
89284,63
89285,18
89286,28
89287,34
89288,32
89289,38
89290,49
89291,51
89292,64
89293,63
89294,54
89295,50
89296,44
89297,51
89298,64
89299,32
89300,18
89301,30
89302,50
89303,50
89304,42
89305,64
89306,54
89307,49
89308,57
89309,31
89310,38
89311,25
89312,23
89313,19
89314,22
89315,22
89316,43
89317,30
89318,34
89319,26
89320,36
89321,46
89322,38
89323,50
89324,22
89325,55
89326,56
89327,21
89328,35
89329,34
89330,23
89331,27
89332,43
89333,55
89334,45
89335,45
89336,47
89337,56
89338,30
89339,51
89340,54
89341,40
89342,47
89343,37
89344,44
89345,18
89346,20
89347,48
89348,26
89349,41
89350,45
89351,52
89352,20
89353,47
89354,55
89355,62
89356,61
89357,47
89358,34
89359,48
89360,51
89361,35
89362,38
89363,22
89364,58
89365,42
89366,29
89367,27
89368,51
89369,62
89370,55
89371,27
89372,52
89373,28
89374,31
89375,51
89376,18
89377,30
89378,39
89379,35
89380,22
89381,40
89382,19
89383,18
89384,63
89385,18
89386,28
89387,34
89388,32
89389,38
89390,49
89391,51
89392,64
89393,63
89394,54
89395,50
89396,44
89397,51
89398,64
89399,32
89400,18
89401,30
89402,50
89403,50
89404,42
89405,64
89406,54
89407,49
89408,57
89409,31
89410,38
89411,25
89412,23
89413,19
89414,22
89415,22
89416,43
89417,30
89418,34
89419,26
89420,36
89421,46
89422,38
89423,50
89424,22
89425,55
89426,56
89427,21
89428,35
89429,34
89430,23
89431,27
89432,43
89433,55
89434,45
89435,45
89436,47
89437,56
89438,30
89439,51
89440,54
89441,40
89442,47
89443,37
89444,44
89445,18
89446,20
89447,48
89448,26
89449,41
89450,45
89451,52
89452,20
89453,47
89454,55
89455,62
89456,61
89457,47
89458,34
89459,48
89460,51
89461,35
89462,38
89463,22
89464,58
89465,42
89466,29
89467,27
89468,51
89469,62
89470,55
89471,27
89472,52
89473,28
89474,31
89475,51
89476,18
89477,30
89478,39
89479,35
89480,22
89481,40
89482,19
89483,18
89484,63
89485,18
89486,28
89487,34
89488,32
89489,38
89490,49
89491,51
89492,64
89493,63
89494,54
89495,50
89496,44
89497,51
89498,64
89499,32
89500,18
89501,30
89502,50
89503,50
89504,42
89505,64
89506,54
89507,49
89508,57
89509,31
89510,38
89511,25
89512,23
89513,19
89514,22
89515,22
89516,43
89517,30
89518,34
89519,26
89520,36
89521,46
89522,38
89523,50
89524,22
89525,55
89526,56
89527,21
89528,35
89529,34
89530,23
89531,27
89532,43
89533,55
89534,45
89535,45
89536,47
89537,56
89538,30
89539,51
89540,54
89541,40
89542,47
89543,37
89544,44
89545,18
89546,20
89547,48
89548,26
89549,41
89550,45
89551,52
89552,20
89553,47
89554,55
89555,62
89556,61
89557,47
89558,34
89559,48
89560,51
89561,35
89562,38
89563,22
89564,58
89565,42
89566,29
89567,27
89568,51
89569,62
89570,55
89571,27
89572,52
89573,28
89574,31
89575,51
89576,18
89577,30
89578,39
89579,35
89580,22
89581,40
89582,19
89583,18
89584,63
89585,18
89586,28
89587,34
89588,32
89589,38
89590,49
89591,51
89592,64
89593,63
89594,54
89595,50
89596,44
89597,51
89598,64
89599,32
89600,18
89601,30
89602,50
89603,50
89604,42
89605,64
89606,54
89607,49
89608,57
89609,31
89610,38
89611,25
89612,23
89613,19
89614,22
89615,22
89616,43
89617,30
89618,34
89619,26
89620,36
89621,46
89622,38
89623,50
89624,22
89625,55
89626,56
89627,21
89628,35
89629,34
89630,23
89631,27
89632,43
89633,55
89634,45
89635,45
89636,47
89637,56
89638,30
89639,51
89640,54
89641,40
89642,47
89643,37
89644,44
89645,18
89646,20
89647,48
89648,26
89649,41
89650,45
89651,52
89652,20
89653,47
89654,55
89655,62
89656,61
89657,47
89658,34
89659,48
89660,51
89661,35
89662,38
89663,22
89664,58
89665,42
89666,29
89667,27
89668,51
89669,62
89670,55
89671,27
89672,52
89673,28
89674,31
89675,51
89676,18
89677,30
89678,39
89679,35
89680,22
89681,40
89682,19
89683,18
89684,63
89685,18
89686,28
89687,34
89688,32
89689,38
89690,49
89691,51
89692,64
89693,63
89694,54
89695,50
89696,44
89697,51
89698,64
89699,32
89700,18
89701,30
89702,50
89703,50
89704,42
89705,64
89706,54
89707,49
89708,57
89709,31
89710,38
89711,25
89712,23
89713,19
89714,22
89715,22
89716,43
89717,30
89718,34
89719,26
89720,36
89721,46
89722,38
89723,50
89724,22
89725,55
89726,56
89727,21
89728,35
89729,34
89730,23
89731,27
89732,43
89733,55
89734,45
89735,45
89736,47
89737,56
89738,30
89739,51
89740,54
89741,40
89742,47
89743,37
89744,44
89745,18
89746,20
89747,48
89748,26
89749,41
89750,45
89751,52
89752,20
89753,47
89754,55
89755,62
89756,61
89757,47
89758,34
89759,48
89760,51
89761,35
89762,38
89763,22
89764,58
89765,42
89766,29
89767,27
89768,51
89769,62
89770,55
89771,27
89772,52
89773,28
89774,31
89775,51
89776,18
89777,30
89778,39
89779,35
89780,22
89781,40
89782,19
89783,18
89784,63
89785,18
89786,28
89787,34
89788,32
89789,38
89790,49
89791,51
89792,64
89793,63
89794,54
89795,50
89796,44
89797,51
89798,64
89799,32
89800,18
89801,30
89802,50
89803,50
89804,42
89805,64
89806,54
89807,49
89808,57
89809,31
89810,38
89811,25
89812,23
89813,19
89814,22
89815,22
89816,43
89817,30
89818,34
89819,26
89820,36
89821,46
89822,38
89823,50
89824,22
89825,55
89826,56
89827,21
89828,35
89829,34
89830,23
89831,27
89832,43
89833,55
89834,45
89835,45
89836,47
89837,56
89838,30
89839,51
89840,54
89841,40
89842,47
89843,37
89844,44
89845,18
89846,20
89847,48
89848,26
89849,41
89850,45
89851,52
89852,20
89853,47
89854,55
89855,62
89856,61
89857,47
89858,34
89859,48
89860,51
89861,35
89862,38
89863,22
89864,58
89865,42
89866,29
89867,27
89868,51
89869,62
89870,55
89871,27
89872,52
89873,28
89874,31
89875,51
89876,18
89877,30
89878,39
89879,35
89880,22
89881,40
89882,19
89883,18
89884,63
89885,18
89886,28
89887,34
89888,32
89889,38
89890,49
89891,51
89892,64
89893,63
89894,54
89895,50
89896,44
89897,51
89898,64
89899,32
89900,18
89901,30
89902,50
89903,50
89904,42
89905,64
89906,54
89907,49
89908,57
89909,31
89910,38
89911,25
89912,23
89913,19
89914,22
89915,22
89916,43
89917,30
89918,34
89919,26
89920,36
89921,46
89922,38
89923,50
89924,22
89925,55
89926,56
89927,21
89928,35
89929,34
89930,23
89931,27
89932,43
89933,55
89934,45
89935,45
89936,47
89937,56
89938,30
89939,51
89940,54
89941,40
89942,47
89943,37
89944,44
89945,18
89946,20
89947,48
89948,26
89949,41
89950,45
89951,52
89952,20
89953,47
89954,55
89955,62
89956,61
89957,47
89958,34
89959,48
89960,51
89961,35
89962,38
89963,22
89964,58
89965,42
89966,29
89967,27
89968,51
89969,62
89970,55
89971,27
89972,52
89973,28
89974,31
89975,51
89976,18
89977,30
89978,39
89979,35
89980,22
89981,40
89982,19
89983,18
89984,63
89985,18
89986,28
89987,34
89988,32
89989,38
89990,49
89991,51
89992,64
89993,63
89994,54
89995,50
89996,44
89997,51
89998,64
89999,32
90000,18
90001,30
90002,50
90003,50
90004,42
90005,64
90006,54
90007,49
90008,57
90009,31
90010,38
90011,25
90012,23
90013,19
90014,22
90015,22
90016,43
90017,30
90018,34
90019,26
90020,36
90021,46
90022,38
90023,50
90024,22
90025,55
90026,56
90027,21
90028,35
90029,34
90030,23
90031,27
90032,43
90033,55
90034,45
90035,45
90036,47
90037,56
90038,30
90039,51
90040,54
90041,40
90042,47
90043,37
90044,44
90045,18
90046,20
90047,48
90048,26
90049,41
90050,45
90051,52
90052,20
90053,47
90054,55
90055,62
90056,61
90057,47
90058,34
90059,48
90060,51
90061,35
90062,38
90063,22
90064,58
90065,42
90066,29
90067,27
90068,51
90069,62
90070,55
90071,27
90072,52
90073,28
90074,31
90075,51
90076,18
90077,30
90078,39
90079,35
90080,22
90081,40
90082,19
90083,18
90084,63
90085,18
90086,28
90087,34
90088,32
90089,38
90090,49
90091,51
90092,64
90093,63
90094,54
90095,50
90096,44
90097,51
90098,64
90099,32
90100,18
90101,30
90102,50
90103,50
90104,42
90105,64
90106,54
90107,49
90108,57
90109,31
90110,38
90111,25
90112,23
90113,19
90114,22
90115,22
90116,43
90117,30
90118,34
90119,26
90120,36
90121,46
90122,38
90123,50
90124,22
90125,55
90126,56
90127,21
90128,35
90129,34
90130,23
90131,27
90132,43
90133,55
90134,45
90135,45
90136,47
90137,56
90138,30
90139,51
90140,54
90141,40
90142,47
90143,37
90144,44
90145,18
90146,20
90147,48
90148,26
90149,41
90150,45
90151,52
90152,20
90153,47
90154,55
90155,62
90156,61
90157,47
90158,34
90159,48
90160,51
90161,35
90162,38
90163,22
90164,58
90165,42
90166,29
90167,27
90168,51
90169,62
90170,55
90171,27
90172,52
90173,28
90174,31
90175,51
90176,18
90177,30
90178,39
90179,35
90180,22
90181,40
90182,19
90183,18
90184,63
90185,18
90186,28
90187,34
90188,32
90189,38
90190,49
90191,51
90192,64
90193,63
90194,54
90195,50
90196,44
90197,51
90198,64
90199,32
90200,18
90201,30
90202,50
90203,50
90204,42
90205,64
90206,54
90207,49
90208,57
90209,31
90210,38
90211,25
90212,23
90213,19
90214,22
90215,22
90216,43
90217,30
90218,34
90219,26
90220,36
90221,46
90222,38
90223,50
90224,22
90225,55
90226,56
90227,21
90228,35
90229,34
90230,23
90231,27
90232,43
90233,55
90234,45
90235,45
90236,47
90237,56
90238,30
90239,51
90240,54
90241,40
90242,47
90243,37
90244,44
90245,18
90246,20
90247,48
90248,26
90249,41
90250,45
90251,52
90252,20
90253,47
90254,55
90255,62
90256,61
90257,47
90258,34
90259,48
90260,51
90261,35
90262,38
90263,22
90264,58
90265,42
90266,29
90267,27
90268,51
90269,62
90270,55
90271,27
90272,52
90273,28
90274,31
90275,51
90276,18
90277,30
90278,39
90279,35
90280,22
90281,40
90282,19
90283,18
90284,63
90285,18
90286,28
90287,34
90288,32
90289,38
90290,49
90291,51
90292,64
90293,63
90294,54
90295,50
90296,44
90297,51
90298,64
90299,32
90300,18
90301,30
90302,50
90303,50
90304,42
90305,64
90306,54
90307,49
90308,57
90309,31
90310,38
90311,25
90312,23
90313,19
90314,22
90315,22
90316,43
90317,30
90318,34
90319,26
90320,36
90321,46
90322,38
90323,50
90324,22
90325,55
90326,56
90327,21
90328,35
90329,34
90330,23
90331,27
90332,43
90333,55
90334,45
90335,45
90336,47
90337,56
90338,30
90339,51
90340,54
90341,40
90342,47
90343,37
90344,44
90345,18
90346,20
90347,48
90348,26
90349,41
90350,45
90351,52
90352,20
90353,47
90354,55
90355,62
90356,61
90357,47
90358,34
90359,48
90360,51
90361,35
90362,38
90363,22
90364,58
90365,42
90366,29
90367,27
90368,51
90369,62
90370,55
90371,27
90372,52
90373,28
90374,31
90375,51
90376,18
90377,30
90378,39
90379,35
90380,22
90381,40
90382,19
90383,18
90384,63
90385,18
90386,28
90387,34
90388,32
90389,38
90390,49
90391,51
90392,64
90393,63
90394,54
90395,50
90396,44
90397,51
90398,64
90399,32
90400,18
90401,30
90402,50
90403,50
90404,42
90405,64
90406,54
90407,49
90408,57
90409,31
90410,38
90411,25
90412,23
90413,19
90414,22
90415,22
90416,43
90417,30
90418,34
90419,26
90420,36
90421,46
90422,38
90423,50
90424,22
90425,55
90426,56
90427,21
90428,35
90429,34
90430,23
90431,27
90432,43
90433,55
90434,45
90435,45
90436,47
90437,56
90438,30
90439,51
90440,54
90441,40
90442,47
90443,37
90444,44
90445,18
90446,20
90447,48
90448,26
90449,41
90450,45
90451,52
90452,20
90453,47
90454,55
90455,62
90456,61
90457,47
90458,34
90459,48
90460,51
90461,35
90462,38
90463,22
90464,58
90465,42
90466,29
90467,27
90468,51
90469,62
90470,55
90471,27
90472,52
90473,28
90474,31
90475,51
90476,18
90477,30
90478,39
90479,35
90480,22
90481,40
90482,19
90483,18
90484,63
90485,18
90486,28
90487,34
90488,32
90489,38
90490,49
90491,51
90492,64
90493,63
90494,54
90495,50
90496,44
90497,51
90498,64
90499,32
90500,18
90501,30
90502,50
90503,50
90504,42
90505,64
90506,54
90507,49
90508,57
90509,31
90510,38
90511,25
90512,23
90513,19
90514,22
90515,22
90516,43
90517,30
90518,34
90519,26
90520,36
90521,46
90522,38
90523,50
90524,22
90525,55
90526,56
90527,21
90528,35
90529,34
90530,23
90531,27
90532,43
90533,55
90534,45
90535,45
90536,47
90537,56
90538,30
90539,51
90540,54
90541,40
90542,47
90543,37
90544,44
90545,18
90546,20
90547,48
90548,26
90549,41
90550,45
90551,52
90552,20
90553,47
90554,55
90555,62
90556,61
90557,47
90558,34
90559,48
90560,51
90561,35
90562,38
90563,22
90564,58
90565,42
90566,29
90567,27
90568,51
90569,62
90570,55
90571,27
90572,52
90573,28
90574,31
90575,51
90576,18
90577,30
90578,39
90579,35
90580,22
90581,40
90582,19
90583,18
90584,63
90585,18
90586,28
90587,34
90588,32
90589,38
90590,49
90591,51
90592,64
90593,63
90594,54
90595,50
90596,44
90597,51
90598,64
90599,32
90600,18
90601,30
90602,50
90603,50
90604,42
90605,64
90606,54
90607,49
90608,57
90609,31
90610,38
90611,25
90612,23
90613,19
90614,22
90615,22
90616,43
90617,30
90618,34
90619,26
90620,36
90621,46
90622,38
90623,50
90624,22
90625,55
90626,56
90627,21
90628,35
90629,34
90630,23
90631,27
90632,43
90633,55
90634,45
90635,45
90636,47
90637,56
90638,30
90639,51
90640,54
90641,40
90642,47
90643,37
90644,44
90645,18
90646,20
90647,48
90648,26
90649,41
90650,45
90651,52
90652,20
90653,47
90654,55
90655,62
90656,61
90657,47
90658,34
90659,48
90660,51
90661,35
90662,38
90663,22
90664,58
90665,42
90666,29
90667,27
90668,51
90669,62
90670,55
90671,27
90672,52
90673,28
90674,31
90675,51
90676,18
90677,30
90678,39
90679,35
90680,22
90681,40
90682,19
90683,18
90684,63
90685,18
90686,28
90687,34
90688,32
90689,38
90690,49
90691,51
90692,64
90693,63
90694,54
90695,50
90696,44
90697,51
90698,64
90699,32
90700,18
90701,30
90702,50
90703,50
90704,42
90705,64
90706,54
90707,49
90708,57
90709,31
90710,38
90711,25
90712,23
90713,19
90714,22
90715,22
90716,43
90717,30
90718,34
90719,26
90720,36
90721,46
90722,38
90723,50
90724,22
90725,55
90726,56
90727,21
90728,35
90729,34
90730,23
90731,27
90732,43
90733,55
90734,45
90735,45
90736,47
90737,56
90738,30
90739,51
90740,54
90741,40
90742,47
90743,37
90744,44
90745,18
90746,20
90747,48
90748,26
90749,41
90750,45
90751,52
90752,20
90753,47
90754,55
90755,62
90756,61
90757,47
90758,34
90759,48
90760,51
90761,35
90762,38
90763,22
90764,58
90765,42
90766,29
90767,27
90768,51
90769,62
90770,55
90771,27
90772,52
90773,28
90774,31
90775,51
90776,18
90777,30
90778,39
90779,35
90780,22
90781,40
90782,19
90783,18
90784,63
90785,18
90786,28
90787,34
90788,32
90789,38
90790,49
90791,51
90792,64
90793,63
90794,54
90795,50
90796,44
90797,51
90798,64
90799,32
90800,18
90801,30
90802,50
90803,50
90804,42
90805,64
90806,54
90807,49
90808,57
90809,31
90810,38
90811,25
90812,23
90813,19
90814,22
90815,22
90816,43
90817,30
90818,34
90819,26
90820,36
90821,46
90822,38
90823,50
90824,22
90825,55
90826,56
90827,21
90828,35
90829,34
90830,23
90831,27
90832,43
90833,55
90834,45
90835,45
90836,47
90837,56
90838,30
90839,51
90840,54
90841,40
90842,47
90843,37
90844,44
90845,18
90846,20
90847,48
90848,26
90849,41
90850,45
90851,52
90852,20
90853,47
90854,55
90855,62
90856,61
90857,47
90858,34
90859,48
90860,51
90861,35
90862,38
90863,22
90864,58
90865,42
90866,29
90867,27
90868,51
90869,62
90870,55
90871,27
90872,52
90873,28
90874,31
90875,51
90876,18
90877,30
90878,39
90879,35
90880,22
90881,40
90882,19
90883,18
90884,63
90885,18
90886,28
90887,34
90888,32
90889,38
90890,49
90891,51
90892,64
90893,63
90894,54
90895,50
90896,44
90897,51
90898,64
90899,32
90900,18
90901,30
90902,50
90903,50
90904,42
90905,64
90906,54
90907,49
90908,57
90909,31
90910,38
90911,25
90912,23
90913,19
90914,22
90915,22
90916,43
90917,30
90918,34
90919,26
90920,36
90921,46
90922,38
90923,50
90924,22
90925,55
90926,56
90927,21
90928,35
90929,34
90930,23
90931,27
90932,43
90933,55
90934,45
90935,45
90936,47
90937,56
90938,30
90939,51
90940,54
90941,40
90942,47
90943,37
90944,44
90945,18
90946,20
90947,48
90948,26
90949,41
90950,45
90951,52
90952,20
90953,47
90954,55
90955,62
90956,61
90957,47
90958,34
90959,48
90960,51
90961,35
90962,38
90963,22
90964,58
90965,42
90966,29
90967,27
90968,51
90969,62
90970,55
90971,27
90972,52
90973,28
90974,31
90975,51
90976,18
90977,30
90978,39
90979,35
90980,22
90981,40
90982,19
90983,18
90984,63
90985,18
90986,28
90987,34
90988,32
90989,38
90990,49
90991,51
90992,64
90993,63
90994,54
90995,50
90996,44
90997,51
90998,64
90999,32
91000,18
91001,30
91002,50
91003,50
91004,42
91005,64
91006,54
91007,49
91008,57
91009,31
91010,38
91011,25
91012,23
91013,19
91014,22
91015,22
91016,43
91017,30
91018,34
91019,26
91020,36
91021,46
91022,38
91023,50
91024,22
91025,55
91026,56
91027,21
91028,35
91029,34
91030,23
91031,27
91032,43
91033,55
91034,45
91035,45
91036,47
91037,56
91038,30
91039,51
91040,54
91041,40
91042,47
91043,37
91044,44
91045,18
91046,20
91047,48
91048,26
91049,41
91050,45
91051,52
91052,20
91053,47
91054,55
91055,62
91056,61
91057,47
91058,34
91059,48
91060,51
91061,35
91062,38
91063,22
91064,58
91065,42
91066,29
91067,27
91068,51
91069,62
91070,55
91071,27
91072,52
91073,28
91074,31
91075,51
91076,18
91077,30
91078,39
91079,35
91080,22
91081,40
91082,19
91083,18
91084,63
91085,18
91086,28
91087,34
91088,32
91089,38
91090,49
91091,51
91092,64
91093,63
91094,54
91095,50
91096,44
91097,51
91098,64
91099,32
91100,18
91101,30
91102,50
91103,50
91104,42
91105,64
91106,54
91107,49
91108,57
91109,31
91110,38
91111,25
91112,23
91113,19
91114,22
91115,22
91116,43
91117,30
91118,34
91119,26
91120,36
91121,46
91122,38
91123,50
91124,22
91125,55
91126,56
91127,21
91128,35
91129,34
91130,23
91131,27
91132,43
91133,55
91134,45
91135,45
91136,47
91137,56
91138,30
91139,51
91140,54
91141,40
91142,47
91143,37
91144,44
91145,18
91146,20
91147,48
91148,26
91149,41
91150,45
91151,52
91152,20
91153,47
91154,55
91155,62
91156,61
91157,47
91158,34
91159,48
91160,51
91161,35
91162,38
91163,22
91164,58
91165,42
91166,29
91167,27
91168,51
91169,62
91170,55
91171,27
91172,52
91173,28
91174,31
91175,51
91176,18
91177,30
91178,39
91179,35
91180,22
91181,40
91182,19
91183,18
91184,63
91185,18
91186,28
91187,34
91188,32
91189,38
91190,49
91191,51
91192,64
91193,63
91194,54
91195,50
91196,44
91197,51
91198,64
91199,32
91200,18
91201,30
91202,50
91203,50
91204,42
91205,64
91206,54
91207,49
91208,57
91209,31
91210,38
91211,25
91212,23
91213,19
91214,22
91215,22
91216,43
91217,30
91218,34
91219,26
91220,36
91221,46
91222,38
91223,50
91224,22
91225,55
91226,56
91227,21
91228,35
91229,34
91230,23
91231,27
91232,43
91233,55
91234,45
91235,45
91236,47
91237,56
91238,30
91239,51
91240,54
91241,40
91242,47
91243,37
91244,44
91245,18
91246,20
91247,48
91248,26
91249,41
91250,45
91251,52
91252,20
91253,47
91254,55
91255,62
91256,61
91257,47
91258,34
91259,48
91260,51
91261,35
91262,38
91263,22
91264,58
91265,42
91266,29
91267,27
91268,51
91269,62
91270,55
91271,27
91272,52
91273,28
91274,31
91275,51
91276,18
91277,30
91278,39
91279,35
91280,22
91281,40
91282,19
91283,18
91284,63
91285,18
91286,28
91287,34
91288,32
91289,38
91290,49
91291,51
91292,64
91293,63
91294,54
91295,50
91296,44
91297,51
91298,64
91299,32
91300,18
91301,30
91302,50
91303,50
91304,42
91305,64
91306,54
91307,49
91308,57
91309,31
91310,38
91311,25
91312,23
91313,19
91314,22
91315,22
91316,43
91317,30
91318,34
91319,26
91320,36
91321,46
91322,38
91323,50
91324,22
91325,55
91326,56
91327,21
91328,35
91329,34
91330,23
91331,27
91332,43
91333,55
91334,45
91335,45
91336,47
91337,56
91338,30
91339,51
91340,54
91341,40
91342,47
91343,37
91344,44
91345,18
91346,20
91347,48
91348,26
91349,41
91350,45
91351,52
91352,20
91353,47
91354,55
91355,62
91356,61
91357,47
91358,34
91359,48
91360,51
91361,35
91362,38
91363,22
91364,58
91365,42
91366,29
91367,27
91368,51
91369,62
91370,55
91371,27
91372,52
91373,28
91374,31
91375,51
91376,18
91377,30
91378,39
91379,35
91380,22
91381,40
91382,19
91383,18
91384,63
91385,18
91386,28
91387,34
91388,32
91389,38
91390,49
91391,51
91392,64
91393,63
91394,54
91395,50
91396,44
91397,51
91398,64
91399,32
91400,18
91401,30
91402,50
91403,50
91404,42
91405,64
91406,54
91407,49
91408,57
91409,31
91410,38
91411,25
91412,23
91413,19
91414,22
91415,22
91416,43
91417,30
91418,34
91419,26
91420,36
91421,46
91422,38
91423,50
91424,22
91425,55
91426,56
91427,21
91428,35
91429,34
91430,23
91431,27
91432,43
91433,55
91434,45
91435,45
91436,47
91437,56
91438,30
91439,51
91440,54
91441,40
91442,47
91443,37
91444,44
91445,18
91446,20
91447,48
91448,26
91449,41
91450,45
91451,52
91452,20
91453,47
91454,55
91455,62
91456,61
91457,47
91458,34
91459,48
91460,51
91461,35
91462,38
91463,22
91464,58
91465,42
91466,29
91467,27
91468,51
91469,62
91470,55
91471,27
91472,52
91473,28
91474,31
91475,51
91476,18
91477,30
91478,39
91479,35
91480,22
91481,40
91482,19
91483,18
91484,63
91485,18
91486,28
91487,34
91488,32
91489,38
91490,49
91491,51
91492,64
91493,63
91494,54
91495,50
91496,44
91497,51
91498,64
91499,32
91500,18
91501,30
91502,50
91503,50
91504,42
91505,64
91506,54
91507,49
91508,57
91509,31
91510,38
91511,25
91512,23
91513,19
91514,22
91515,22
91516,43
91517,30
91518,34
91519,26
91520,36
91521,46
91522,38
91523,50
91524,22
91525,55
91526,56
91527,21
91528,35
91529,34
91530,23
91531,27
91532,43
91533,55
91534,45
91535,45
91536,47
91537,56
91538,30
91539,51
91540,54
91541,40
91542,47
91543,37
91544,44
91545,18
91546,20
91547,48
91548,26
91549,41
91550,45
91551,52
91552,20
91553,47
91554,55
91555,62
91556,61
91557,47
91558,34
91559,48
91560,51
91561,35
91562,38
91563,22
91564,58
91565,42
91566,29
91567,27
91568,51
91569,62
91570,55
91571,27
91572,52
91573,28
91574,31
91575,51
91576,18
91577,30
91578,39
91579,35
91580,22
91581,40
91582,19
91583,18
91584,63
91585,18
91586,28
91587,34
91588,32
91589,38
91590,49
91591,51
91592,64
91593,63
91594,54
91595,50
91596,44
91597,51
91598,64
91599,32
91600,18
91601,30
91602,50
91603,50
91604,42
91605,64
91606,54
91607,49
91608,57
91609,31
91610,38
91611,25
91612,23
91613,19
91614,22
91615,22
91616,43
91617,30
91618,34
91619,26
91620,36
91621,46
91622,38
91623,50
91624,22
91625,55
91626,56
91627,21
91628,35
91629,34
91630,23
91631,27
91632,43
91633,55
91634,45
91635,45
91636,47
91637,56
91638,30
91639,51
91640,54
91641,40
91642,47
91643,37
91644,44
91645,18
91646,20
91647,48
91648,26
91649,41
91650,45
91651,52
91652,20
91653,47
91654,55
91655,62
91656,61
91657,47
91658,34
91659,48
91660,51
91661,35
91662,38
91663,22
91664,58
91665,42
91666,29
91667,27
91668,51
91669,62
91670,55
91671,27
91672,52
91673,28
91674,31
91675,51
91676,18
91677,30
91678,39
91679,35
91680,22
91681,40
91682,19
91683,18
91684,63
91685,18
91686,28
91687,34
91688,32
91689,38
91690,49
91691,51
91692,64
91693,63
91694,54
91695,50
91696,44
91697,51
91698,64
91699,32
91700,18
91701,30
91702,50
91703,50
91704,42
91705,64
91706,54
91707,49
91708,57
91709,31
91710,38
91711,25
91712,23
91713,19
91714,22
91715,22
91716,43
91717,30
91718,34
91719,26
91720,36
91721,46
91722,38
91723,50
91724,22
91725,55
91726,56
91727,21
91728,35
91729,34
91730,23
91731,27
91732,43
91733,55
91734,45
91735,45
91736,47
91737,56
91738,30
91739,51
91740,54
91741,40
91742,47
91743,37
91744,44
91745,18
91746,20
91747,48
91748,26
91749,41
91750,45
91751,52
91752,20
91753,47
91754,55
91755,62
91756,61
91757,47
91758,34
91759,48
91760,51
91761,35
91762,38
91763,22
91764,58
91765,42
91766,29
91767,27
91768,51
91769,62
91770,55
91771,27
91772,52
91773,28
91774,31
91775,51
91776,18
91777,30
91778,39
91779,35
91780,22
91781,40
91782,19
91783,18
91784,63
91785,18
91786,28
91787,34
91788,32
91789,38
91790,49
91791,51
91792,64
91793,63
91794,54
91795,50
91796,44
91797,51
91798,64
91799,32
91800,18
91801,30
91802,50
91803,50
91804,42
91805,64
91806,54
91807,49
91808,57
91809,31
91810,38
91811,25
91812,23
91813,19
91814,22
91815,22
91816,43
91817,30
91818,34
91819,26
91820,36
91821,46
91822,38
91823,50
91824,22
91825,55
91826,56
91827,21
91828,35
91829,34
91830,23
91831,27
91832,43
91833,55
91834,45
91835,45
91836,47
91837,56
91838,30
91839,51
91840,54
91841,40
91842,47
91843,37
91844,44
91845,18
91846,20
91847,48
91848,26
91849,41
91850,45
91851,52
91852,20
91853,47
91854,55
91855,62
91856,61
91857,47
91858,34
91859,48
91860,51
91861,35
91862,38
91863,22
91864,58
91865,42
91866,29
91867,27
91868,51
91869,62
91870,55
91871,27
91872,52
91873,28
91874,31
91875,51
91876,18
91877,30
91878,39
91879,35
91880,22
91881,40
91882,19
91883,18
91884,63
91885,18
91886,28
91887,34
91888,32
91889,38
91890,49
91891,51
91892,64
91893,63
91894,54
91895,50
91896,44
91897,51
91898,64
91899,32
91900,18
91901,30
91902,50
91903,50
91904,42
91905,64
91906,54
91907,49
91908,57
91909,31
91910,38
91911,25
91912,23
91913,19
91914,22
91915,22
91916,43
91917,30
91918,34
91919,26
91920,36
91921,46
91922,38
91923,50
91924,22
91925,55
91926,56
91927,21
91928,35
91929,34
91930,23
91931,27
91932,43
91933,55
91934,45
91935,45
91936,47
91937,56
91938,30
91939,51
91940,54
91941,40
91942,47
91943,37
91944,44
91945,18
91946,20
91947,48
91948,26
91949,41
91950,45
91951,52
91952,20
91953,47
91954,55
91955,62
91956,61
91957,47
91958,34
91959,48
91960,51
91961,35
91962,38
91963,22
91964,58
91965,42
91966,29
91967,27
91968,51
91969,62
91970,55
91971,27
91972,52
91973,28
91974,31
91975,51
91976,18
91977,30
91978,39
91979,35
91980,22
91981,40
91982,19
91983,18
91984,63
91985,18
91986,28
91987,34
91988,32
91989,38
91990,49
91991,51
91992,64
91993,63
91994,54
91995,50
91996,44
91997,51
91998,64
91999,32
92000,18
92001,30
92002,50
92003,50
92004,42
92005,64
92006,54
92007,49
92008,57
92009,31
92010,38
92011,25
92012,23
92013,19
92014,22
92015,22
92016,43
92017,30
92018,34
92019,26
92020,36
92021,46
92022,38
92023,50
92024,22
92025,55
92026,56
92027,21
92028,35
92029,34
92030,23
92031,27
92032,43
92033,55
92034,45
92035,45
92036,47
92037,56
92038,30
92039,51
92040,54
92041,40
92042,47
92043,37
92044,44
92045,18
92046,20
92047,48
92048,26
92049,41
92050,45
92051,52
92052,20
92053,47
92054,55
92055,62
92056,61
92057,47
92058,34
92059,48
92060,51
92061,35
92062,38
92063,22
92064,58
92065,42
92066,29
92067,27
92068,51
92069,62
92070,55
92071,27
92072,52
92073,28
92074,31
92075,51
92076,18
92077,30
92078,39
92079,35
92080,22
92081,40
92082,19
92083,18
92084,63
92085,18
92086,28
92087,34
92088,32
92089,38
92090,49
92091,51
92092,64
92093,63
92094,54
92095,50
92096,44
92097,51
92098,64
92099,32
92100,18
92101,30
92102,50
92103,50
92104,42
92105,64
92106,54
92107,49
92108,57
92109,31
92110,38
92111,25
92112,23
92113,19
92114,22
92115,22
92116,43
92117,30
92118,34
92119,26
92120,36
92121,46
92122,38
92123,50
92124,22
92125,55
92126,56
92127,21
92128,35
92129,34
92130,23
92131,27
92132,43
92133,55
92134,45
92135,45
92136,47
92137,56
92138,30
92139,51
92140,54
92141,40
92142,47
92143,37
92144,44
92145,18
92146,20
92147,48
92148,26
92149,41
92150,45
92151,52
92152,20
92153,47
92154,55
92155,62
92156,61
92157,47
92158,34
92159,48
92160,51
92161,35
92162,38
92163,22
92164,58
92165,42
92166,29
92167,27
92168,51
92169,62
92170,55
92171,27
92172,52
92173,28
92174,31
92175,51
92176,18
92177,30
92178,39
92179,35
92180,22
92181,40
92182,19
92183,18
92184,63
92185,18
92186,28
92187,34
92188,32
92189,38
92190,49
92191,51
92192,64
92193,63
92194,54
92195,50
92196,44
92197,51
92198,64
92199,32
92200,18
92201,30
92202,50
92203,50
92204,42
92205,64
92206,54
92207,49
92208,57
92209,31
92210,38
92211,25
92212,23
92213,19
92214,22
92215,22
92216,43
92217,30
92218,34
92219,26
92220,36
92221,46
92222,38
92223,50
92224,22
92225,55
92226,56
92227,21
92228,35
92229,34
92230,23
92231,27
92232,43
92233,55
92234,45
92235,45
92236,47
92237,56
92238,30
92239,51
92240,54
92241,40
92242,47
92243,37
92244,44
92245,18
92246,20
92247,48
92248,26
92249,41
92250,45
92251,52
92252,20
92253,47
92254,55
92255,62
92256,61
92257,47
92258,34
92259,48
92260,51
92261,35
92262,38
92263,22
92264,58
92265,42
92266,29
92267,27
92268,51
92269,62
92270,55
92271,27
92272,52
92273,28
92274,31
92275,51
92276,18
92277,30
92278,39
92279,35
92280,22
92281,40
92282,19
92283,18
92284,63
92285,18
92286,28
92287,34
92288,32
92289,38
92290,49
92291,51
92292,64
92293,63
92294,54
92295,50
92296,44
92297,51
92298,64
92299,32
92300,18
92301,30
92302,50
92303,50
92304,42
92305,64
92306,54
92307,49
92308,57
92309,31
92310,38
92311,25
92312,23
92313,19
92314,22
92315,22
92316,43
92317,30
92318,34
92319,26
92320,36
92321,46
92322,38
92323,50
92324,22
92325,55
92326,56
92327,21
92328,35
92329,34
92330,23
92331,27
92332,43
92333,55
92334,45
92335,45
92336,47
92337,56
92338,30
92339,51
92340,54
92341,40
92342,47
92343,37
92344,44
92345,18
92346,20
92347,48
92348,26
92349,41
92350,45
92351,52
92352,20
92353,47
92354,55
92355,62
92356,61
92357,47
92358,34
92359,48
92360,51
92361,35
92362,38
92363,22
92364,58
92365,42
92366,29
92367,27
92368,51
92369,62
92370,55
92371,27
92372,52
92373,28
92374,31
92375,51
92376,18
92377,30
92378,39
92379,35
92380,22
92381,40
92382,19
92383,18
92384,63
92385,18
92386,28
92387,34
92388,32
92389,38
92390,49
92391,51
92392,64
92393,63
92394,54
92395,50
92396,44
92397,51
92398,64
92399,32
92400,18
92401,30
92402,50
92403,50
92404,42
92405,64
92406,54
92407,49
92408,57
92409,31
92410,38
92411,25
92412,23
92413,19
92414,22
92415,22
92416,43
92417,30
92418,34
92419,26
92420,36
92421,46
92422,38
92423,50
92424,22
92425,55
92426,56
92427,21
92428,35
92429,34
92430,23
92431,27
92432,43
92433,55
92434,45
92435,45
92436,47
92437,56
92438,30
92439,51
92440,54
92441,40
92442,47
92443,37
92444,44
92445,18
92446,20
92447,48
92448,26
92449,41
92450,45
92451,52
92452,20
92453,47
92454,55
92455,62
92456,61
92457,47
92458,34
92459,48
92460,51
92461,35
92462,38
92463,22
92464,58
92465,42
92466,29
92467,27
92468,51
92469,62
92470,55
92471,27
92472,52
92473,28
92474,31
92475,51
92476,18
92477,30
92478,39
92479,35
92480,22
92481,40
92482,19
92483,18
92484,63
92485,18
92486,28
92487,34
92488,32
92489,38
92490,49
92491,51
92492,64
92493,63
92494,54
92495,50
92496,44
92497,51
92498,64
92499,32
92500,18
92501,30
92502,50
92503,50
92504,42
92505,64
92506,54
92507,49
92508,57
92509,31
92510,38
92511,25
92512,23
92513,19
92514,22
92515,22
92516,43
92517,30
92518,34
92519,26
92520,36
92521,46
92522,38
92523,50
92524,22
92525,55
92526,56
92527,21
92528,35
92529,34
92530,23
92531,27
92532,43
92533,55
92534,45
92535,45
92536,47
92537,56
92538,30
92539,51
92540,54
92541,40
92542,47
92543,37
92544,44
92545,18
92546,20
92547,48
92548,26
92549,41
92550,45
92551,52
92552,20
92553,47
92554,55
92555,62
92556,61
92557,47
92558,34
92559,48
92560,51
92561,35
92562,38
92563,22
92564,58
92565,42
92566,29
92567,27
92568,51
92569,62
92570,55
92571,27
92572,52
92573,28
92574,31
92575,51
92576,18
92577,30
92578,39
92579,35
92580,22
92581,40
92582,19
92583,18
92584,63
92585,18
92586,28
92587,34
92588,32
92589,38
92590,49
92591,51
92592,64
92593,63
92594,54
92595,50
92596,44
92597,51
92598,64
92599,32
92600,18
92601,30
92602,50
92603,50
92604,42
92605,64
92606,54
92607,49
92608,57
92609,31
92610,38
92611,25
92612,23
92613,19
92614,22
92615,22
92616,43
92617,30
92618,34
92619,26
92620,36
92621,46
92622,38
92623,50
92624,22
92625,55
92626,56
92627,21
92628,35
92629,34
92630,23
92631,27
92632,43
92633,55
92634,45
92635,45
92636,47
92637,56
92638,30
92639,51
92640,54
92641,40
92642,47
92643,37
92644,44
92645,18
92646,20
92647,48
92648,26
92649,41
92650,45
92651,52
92652,20
92653,47
92654,55
92655,62
92656,61
92657,47
92658,34
92659,48
92660,51
92661,35
92662,38
92663,22
92664,58
92665,42
92666,29
92667,27
92668,51
92669,62
92670,55
92671,27
92672,52
92673,28
92674,31
92675,51
92676,18
92677,30
92678,39
92679,35
92680,22
92681,40
92682,19
92683,18
92684,63
92685,18
92686,28
92687,34
92688,32
92689,38
92690,49
92691,51
92692,64
92693,63
92694,54
92695,50
92696,44
92697,51
92698,64
92699,32
92700,18
92701,30
92702,50
92703,50
92704,42
92705,64
92706,54
92707,49
92708,57
92709,31
92710,38
92711,25
92712,23
92713,19
92714,22
92715,22
92716,43
92717,30
92718,34
92719,26
92720,36
92721,46
92722,38
92723,50
92724,22
92725,55
92726,56
92727,21
92728,35
92729,34
92730,23
92731,27
92732,43
92733,55
92734,45
92735,45
92736,47
92737,56
92738,30
92739,51
92740,54
92741,40
92742,47
92743,37
92744,44
92745,18
92746,20
92747,48
92748,26
92749,41
92750,45
92751,52
92752,20
92753,47
92754,55
92755,62
92756,61
92757,47
92758,34
92759,48
92760,51
92761,35
92762,38
92763,22
92764,58
92765,42
92766,29
92767,27
92768,51
92769,62
92770,55
92771,27
92772,52
92773,28
92774,31
92775,51
92776,18
92777,30
92778,39
92779,35
92780,22
92781,40
92782,19
92783,18
92784,63
92785,18
92786,28
92787,34
92788,32
92789,38
92790,49
92791,51
92792,64
92793,63
92794,54
92795,50
92796,44
92797,51
92798,64
92799,32
92800,18
92801,30
92802,50
92803,50
92804,42
92805,64
92806,54
92807,49
92808,57
92809,31
92810,38
92811,25
92812,23
92813,19
92814,22
92815,22
92816,43
92817,30
92818,34
92819,26
92820,36
92821,46
92822,38
92823,50
92824,22
92825,55
92826,56
92827,21
92828,35
92829,34
92830,23
92831,27
92832,43
92833,55
92834,45
92835,45
92836,47
92837,56
92838,30
92839,51
92840,54
92841,40
92842,47
92843,37
92844,44
92845,18
92846,20
92847,48
92848,26
92849,41
92850,45
92851,52
92852,20
92853,47
92854,55
92855,62
92856,61
92857,47
92858,34
92859,48
92860,51
92861,35
92862,38
92863,22
92864,58
92865,42
92866,29
92867,27
92868,51
92869,62
92870,55
92871,27
92872,52
92873,28
92874,31
92875,51
92876,18
92877,30
92878,39
92879,35
92880,22
92881,40
92882,19
92883,18
92884,63
92885,18
92886,28
92887,34
92888,32
92889,38
92890,49
92891,51
92892,64
92893,63
92894,54
92895,50
92896,44
92897,51
92898,64
92899,32
92900,18
92901,30
92902,50
92903,50
92904,42
92905,64
92906,54
92907,49
92908,57
92909,31
92910,38
92911,25
92912,23
92913,19
92914,22
92915,22
92916,43
92917,30
92918,34
92919,26
92920,36
92921,46
92922,38
92923,50
92924,22
92925,55
92926,56
92927,21
92928,35
92929,34
92930,23
92931,27
92932,43
92933,55
92934,45
92935,45
92936,47
92937,56
92938,30
92939,51
92940,54
92941,40
92942,47
92943,37
92944,44
92945,18
92946,20
92947,48
92948,26
92949,41
92950,45
92951,52
92952,20
92953,47
92954,55
92955,62
92956,61
92957,47
92958,34
92959,48
92960,51
92961,35
92962,38
92963,22
92964,58
92965,42
92966,29
92967,27
92968,51
92969,62
92970,55
92971,27
92972,52
92973,28
92974,31
92975,51
92976,18
92977,30
92978,39
92979,35
92980,22
92981,40
92982,19
92983,18
92984,63
92985,18
92986,28
92987,34
92988,32
92989,38
92990,49
92991,51
92992,64
92993,63
92994,54
92995,50
92996,44
92997,51
92998,64
92999,32
93000,18
93001,30
93002,50
93003,50
93004,42
93005,64
93006,54
93007,49
93008,57
93009,31
93010,38
93011,25
93012,23
93013,19
93014,22
93015,22
93016,43
93017,30
93018,34
93019,26
93020,36
93021,46
93022,38
93023,50
93024,22
93025,55
93026,56
93027,21
93028,35
93029,34
93030,23
93031,27
93032,43
93033,55
93034,45
93035,45
93036,47
93037,56
93038,30
93039,51
93040,54
93041,40
93042,47
93043,37
93044,44
93045,18
93046,20
93047,48
93048,26
93049,41
93050,45
93051,52
93052,20
93053,47
93054,55
93055,62
93056,61
93057,47
93058,34
93059,48
93060,51
93061,35
93062,38
93063,22
93064,58
93065,42
93066,29
93067,27
93068,51
93069,62
93070,55
93071,27
93072,52
93073,28
93074,31
93075,51
93076,18
93077,30
93078,39
93079,35
93080,22
93081,40
93082,19
93083,18
93084,63
93085,18
93086,28
93087,34
93088,32
93089,38
93090,49
93091,51
93092,64
93093,63
93094,54
93095,50
93096,44
93097,51
93098,64
93099,32
93100,18
93101,30
93102,50
93103,50
93104,42
93105,64
93106,54
93107,49
93108,57
93109,31
93110,38
93111,25
93112,23
93113,19
93114,22
93115,22
93116,43
93117,30
93118,34
93119,26
93120,36
93121,46
93122,38
93123,50
93124,22
93125,55
93126,56
93127,21
93128,35
93129,34
93130,23
93131,27
93132,43
93133,55
93134,45
93135,45
93136,47
93137,56
93138,30
93139,51
93140,54
93141,40
93142,47
93143,37
93144,44
93145,18
93146,20
93147,48
93148,26
93149,41
93150,45
93151,52
93152,20
93153,47
93154,55
93155,62
93156,61
93157,47
93158,34
93159,48
93160,51
93161,35
93162,38
93163,22
93164,58
93165,42
93166,29
93167,27
93168,51
93169,62
93170,55
93171,27
93172,52
93173,28
93174,31
93175,51
93176,18
93177,30
93178,39
93179,35
93180,22
93181,40
93182,19
93183,18
93184,63
93185,18
93186,28
93187,34
93188,32
93189,38
93190,49
93191,51
93192,64
93193,63
93194,54
93195,50
93196,44
93197,51
93198,64
93199,32
93200,18
93201,30
93202,50
93203,50
93204,42
93205,64
93206,54
93207,49
93208,57
93209,31
93210,38
93211,25
93212,23
93213,19
93214,22
93215,22
93216,43
93217,30
93218,34
93219,26
93220,36
93221,46
93222,38
93223,50
93224,22
93225,55
93226,56
93227,21
93228,35
93229,34
93230,23
93231,27
93232,43
93233,55
93234,45
93235,45
93236,47
93237,56
93238,30
93239,51
93240,54
93241,40
93242,47
93243,37
93244,44
93245,18
93246,20
93247,48
93248,26
93249,41
93250,45
93251,52
93252,20
93253,47
93254,55
93255,62
93256,61
93257,47
93258,34
93259,48
93260,51
93261,35
93262,38
93263,22
93264,58
93265,42
93266,29
93267,27
93268,51
93269,62
93270,55
93271,27
93272,52
93273,28
93274,31
93275,51
93276,18
93277,30
93278,39
93279,35
93280,22
93281,40
93282,19
93283,18
93284,63
93285,18
93286,28
93287,34
93288,32
93289,38
93290,49
93291,51
93292,64
93293,63
93294,54
93295,50
93296,44
93297,51
93298,64
93299,32
93300,18
93301,30
93302,50
93303,50
93304,42
93305,64
93306,54
93307,49
93308,57
93309,31
93310,38
93311,25
93312,23
93313,19
93314,22
93315,22
93316,43
93317,30
93318,34
93319,26
93320,36
93321,46
93322,38
93323,50
93324,22
93325,55
93326,56
93327,21
93328,35
93329,34
93330,23
93331,27
93332,43
93333,55
93334,45
93335,45
93336,47
93337,56
93338,30
93339,51
93340,54
93341,40
93342,47
93343,37
93344,44
93345,18
93346,20
93347,48
93348,26
93349,41
93350,45
93351,52
93352,20
93353,47
93354,55
93355,62
93356,61
93357,47
93358,34
93359,48
93360,51
93361,35
93362,38
93363,22
93364,58
93365,42
93366,29
93367,27
93368,51
93369,62
93370,55
93371,27
93372,52
93373,28
93374,31
93375,51
93376,18
93377,30
93378,39
93379,35
93380,22
93381,40
93382,19
93383,18
93384,63
93385,18
93386,28
93387,34
93388,32
93389,38
93390,49
93391,51
93392,64
93393,63
93394,54
93395,50
93396,44
93397,51
93398,64
93399,32
93400,18
93401,30
93402,50
93403,50
93404,42
93405,64
93406,54
93407,49
93408,57
93409,31
93410,38
93411,25
93412,23
93413,19
93414,22
93415,22
93416,43
93417,30
93418,34
93419,26
93420,36
93421,46
93422,38
93423,50
93424,22
93425,55
93426,56
93427,21
93428,35
93429,34
93430,23
93431,27
93432,43
93433,55
93434,45
93435,45
93436,47
93437,56
93438,30
93439,51
93440,54
93441,40
93442,47
93443,37
93444,44
93445,18
93446,20
93447,48
93448,26
93449,41
93450,45
93451,52
93452,20
93453,47
93454,55
93455,62
93456,61
93457,47
93458,34
93459,48
93460,51
93461,35
93462,38
93463,22
93464,58
93465,42
93466,29
93467,27
93468,51
93469,62
93470,55
93471,27
93472,52
93473,28
93474,31
93475,51
93476,18
93477,30
93478,39
93479,35
93480,22
93481,40
93482,19
93483,18
93484,63
93485,18
93486,28
93487,34
93488,32
93489,38
93490,49
93491,51
93492,64
93493,63
93494,54
93495,50
93496,44
93497,51
93498,64
93499,32
93500,18
93501,30
93502,50
93503,50
93504,42
93505,64
93506,54
93507,49
93508,57
93509,31
93510,38
93511,25
93512,23
93513,19
93514,22
93515,22
93516,43
93517,30
93518,34
93519,26
93520,36
93521,46
93522,38
93523,50
93524,22
93525,55
93526,56
93527,21
93528,35
93529,34
93530,23
93531,27
93532,43
93533,55
93534,45
93535,45
93536,47
93537,56
93538,30
93539,51
93540,54
93541,40
93542,47
93543,37
93544,44
93545,18
93546,20
93547,48
93548,26
93549,41
93550,45
93551,52
93552,20
93553,47
93554,55
93555,62
93556,61
93557,47
93558,34
93559,48
93560,51
93561,35
93562,38
93563,22
93564,58
93565,42
93566,29
93567,27
93568,51
93569,62
93570,55
93571,27
93572,52
93573,28
93574,31
93575,51
93576,18
93577,30
93578,39
93579,35
93580,22
93581,40
93582,19
93583,18
93584,63
93585,18
93586,28
93587,34
93588,32
93589,38
93590,49
93591,51
93592,64
93593,63
93594,54
93595,50
93596,44
93597,51
93598,64
93599,32
93600,18
93601,30
93602,50
93603,50
93604,42
93605,64
93606,54
93607,49
93608,57
93609,31
93610,38
93611,25
93612,23
93613,19
93614,22
93615,22
93616,43
93617,30
93618,34
93619,26
93620,36
93621,46
93622,38
93623,50
93624,22
93625,55
93626,56
93627,21
93628,35
93629,34
93630,23
93631,27
93632,43
93633,55
93634,45
93635,45
93636,47
93637,56
93638,30
93639,51
93640,54
93641,40
93642,47
93643,37
93644,44
93645,18
93646,20
93647,48
93648,26
93649,41
93650,45
93651,52
93652,20
93653,47
93654,55
93655,62
93656,61
93657,47
93658,34
93659,48
93660,51
93661,35
93662,38
93663,22
93664,58
93665,42
93666,29
93667,27
93668,51
93669,62
93670,55
93671,27
93672,52
93673,28
93674,31
93675,51
93676,18
93677,30
93678,39
93679,35
93680,22
93681,40
93682,19
93683,18
93684,63
93685,18
93686,28
93687,34
93688,32
93689,38
93690,49
93691,51
93692,64
93693,63
93694,54
93695,50
93696,44
93697,51
93698,64
93699,32
93700,18
93701,30
93702,50
93703,50
93704,42
93705,64
93706,54
93707,49
93708,57
93709,31
93710,38
93711,25
93712,23
93713,19
93714,22
93715,22
93716,43
93717,30
93718,34
93719,26
93720,36
93721,46
93722,38
93723,50
93724,22
93725,55
93726,56
93727,21
93728,35
93729,34
93730,23
93731,27
93732,43
93733,55
93734,45
93735,45
93736,47
93737,56
93738,30
93739,51
93740,54
93741,40
93742,47
93743,37
93744,44
93745,18
93746,20
93747,48
93748,26
93749,41
93750,45
93751,52
93752,20
93753,47
93754,55
93755,62
93756,61
93757,47
93758,34
93759,48
93760,51
93761,35
93762,38
93763,22
93764,58
93765,42
93766,29
93767,27
93768,51
93769,62
93770,55
93771,27
93772,52
93773,28
93774,31
93775,51
93776,18
93777,30
93778,39
93779,35
93780,22
93781,40
93782,19
93783,18
93784,63
93785,18
93786,28
93787,34
93788,32
93789,38
93790,49
93791,51
93792,64
93793,63
93794,54
93795,50
93796,44
93797,51
93798,64
93799,32
93800,18
93801,30
93802,50
93803,50
93804,42
93805,64
93806,54
93807,49
93808,57
93809,31
93810,38
93811,25
93812,23
93813,19
93814,22
93815,22
93816,43
93817,30
93818,34
93819,26
93820,36
93821,46
93822,38
93823,50
93824,22
93825,55
93826,56
93827,21
93828,35
93829,34
93830,23
93831,27
93832,43
93833,55
93834,45
93835,45
93836,47
93837,56
93838,30
93839,51
93840,54
93841,40
93842,47
93843,37
93844,44
93845,18
93846,20
93847,48
93848,26
93849,41
93850,45
93851,52
93852,20
93853,47
93854,55
93855,62
93856,61
93857,47
93858,34
93859,48
93860,51
93861,35
93862,38
93863,22
93864,58
93865,42
93866,29
93867,27
93868,51
93869,62
93870,55
93871,27
93872,52
93873,28
93874,31
93875,51
93876,18
93877,30
93878,39
93879,35
93880,22
93881,40
93882,19
93883,18
93884,63
93885,18
93886,28
93887,34
93888,32
93889,38
93890,49
93891,51
93892,64
93893,63
93894,54
93895,50
93896,44
93897,51
93898,64
93899,32
93900,18
93901,30
93902,50
93903,50
93904,42
93905,64
93906,54
93907,49
93908,57
93909,31
93910,38
93911,25
93912,23
93913,19
93914,22
93915,22
93916,43
93917,30
93918,34
93919,26
93920,36
93921,46
93922,38
93923,50
93924,22
93925,55
93926,56
93927,21
93928,35
93929,34
93930,23
93931,27
93932,43
93933,55
93934,45
93935,45
93936,47
93937,56
93938,30
93939,51
93940,54
93941,40
93942,47
93943,37
93944,44
93945,18
93946,20
93947,48
93948,26
93949,41
93950,45
93951,52
93952,20
93953,47
93954,55
93955,62
93956,61
93957,47
93958,34
93959,48
93960,51
93961,35
93962,38
93963,22
93964,58
93965,42
93966,29
93967,27
93968,51
93969,62
93970,55
93971,27
93972,52
93973,28
93974,31
93975,51
93976,18
93977,30
93978,39
93979,35
93980,22
93981,40
93982,19
93983,18
93984,63
93985,18
93986,28
93987,34
93988,32
93989,38
93990,49
93991,51
93992,64
93993,63
93994,54
93995,50
93996,44
93997,51
93998,64
93999,32
94000,18
94001,30
94002,50
94003,50
94004,42
94005,64
94006,54
94007,49
94008,57
94009,31
94010,38
94011,25
94012,23
94013,19
94014,22
94015,22
94016,43
94017,30
94018,34
94019,26
94020,36
94021,46
94022,38
94023,50
94024,22
94025,55
94026,56
94027,21
94028,35
94029,34
94030,23
94031,27
94032,43
94033,55
94034,45
94035,45
94036,47
94037,56
94038,30
94039,51
94040,54
94041,40
94042,47
94043,37
94044,44
94045,18
94046,20
94047,48
94048,26
94049,41
94050,45
94051,52
94052,20
94053,47
94054,55
94055,62
94056,61
94057,47
94058,34
94059,48
94060,51
94061,35
94062,38
94063,22
94064,58
94065,42
94066,29
94067,27
94068,51
94069,62
94070,55
94071,27
94072,52
94073,28
94074,31
94075,51
94076,18
94077,30
94078,39
94079,35
94080,22
94081,40
94082,19
94083,18
94084,63
94085,18
94086,28
94087,34
94088,32
94089,38
94090,49
94091,51
94092,64
94093,63
94094,54
94095,50
94096,44
94097,51
94098,64
94099,32
94100,18
94101,30
94102,50
94103,50
94104,42
94105,64
94106,54
94107,49
94108,57
94109,31
94110,38
94111,25
94112,23
94113,19
94114,22
94115,22
94116,43
94117,30
94118,34
94119,26
94120,36
94121,46
94122,38
94123,50
94124,22
94125,55
94126,56
94127,21
94128,35
94129,34
94130,23
94131,27
94132,43
94133,55
94134,45
94135,45
94136,47
94137,56
94138,30
94139,51
94140,54
94141,40
94142,47
94143,37
94144,44
94145,18
94146,20
94147,48
94148,26
94149,41
94150,45
94151,52
94152,20
94153,47
94154,55
94155,62
94156,61
94157,47
94158,34
94159,48
94160,51
94161,35
94162,38
94163,22
94164,58
94165,42
94166,29
94167,27
94168,51
94169,62
94170,55
94171,27
94172,52
94173,28
94174,31
94175,51
94176,18
94177,30
94178,39
94179,35
94180,22
94181,40
94182,19
94183,18
94184,63
94185,18
94186,28
94187,34
94188,32
94189,38
94190,49
94191,51
94192,64
94193,63
94194,54
94195,50
94196,44
94197,51
94198,64
94199,32
94200,18
94201,30
94202,50
94203,50
94204,42
94205,64
94206,54
94207,49
94208,57
94209,31
94210,38
94211,25
94212,23
94213,19
94214,22
94215,22
94216,43
94217,30
94218,34
94219,26
94220,36
94221,46
94222,38
94223,50
94224,22
94225,55
94226,56
94227,21
94228,35
94229,34
94230,23
94231,27
94232,43
94233,55
94234,45
94235,45
94236,47
94237,56
94238,30
94239,51
94240,54
94241,40
94242,47
94243,37
94244,44
94245,18
94246,20
94247,48
94248,26
94249,41
94250,45
94251,52
94252,20
94253,47
94254,55
94255,62
94256,61
94257,47
94258,34
94259,48
94260,51
94261,35
94262,38
94263,22
94264,58
94265,42
94266,29
94267,27
94268,51
94269,62
94270,55
94271,27
94272,52
94273,28
94274,31
94275,51
94276,18
94277,30
94278,39
94279,35
94280,22
94281,40
94282,19
94283,18
94284,63
94285,18
94286,28
94287,34
94288,32
94289,38
94290,49
94291,51
94292,64
94293,63
94294,54
94295,50
94296,44
94297,51
94298,64
94299,32
94300,18
94301,30
94302,50
94303,50
94304,42
94305,64
94306,54
94307,49
94308,57
94309,31
94310,38
94311,25
94312,23
94313,19
94314,22
94315,22
94316,43
94317,30
94318,34
94319,26
94320,36
94321,46
94322,38
94323,50
94324,22
94325,55
94326,56
94327,21
94328,35
94329,34
94330,23
94331,27
94332,43
94333,55
94334,45
94335,45
94336,47
94337,56
94338,30
94339,51
94340,54
94341,40
94342,47
94343,37
94344,44
94345,18
94346,20
94347,48
94348,26
94349,41
94350,45
94351,52
94352,20
94353,47
94354,55
94355,62
94356,61
94357,47
94358,34
94359,48
94360,51
94361,35
94362,38
94363,22
94364,58
94365,42
94366,29
94367,27
94368,51
94369,62
94370,55
94371,27
94372,52
94373,28
94374,31
94375,51
94376,18
94377,30
94378,39
94379,35
94380,22
94381,40
94382,19
94383,18
94384,63
94385,18
94386,28
94387,34
94388,32
94389,38
94390,49
94391,51
94392,64
94393,63
94394,54
94395,50
94396,44
94397,51
94398,64
94399,32
94400,18
94401,30
94402,50
94403,50
94404,42
94405,64
94406,54
94407,49
94408,57
94409,31
94410,38
94411,25
94412,23
94413,19
94414,22
94415,22
94416,43
94417,30
94418,34
94419,26
94420,36
94421,46
94422,38
94423,50
94424,22
94425,55
94426,56
94427,21
94428,35
94429,34
94430,23
94431,27
94432,43
94433,55
94434,45
94435,45
94436,47
94437,56
94438,30
94439,51
94440,54
94441,40
94442,47
94443,37
94444,44
94445,18
94446,20
94447,48
94448,26
94449,41
94450,45
94451,52
94452,20
94453,47
94454,55
94455,62
94456,61
94457,47
94458,34
94459,48
94460,51
94461,35
94462,38
94463,22
94464,58
94465,42
94466,29
94467,27
94468,51
94469,62
94470,55
94471,27
94472,52
94473,28
94474,31
94475,51
94476,18
94477,30
94478,39
94479,35
94480,22
94481,40
94482,19
94483,18
94484,63
94485,18
94486,28
94487,34
94488,32
94489,38
94490,49
94491,51
94492,64
94493,63
94494,54
94495,50
94496,44
94497,51
94498,64
94499,32
94500,18
94501,30
94502,50
94503,50
94504,42
94505,64
94506,54
94507,49
94508,57
94509,31
94510,38
94511,25
94512,23
94513,19
94514,22
94515,22
94516,43
94517,30
94518,34
94519,26
94520,36
94521,46
94522,38
94523,50
94524,22
94525,55
94526,56
94527,21
94528,35
94529,34
94530,23
94531,27
94532,43
94533,55
94534,45
94535,45
94536,47
94537,56
94538,30
94539,51
94540,54
94541,40
94542,47
94543,37
94544,44
94545,18
94546,20
94547,48
94548,26
94549,41
94550,45
94551,52
94552,20
94553,47
94554,55
94555,62
94556,61
94557,47
94558,34
94559,48
94560,51
94561,35
94562,38
94563,22
94564,58
94565,42
94566,29
94567,27
94568,51
94569,62
94570,55
94571,27
94572,52
94573,28
94574,31
94575,51
94576,18
94577,30
94578,39
94579,35
94580,22
94581,40
94582,19
94583,18
94584,63
94585,18
94586,28
94587,34
94588,32
94589,38
94590,49
94591,51
94592,64
94593,63
94594,54
94595,50
94596,44
94597,51
94598,64
94599,32
94600,18
94601,30
94602,50
94603,50
94604,42
94605,64
94606,54
94607,49
94608,57
94609,31
94610,38
94611,25
94612,23
94613,19
94614,22
94615,22
94616,43
94617,30
94618,34
94619,26
94620,36
94621,46
94622,38
94623,50
94624,22
94625,55
94626,56
94627,21
94628,35
94629,34
94630,23
94631,27
94632,43
94633,55
94634,45
94635,45
94636,47
94637,56
94638,30
94639,51
94640,54
94641,40
94642,47
94643,37
94644,44
94645,18
94646,20
94647,48
94648,26
94649,41
94650,45
94651,52
94652,20
94653,47
94654,55
94655,62
94656,61
94657,47
94658,34
94659,48
94660,51
94661,35
94662,38
94663,22
94664,58
94665,42
94666,29
94667,27
94668,51
94669,62
94670,55
94671,27
94672,52
94673,28
94674,31
94675,51
94676,18
94677,30
94678,39
94679,35
94680,22
94681,40
94682,19
94683,18
94684,63
94685,18
94686,28
94687,34
94688,32
94689,38
94690,49
94691,51
94692,64
94693,63
94694,54
94695,50
94696,44
94697,51
94698,64
94699,32
94700,18
94701,30
94702,50
94703,50
94704,42
94705,64
94706,54
94707,49
94708,57
94709,31
94710,38
94711,25
94712,23
94713,19
94714,22
94715,22
94716,43
94717,30
94718,34
94719,26
94720,36
94721,46
94722,38
94723,50
94724,22
94725,55
94726,56
94727,21
94728,35
94729,34
94730,23
94731,27
94732,43
94733,55
94734,45
94735,45
94736,47
94737,56
94738,30
94739,51
94740,54
94741,40
94742,47
94743,37
94744,44
94745,18
94746,20
94747,48
94748,26
94749,41
94750,45
94751,52
94752,20
94753,47
94754,55
94755,62
94756,61
94757,47
94758,34
94759,48
94760,51
94761,35
94762,38
94763,22
94764,58
94765,42
94766,29
94767,27
94768,51
94769,62
94770,55
94771,27
94772,52
94773,28
94774,31
94775,51
94776,18
94777,30
94778,39
94779,35
94780,22
94781,40
94782,19
94783,18
94784,63
94785,18
94786,28
94787,34
94788,32
94789,38
94790,49
94791,51
94792,64
94793,63
94794,54
94795,50
94796,44
94797,51
94798,64
94799,32
94800,18
94801,30
94802,50
94803,50
94804,42
94805,64
94806,54
94807,49
94808,57
94809,31
94810,38
94811,25
94812,23
94813,19
94814,22
94815,22
94816,43
94817,30
94818,34
94819,26
94820,36
94821,46
94822,38
94823,50
94824,22
94825,55
94826,56
94827,21
94828,35
94829,34
94830,23
94831,27
94832,43
94833,55
94834,45
94835,45
94836,47
94837,56
94838,30
94839,51
94840,54
94841,40
94842,47
94843,37
94844,44
94845,18
94846,20
94847,48
94848,26
94849,41
94850,45
94851,52
94852,20
94853,47
94854,55
94855,62
94856,61
94857,47
94858,34
94859,48
94860,51
94861,35
94862,38
94863,22
94864,58
94865,42
94866,29
94867,27
94868,51
94869,62
94870,55
94871,27
94872,52
94873,28
94874,31
94875,51
94876,18
94877,30
94878,39
94879,35
94880,22
94881,40
94882,19
94883,18
94884,63
94885,18
94886,28
94887,34
94888,32
94889,38
94890,49
94891,51
94892,64
94893,63
94894,54
94895,50
94896,44
94897,51
94898,64
94899,32
94900,18
94901,30
94902,50
94903,50
94904,42
94905,64
94906,54
94907,49
94908,57
94909,31
94910,38
94911,25
94912,23
94913,19
94914,22
94915,22
94916,43
94917,30
94918,34
94919,26
94920,36
94921,46
94922,38
94923,50
94924,22
94925,55
94926,56
94927,21
94928,35
94929,34
94930,23
94931,27
94932,43
94933,55
94934,45
94935,45
94936,47
94937,56
94938,30
94939,51
94940,54
94941,40
94942,47
94943,37
94944,44
94945,18
94946,20
94947,48
94948,26
94949,41
94950,45
94951,52
94952,20
94953,47
94954,55
94955,62
94956,61
94957,47
94958,34
94959,48
94960,51
94961,35
94962,38
94963,22
94964,58
94965,42
94966,29
94967,27
94968,51
94969,62
94970,55
94971,27
94972,52
94973,28
94974,31
94975,51
94976,18
94977,30
94978,39
94979,35
94980,22
94981,40
94982,19
94983,18
94984,63
94985,18
94986,28
94987,34
94988,32
94989,38
94990,49
94991,51
94992,64
94993,63
94994,54
94995,50
94996,44
94997,51
94998,64
94999,32
95000,18
95001,30
95002,50
95003,50
95004,42
95005,64
95006,54
95007,49
95008,57
95009,31
95010,38
95011,25
95012,23
95013,19
95014,22
95015,22
95016,43
95017,30
95018,34
95019,26
95020,36
95021,46
95022,38
95023,50
95024,22
95025,55
95026,56
95027,21
95028,35
95029,34
95030,23
95031,27
95032,43
95033,55
95034,45
95035,45
95036,47
95037,56
95038,30
95039,51
95040,54
95041,40
95042,47
95043,37
95044,44
95045,18
95046,20
95047,48
95048,26
95049,41
95050,45
95051,52
95052,20
95053,47
95054,55
95055,62
95056,61
95057,47
95058,34
95059,48
95060,51
95061,35
95062,38
95063,22
95064,58
95065,42
95066,29
95067,27
95068,51
95069,62
95070,55
95071,27
95072,52
95073,28
95074,31
95075,51
95076,18
95077,30
95078,39
95079,35
95080,22
95081,40
95082,19
95083,18
95084,63
95085,18
95086,28
95087,34
95088,32
95089,38
95090,49
95091,51
95092,64
95093,63
95094,54
95095,50
95096,44
95097,51
95098,64
95099,32
95100,18
95101,30
95102,50
95103,50
95104,42
95105,64
95106,54
95107,49
95108,57
95109,31
95110,38
95111,25
95112,23
95113,19
95114,22
95115,22
95116,43
95117,30
95118,34
95119,26
95120,36
95121,46
95122,38
95123,50
95124,22
95125,55
95126,56
95127,21
95128,35
95129,34
95130,23
95131,27
95132,43
95133,55
95134,45
95135,45
95136,47
95137,56
95138,30
95139,51
95140,54
95141,40
95142,47
95143,37
95144,44
95145,18
95146,20
95147,48
95148,26
95149,41
95150,45
95151,52
95152,20
95153,47
95154,55
95155,62
95156,61
95157,47
95158,34
95159,48
95160,51
95161,35
95162,38
95163,22
95164,58
95165,42
95166,29
95167,27
95168,51
95169,62
95170,55
95171,27
95172,52
95173,28
95174,31
95175,51
95176,18
95177,30
95178,39
95179,35
95180,22
95181,40
95182,19
95183,18
95184,63
95185,18
95186,28
95187,34
95188,32
95189,38
95190,49
95191,51
95192,64
95193,63
95194,54
95195,50
95196,44
95197,51
95198,64
95199,32
95200,18
95201,30
95202,50
95203,50
95204,42
95205,64
95206,54
95207,49
95208,57
95209,31
95210,38
95211,25
95212,23
95213,19
95214,22
95215,22
95216,43
95217,30
95218,34
95219,26
95220,36
95221,46
95222,38
95223,50
95224,22
95225,55
95226,56
95227,21
95228,35
95229,34
95230,23
95231,27
95232,43
95233,55
95234,45
95235,45
95236,47
95237,56
95238,30
95239,51
95240,54
95241,40
95242,47
95243,37
95244,44
95245,18
95246,20
95247,48
95248,26
95249,41
95250,45
95251,52
95252,20
95253,47
95254,55
95255,62
95256,61
95257,47
95258,34
95259,48
95260,51
95261,35
95262,38
95263,22
95264,58
95265,42
95266,29
95267,27
95268,51
95269,62
95270,55
95271,27
95272,52
95273,28
95274,31
95275,51
95276,18
95277,30
95278,39
95279,35
95280,22
95281,40
95282,19
95283,18
95284,63
95285,18
95286,28
95287,34
95288,32
95289,38
95290,49
95291,51
95292,64
95293,63
95294,54
95295,50
95296,44
95297,51
95298,64
95299,32
95300,18
95301,30
95302,50
95303,50
95304,42
95305,64
95306,54
95307,49
95308,57
95309,31
95310,38
95311,25
95312,23
95313,19
95314,22
95315,22
95316,43
95317,30
95318,34
95319,26
95320,36
95321,46
95322,38
95323,50
95324,22
95325,55
95326,56
95327,21
95328,35
95329,34
95330,23
95331,27
95332,43
95333,55
95334,45
95335,45
95336,47
95337,56
95338,30
95339,51
95340,54
95341,40
95342,47
95343,37
95344,44
95345,18
95346,20
95347,48
95348,26
95349,41
95350,45
95351,52
95352,20
95353,47
95354,55
95355,62
95356,61
95357,47
95358,34
95359,48
95360,51
95361,35
95362,38
95363,22
95364,58
95365,42
95366,29
95367,27
95368,51
95369,62
95370,55
95371,27
95372,52
95373,28
95374,31
95375,51
95376,18
95377,30
95378,39
95379,35
95380,22
95381,40
95382,19
95383,18
95384,63
95385,18
95386,28
95387,34
95388,32
95389,38
95390,49
95391,51
95392,64
95393,63
95394,54
95395,50
95396,44
95397,51
95398,64
95399,32
95400,18
95401,30
95402,50
95403,50
95404,42
95405,64
95406,54
95407,49
95408,57
95409,31
95410,38
95411,25
95412,23
95413,19
95414,22
95415,22
95416,43
95417,30
95418,34
95419,26
95420,36
95421,46
95422,38
95423,50
95424,22
95425,55
95426,56
95427,21
95428,35
95429,34
95430,23
95431,27
95432,43
95433,55
95434,45
95435,45
95436,47
95437,56
95438,30
95439,51
95440,54
95441,40
95442,47
95443,37
95444,44
95445,18
95446,20
95447,48
95448,26
95449,41
95450,45
95451,52
95452,20
95453,47
95454,55
95455,62
95456,61
95457,47
95458,34
95459,48
95460,51
95461,35
95462,38
95463,22
95464,58
95465,42
95466,29
95467,27
95468,51
95469,62
95470,55
95471,27
95472,52
95473,28
95474,31
95475,51
95476,18
95477,30
95478,39
95479,35
95480,22
95481,40
95482,19
95483,18
95484,63
95485,18
95486,28
95487,34
95488,32
95489,38
95490,49
95491,51
95492,64
95493,63
95494,54
95495,50
95496,44
95497,51
95498,64
95499,32
95500,18
95501,30
95502,50
95503,50
95504,42
95505,64
95506,54
95507,49
95508,57
95509,31
95510,38
95511,25
95512,23
95513,19
95514,22
95515,22
95516,43
95517,30
95518,34
95519,26
95520,36
95521,46
95522,38
95523,50
95524,22
95525,55
95526,56
95527,21
95528,35
95529,34
95530,23
95531,27
95532,43
95533,55
95534,45
95535,45
95536,47
95537,56
95538,30
95539,51
95540,54
95541,40
95542,47
95543,37
95544,44
95545,18
95546,20
95547,48
95548,26
95549,41
95550,45
95551,52
95552,20
95553,47
95554,55
95555,62
95556,61
95557,47
95558,34
95559,48
95560,51
95561,35
95562,38
95563,22
95564,58
95565,42
95566,29
95567,27
95568,51
95569,62
95570,55
95571,27
95572,52
95573,28
95574,31
95575,51
95576,18
95577,30
95578,39
95579,35
95580,22
95581,40
95582,19
95583,18
95584,63
95585,18
95586,28
95587,34
95588,32
95589,38
95590,49
95591,51
95592,64
95593,63
95594,54
95595,50
95596,44
95597,51
95598,64
95599,32
95600,18
95601,30
95602,50
95603,50
95604,42
95605,64
95606,54
95607,49
95608,57
95609,31
95610,38
95611,25
95612,23
95613,19
95614,22
95615,22
95616,43
95617,30
95618,34
95619,26
95620,36
95621,46
95622,38
95623,50
95624,22
95625,55
95626,56
95627,21
95628,35
95629,34
95630,23
95631,27
95632,43
95633,55
95634,45
95635,45
95636,47
95637,56
95638,30
95639,51
95640,54
95641,40
95642,47
95643,37
95644,44
95645,18
95646,20
95647,48
95648,26
95649,41
95650,45
95651,52
95652,20
95653,47
95654,55
95655,62
95656,61
95657,47
95658,34
95659,48
95660,51
95661,35
95662,38
95663,22
95664,58
95665,42
95666,29
95667,27
95668,51
95669,62
95670,55
95671,27
95672,52
95673,28
95674,31
95675,51
95676,18
95677,30
95678,39
95679,35
95680,22
95681,40
95682,19
95683,18
95684,63
95685,18
95686,28
95687,34
95688,32
95689,38
95690,49
95691,51
95692,64
95693,63
95694,54
95695,50
95696,44
95697,51
95698,64
95699,32
95700,18
95701,30
95702,50
95703,50
95704,42
95705,64
95706,54
95707,49
95708,57
95709,31
95710,38
95711,25
95712,23
95713,19
95714,22
95715,22
95716,43
95717,30
95718,34
95719,26
95720,36
95721,46
95722,38
95723,50
95724,22
95725,55
95726,56
95727,21
95728,35
95729,34
95730,23
95731,27
95732,43
95733,55
95734,45
95735,45
95736,47
95737,56
95738,30
95739,51
95740,54
95741,40
95742,47
95743,37
95744,44
95745,18
95746,20
95747,48
95748,26
95749,41
95750,45
95751,52
95752,20
95753,47
95754,55
95755,62
95756,61
95757,47
95758,34
95759,48
95760,51
95761,35
95762,38
95763,22
95764,58
95765,42
95766,29
95767,27
95768,51
95769,62
95770,55
95771,27
95772,52
95773,28
95774,31
95775,51
95776,18
95777,30
95778,39
95779,35
95780,22
95781,40
95782,19
95783,18
95784,63
95785,18
95786,28
95787,34
95788,32
95789,38
95790,49
95791,51
95792,64
95793,63
95794,54
95795,50
95796,44
95797,51
95798,64
95799,32
95800,18
95801,30
95802,50
95803,50
95804,42
95805,64
95806,54
95807,49
95808,57
95809,31
95810,38
95811,25
95812,23
95813,19
95814,22
95815,22
95816,43
95817,30
95818,34
95819,26
95820,36
95821,46
95822,38
95823,50
95824,22
95825,55
95826,56
95827,21
95828,35
95829,34
95830,23
95831,27
95832,43
95833,55
95834,45
95835,45
95836,47
95837,56
95838,30
95839,51
95840,54
95841,40
95842,47
95843,37
95844,44
95845,18
95846,20
95847,48
95848,26
95849,41
95850,45
95851,52
95852,20
95853,47
95854,55
95855,62
95856,61
95857,47
95858,34
95859,48
95860,51
95861,35
95862,38
95863,22
95864,58
95865,42
95866,29
95867,27
95868,51
95869,62
95870,55
95871,27
95872,52
95873,28
95874,31
95875,51
95876,18
95877,30
95878,39
95879,35
95880,22
95881,40
95882,19
95883,18
95884,63
95885,18
95886,28
95887,34
95888,32
95889,38
95890,49
95891,51
95892,64
95893,63
95894,54
95895,50
95896,44
95897,51
95898,64
95899,32
95900,18
95901,30
95902,50
95903,50
95904,42
95905,64
95906,54
95907,49
95908,57
95909,31
95910,38
95911,25
95912,23
95913,19
95914,22
95915,22
95916,43
95917,30
95918,34
95919,26
95920,36
95921,46
95922,38
95923,50
95924,22
95925,55
95926,56
95927,21
95928,35
95929,34
95930,23
95931,27
95932,43
95933,55
95934,45
95935,45
95936,47
95937,56
95938,30
95939,51
95940,54
95941,40
95942,47
95943,37
95944,44
95945,18
95946,20
95947,48
95948,26
95949,41
95950,45
95951,52
95952,20
95953,47
95954,55
95955,62
95956,61
95957,47
95958,34
95959,48
95960,51
95961,35
95962,38
95963,22
95964,58
95965,42
95966,29
95967,27
95968,51
95969,62
95970,55
95971,27
95972,52
95973,28
95974,31
95975,51
95976,18
95977,30
95978,39
95979,35
95980,22
95981,40
95982,19
95983,18
95984,63
95985,18
95986,28
95987,34
95988,32
95989,38
95990,49
95991,51
95992,64
95993,63
95994,54
95995,50
95996,44
95997,51
95998,64
95999,32
96000,18
96001,30
96002,50
96003,50
96004,42
96005,64
96006,54
96007,49
96008,57
96009,31
96010,38
96011,25
96012,23
96013,19
96014,22
96015,22
96016,43
96017,30
96018,34
96019,26
96020,36
96021,46
96022,38
96023,50
96024,22
96025,55
96026,56
96027,21
96028,35
96029,34
96030,23
96031,27
96032,43
96033,55
96034,45
96035,45
96036,47
96037,56
96038,30
96039,51
96040,54
96041,40
96042,47
96043,37
96044,44
96045,18
96046,20
96047,48
96048,26
96049,41
96050,45
96051,52
96052,20
96053,47
96054,55
96055,62
96056,61
96057,47
96058,34
96059,48
96060,51
96061,35
96062,38
96063,22
96064,58
96065,42
96066,29
96067,27
96068,51
96069,62
96070,55
96071,27
96072,52
96073,28
96074,31
96075,51
96076,18
96077,30
96078,39
96079,35
96080,22
96081,40
96082,19
96083,18
96084,63
96085,18
96086,28
96087,34
96088,32
96089,38
96090,49
96091,51
96092,64
96093,63
96094,54
96095,50
96096,44
96097,51
96098,64
96099,32
96100,18
96101,30
96102,50
96103,50
96104,42
96105,64
96106,54
96107,49
96108,57
96109,31
96110,38
96111,25
96112,23
96113,19
96114,22
96115,22
96116,43
96117,30
96118,34
96119,26
96120,36
96121,46
96122,38
96123,50
96124,22
96125,55
96126,56
96127,21
96128,35
96129,34
96130,23
96131,27
96132,43
96133,55
96134,45
96135,45
96136,47
96137,56
96138,30
96139,51
96140,54
96141,40
96142,47
96143,37
96144,44
96145,18
96146,20
96147,48
96148,26
96149,41
96150,45
96151,52
96152,20
96153,47
96154,55
96155,62
96156,61
96157,47
96158,34
96159,48
96160,51
96161,35
96162,38
96163,22
96164,58
96165,42
96166,29
96167,27
96168,51
96169,62
96170,55
96171,27
96172,52
96173,28
96174,31
96175,51
96176,18
96177,30
96178,39
96179,35
96180,22
96181,40
96182,19
96183,18
96184,63
96185,18
96186,28
96187,34
96188,32
96189,38
96190,49
96191,51
96192,64
96193,63
96194,54
96195,50
96196,44
96197,51
96198,64
96199,32
96200,18
96201,30
96202,50
96203,50
96204,42
96205,64
96206,54
96207,49
96208,57
96209,31
96210,38
96211,25
96212,23
96213,19
96214,22
96215,22
96216,43
96217,30
96218,34
96219,26
96220,36
96221,46
96222,38
96223,50
96224,22
96225,55
96226,56
96227,21
96228,35
96229,34
96230,23
96231,27
96232,43
96233,55
96234,45
96235,45
96236,47
96237,56
96238,30
96239,51
96240,54
96241,40
96242,47
96243,37
96244,44
96245,18
96246,20
96247,48
96248,26
96249,41
96250,45
96251,52
96252,20
96253,47
96254,55
96255,62
96256,61
96257,47
96258,34
96259,48
96260,51
96261,35
96262,38
96263,22
96264,58
96265,42
96266,29
96267,27
96268,51
96269,62
96270,55
96271,27
96272,52
96273,28
96274,31
96275,51
96276,18
96277,30
96278,39
96279,35
96280,22
96281,40
96282,19
96283,18
96284,63
96285,18
96286,28
96287,34
96288,32
96289,38
96290,49
96291,51
96292,64
96293,63
96294,54
96295,50
96296,44
96297,51
96298,64
96299,32
96300,18
96301,30
96302,50
96303,50
96304,42
96305,64
96306,54
96307,49
96308,57
96309,31
96310,38
96311,25
96312,23
96313,19
96314,22
96315,22
96316,43
96317,30
96318,34
96319,26
96320,36
96321,46
96322,38
96323,50
96324,22
96325,55
96326,56
96327,21
96328,35
96329,34
96330,23
96331,27
96332,43
96333,55
96334,45
96335,45
96336,47
96337,56
96338,30
96339,51
96340,54
96341,40
96342,47
96343,37
96344,44
96345,18
96346,20
96347,48
96348,26
96349,41
96350,45
96351,52
96352,20
96353,47
96354,55
96355,62
96356,61
96357,47
96358,34
96359,48
96360,51
96361,35
96362,38
96363,22
96364,58
96365,42
96366,29
96367,27
96368,51
96369,62
96370,55
96371,27
96372,52
96373,28
96374,31
96375,51
96376,18
96377,30
96378,39
96379,35
96380,22
96381,40
96382,19
96383,18
96384,63
96385,18
96386,28
96387,34
96388,32
96389,38
96390,49
96391,51
96392,64
96393,63
96394,54
96395,50
96396,44
96397,51
96398,64
96399,32
96400,18
96401,30
96402,50
96403,50
96404,42
96405,64
96406,54
96407,49
96408,57
96409,31
96410,38
96411,25
96412,23
96413,19
96414,22
96415,22
96416,43
96417,30
96418,34
96419,26
96420,36
96421,46
96422,38
96423,50
96424,22
96425,55
96426,56
96427,21
96428,35
96429,34
96430,23
96431,27
96432,43
96433,55
96434,45
96435,45
96436,47
96437,56
96438,30
96439,51
96440,54
96441,40
96442,47
96443,37
96444,44
96445,18
96446,20
96447,48
96448,26
96449,41
96450,45
96451,52
96452,20
96453,47
96454,55
96455,62
96456,61
96457,47
96458,34
96459,48
96460,51
96461,35
96462,38
96463,22
96464,58
96465,42
96466,29
96467,27
96468,51
96469,62
96470,55
96471,27
96472,52
96473,28
96474,31
96475,51
96476,18
96477,30
96478,39
96479,35
96480,22
96481,40
96482,19
96483,18
96484,63
96485,18
96486,28
96487,34
96488,32
96489,38
96490,49
96491,51
96492,64
96493,63
96494,54
96495,50
96496,44
96497,51
96498,64
96499,32
96500,18
96501,30
96502,50
96503,50
96504,42
96505,64
96506,54
96507,49
96508,57
96509,31
96510,38
96511,25
96512,23
96513,19
96514,22
96515,22
96516,43
96517,30
96518,34
96519,26
96520,36
96521,46
96522,38
96523,50
96524,22
96525,55
96526,56
96527,21
96528,35
96529,34
96530,23
96531,27
96532,43
96533,55
96534,45
96535,45
96536,47
96537,56
96538,30
96539,51
96540,54
96541,40
96542,47
96543,37
96544,44
96545,18
96546,20
96547,48
96548,26
96549,41
96550,45
96551,52
96552,20
96553,47
96554,55
96555,62
96556,61
96557,47
96558,34
96559,48
96560,51
96561,35
96562,38
96563,22
96564,58
96565,42
96566,29
96567,27
96568,51
96569,62
96570,55
96571,27
96572,52
96573,28
96574,31
96575,51
96576,18
96577,30
96578,39
96579,35
96580,22
96581,40
96582,19
96583,18
96584,63
96585,18
96586,28
96587,34
96588,32
96589,38
96590,49
96591,51
96592,64
96593,63
96594,54
96595,50
96596,44
96597,51
96598,64
96599,32
96600,18
96601,30
96602,50
96603,50
96604,42
96605,64
96606,54
96607,49
96608,57
96609,31
96610,38
96611,25
96612,23
96613,19
96614,22
96615,22
96616,43
96617,30
96618,34
96619,26
96620,36
96621,46
96622,38
96623,50
96624,22
96625,55
96626,56
96627,21
96628,35
96629,34
96630,23
96631,27
96632,43
96633,55
96634,45
96635,45
96636,47
96637,56
96638,30
96639,51
96640,54
96641,40
96642,47
96643,37
96644,44
96645,18
96646,20
96647,48
96648,26
96649,41
96650,45
96651,52
96652,20
96653,47
96654,55
96655,62
96656,61
96657,47
96658,34
96659,48
96660,51
96661,35
96662,38
96663,22
96664,58
96665,42
96666,29
96667,27
96668,51
96669,62
96670,55
96671,27
96672,52
96673,28
96674,31
96675,51
96676,18
96677,30
96678,39
96679,35
96680,22
96681,40
96682,19
96683,18
96684,63
96685,18
96686,28
96687,34
96688,32
96689,38
96690,49
96691,51
96692,64
96693,63
96694,54
96695,50
96696,44
96697,51
96698,64
96699,32
96700,18
96701,30
96702,50
96703,50
96704,42
96705,64
96706,54
96707,49
96708,57
96709,31
96710,38
96711,25
96712,23
96713,19
96714,22
96715,22
96716,43
96717,30
96718,34
96719,26
96720,36
96721,46
96722,38
96723,50
96724,22
96725,55
96726,56
96727,21
96728,35
96729,34
96730,23
96731,27
96732,43
96733,55
96734,45
96735,45
96736,47
96737,56
96738,30
96739,51
96740,54
96741,40
96742,47
96743,37
96744,44
96745,18
96746,20
96747,48
96748,26
96749,41
96750,45
96751,52
96752,20
96753,47
96754,55
96755,62
96756,61
96757,47
96758,34
96759,48
96760,51
96761,35
96762,38
96763,22
96764,58
96765,42
96766,29
96767,27
96768,51
96769,62
96770,55
96771,27
96772,52
96773,28
96774,31
96775,51
96776,18
96777,30
96778,39
96779,35
96780,22
96781,40
96782,19
96783,18
96784,63
96785,18
96786,28
96787,34
96788,32
96789,38
96790,49
96791,51
96792,64
96793,63
96794,54
96795,50
96796,44
96797,51
96798,64
96799,32
96800,18
96801,30
96802,50
96803,50
96804,42
96805,64
96806,54
96807,49
96808,57
96809,31
96810,38
96811,25
96812,23
96813,19
96814,22
96815,22
96816,43
96817,30
96818,34
96819,26
96820,36
96821,46
96822,38
96823,50
96824,22
96825,55
96826,56
96827,21
96828,35
96829,34
96830,23
96831,27
96832,43
96833,55
96834,45
96835,45
96836,47
96837,56
96838,30
96839,51
96840,54
96841,40
96842,47
96843,37
96844,44
96845,18
96846,20
96847,48
96848,26
96849,41
96850,45
96851,52
96852,20
96853,47
96854,55
96855,62
96856,61
96857,47
96858,34
96859,48
96860,51
96861,35
96862,38
96863,22
96864,58
96865,42
96866,29
96867,27
96868,51
96869,62
96870,55
96871,27
96872,52
96873,28
96874,31
96875,51
96876,18
96877,30
96878,39
96879,35
96880,22
96881,40
96882,19
96883,18
96884,63
96885,18
96886,28
96887,34
96888,32
96889,38
96890,49
96891,51
96892,64
96893,63
96894,54
96895,50
96896,44
96897,51
96898,64
96899,32
96900,18
96901,30
96902,50
96903,50
96904,42
96905,64
96906,54
96907,49
96908,57
96909,31
96910,38
96911,25
96912,23
96913,19
96914,22
96915,22
96916,43
96917,30
96918,34
96919,26
96920,36
96921,46
96922,38
96923,50
96924,22
96925,55
96926,56
96927,21
96928,35
96929,34
96930,23
96931,27
96932,43
96933,55
96934,45
96935,45
96936,47
96937,56
96938,30
96939,51
96940,54
96941,40
96942,47
96943,37
96944,44
96945,18
96946,20
96947,48
96948,26
96949,41
96950,45
96951,52
96952,20
96953,47
96954,55
96955,62
96956,61
96957,47
96958,34
96959,48
96960,51
96961,35
96962,38
96963,22
96964,58
96965,42
96966,29
96967,27
96968,51
96969,62
96970,55
96971,27
96972,52
96973,28
96974,31
96975,51
96976,18
96977,30
96978,39
96979,35
96980,22
96981,40
96982,19
96983,18
96984,63
96985,18
96986,28
96987,34
96988,32
96989,38
96990,49
96991,51
96992,64
96993,63
96994,54
96995,50
96996,44
96997,51
96998,64
96999,32
97000,18
97001,30
97002,50
97003,50
97004,42
97005,64
97006,54
97007,49
97008,57
97009,31
97010,38
97011,25
97012,23
97013,19
97014,22
97015,22
97016,43
97017,30
97018,34
97019,26
97020,36
97021,46
97022,38
97023,50
97024,22
97025,55
97026,56
97027,21
97028,35
97029,34
97030,23
97031,27
97032,43
97033,55
97034,45
97035,45
97036,47
97037,56
97038,30
97039,51
97040,54
97041,40
97042,47
97043,37
97044,44
97045,18
97046,20
97047,48
97048,26
97049,41
97050,45
97051,52
97052,20
97053,47
97054,55
97055,62
97056,61
97057,47
97058,34
97059,48
97060,51
97061,35
97062,38
97063,22
97064,58
97065,42
97066,29
97067,27
97068,51
97069,62
97070,55
97071,27
97072,52
97073,28
97074,31
97075,51
97076,18
97077,30
97078,39
97079,35
97080,22
97081,40
97082,19
97083,18
97084,63
97085,18
97086,28
97087,34
97088,32
97089,38
97090,49
97091,51
97092,64
97093,63
97094,54
97095,50
97096,44
97097,51
97098,64
97099,32
97100,18
97101,30
97102,50
97103,50
97104,42
97105,64
97106,54
97107,49
97108,57
97109,31
97110,38
97111,25
97112,23
97113,19
97114,22
97115,22
97116,43
97117,30
97118,34
97119,26
97120,36
97121,46
97122,38
97123,50
97124,22
97125,55
97126,56
97127,21
97128,35
97129,34
97130,23
97131,27
97132,43
97133,55
97134,45
97135,45
97136,47
97137,56
97138,30
97139,51
97140,54
97141,40
97142,47
97143,37
97144,44
97145,18
97146,20
97147,48
97148,26
97149,41
97150,45
97151,52
97152,20
97153,47
97154,55
97155,62
97156,61
97157,47
97158,34
97159,48
97160,51
97161,35
97162,38
97163,22
97164,58
97165,42
97166,29
97167,27
97168,51
97169,62
97170,55
97171,27
97172,52
97173,28
97174,31
97175,51
97176,18
97177,30
97178,39
97179,35
97180,22
97181,40
97182,19
97183,18
97184,63
97185,18
97186,28
97187,34
97188,32
97189,38
97190,49
97191,51
97192,64
97193,63
97194,54
97195,50
97196,44
97197,51
97198,64
97199,32
97200,18
97201,30
97202,50
97203,50
97204,42
97205,64
97206,54
97207,49
97208,57
97209,31
97210,38
97211,25
97212,23
97213,19
97214,22
97215,22
97216,43
97217,30
97218,34
97219,26
97220,36
97221,46
97222,38
97223,50
97224,22
97225,55
97226,56
97227,21
97228,35
97229,34
97230,23
97231,27
97232,43
97233,55
97234,45
97235,45
97236,47
97237,56
97238,30
97239,51
97240,54
97241,40
97242,47
97243,37
97244,44
97245,18
97246,20
97247,48
97248,26
97249,41
97250,45
97251,52
97252,20
97253,47
97254,55
97255,62
97256,61
97257,47
97258,34
97259,48
97260,51
97261,35
97262,38
97263,22
97264,58
97265,42
97266,29
97267,27
97268,51
97269,62
97270,55
97271,27
97272,52
97273,28
97274,31
97275,51
97276,18
97277,30
97278,39
97279,35
97280,22
97281,40
97282,19
97283,18
97284,63
97285,18
97286,28
97287,34
97288,32
97289,38
97290,49
97291,51
97292,64
97293,63
97294,54
97295,50
97296,44
97297,51
97298,64
97299,32
97300,18
97301,30
97302,50
97303,50
97304,42
97305,64
97306,54
97307,49
97308,57
97309,31
97310,38
97311,25
97312,23
97313,19
97314,22
97315,22
97316,43
97317,30
97318,34
97319,26
97320,36
97321,46
97322,38
97323,50
97324,22
97325,55
97326,56
97327,21
97328,35
97329,34
97330,23
97331,27
97332,43
97333,55
97334,45
97335,45
97336,47
97337,56
97338,30
97339,51
97340,54
97341,40
97342,47
97343,37
97344,44
97345,18
97346,20
97347,48
97348,26
97349,41
97350,45
97351,52
97352,20
97353,47
97354,55
97355,62
97356,61
97357,47
97358,34
97359,48
97360,51
97361,35
97362,38
97363,22
97364,58
97365,42
97366,29
97367,27
97368,51
97369,62
97370,55
97371,27
97372,52
97373,28
97374,31
97375,51
97376,18
97377,30
97378,39
97379,35
97380,22
97381,40
97382,19
97383,18
97384,63
97385,18
97386,28
97387,34
97388,32
97389,38
97390,49
97391,51
97392,64
97393,63
97394,54
97395,50
97396,44
97397,51
97398,64
97399,32
97400,18
97401,30
97402,50
97403,50
97404,42
97405,64
97406,54
97407,49
97408,57
97409,31
97410,38
97411,25
97412,23
97413,19
97414,22
97415,22
97416,43
97417,30
97418,34
97419,26
97420,36
97421,46
97422,38
97423,50
97424,22
97425,55
97426,56
97427,21
97428,35
97429,34
97430,23
97431,27
97432,43
97433,55
97434,45
97435,45
97436,47
97437,56
97438,30
97439,51
97440,54
97441,40
97442,47
97443,37
97444,44
97445,18
97446,20
97447,48
97448,26
97449,41
97450,45
97451,52
97452,20
97453,47
97454,55
97455,62
97456,61
97457,47
97458,34
97459,48
97460,51
97461,35
97462,38
97463,22
97464,58
97465,42
97466,29
97467,27
97468,51
97469,62
97470,55
97471,27
97472,52
97473,28
97474,31
97475,51
97476,18
97477,30
97478,39
97479,35
97480,22
97481,40
97482,19
97483,18
97484,63
97485,18
97486,28
97487,34
97488,32
97489,38
97490,49
97491,51
97492,64
97493,63
97494,54
97495,50
97496,44
97497,51
97498,64
97499,32
97500,18
97501,30
97502,50
97503,50
97504,42
97505,64
97506,54
97507,49
97508,57
97509,31
97510,38
97511,25
97512,23
97513,19
97514,22
97515,22
97516,43
97517,30
97518,34
97519,26
97520,36
97521,46
97522,38
97523,50
97524,22
97525,55
97526,56
97527,21
97528,35
97529,34
97530,23
97531,27
97532,43
97533,55
97534,45
97535,45
97536,47
97537,56
97538,30
97539,51
97540,54
97541,40
97542,47
97543,37
97544,44
97545,18
97546,20
97547,48
97548,26
97549,41
97550,45
97551,52
97552,20
97553,47
97554,55
97555,62
97556,61
97557,47
97558,34
97559,48
97560,51
97561,35
97562,38
97563,22
97564,58
97565,42
97566,29
97567,27
97568,51
97569,62
97570,55
97571,27
97572,52
97573,28
97574,31
97575,51
97576,18
97577,30
97578,39
97579,35
97580,22
97581,40
97582,19
97583,18
97584,63
97585,18
97586,28
97587,34
97588,32
97589,38
97590,49
97591,51
97592,64
97593,63
97594,54
97595,50
97596,44
97597,51
97598,64
97599,32
97600,18
97601,30
97602,50
97603,50
97604,42
97605,64
97606,54
97607,49
97608,57
97609,31
97610,38
97611,25
97612,23
97613,19
97614,22
97615,22
97616,43
97617,30
97618,34
97619,26
97620,36
97621,46
97622,38
97623,50
97624,22
97625,55
97626,56
97627,21
97628,35
97629,34
97630,23
97631,27
97632,43
97633,55
97634,45
97635,45
97636,47
97637,56
97638,30
97639,51
97640,54
97641,40
97642,47
97643,37
97644,44
97645,18
97646,20
97647,48
97648,26
97649,41
97650,45
97651,52
97652,20
97653,47
97654,55
97655,62
97656,61
97657,47
97658,34
97659,48
97660,51
97661,35
97662,38
97663,22
97664,58
97665,42
97666,29
97667,27
97668,51
97669,62
97670,55
97671,27
97672,52
97673,28
97674,31
97675,51
97676,18
97677,30
97678,39
97679,35
97680,22
97681,40
97682,19
97683,18
97684,63
97685,18
97686,28
97687,34
97688,32
97689,38
97690,49
97691,51
97692,64
97693,63
97694,54
97695,50
97696,44
97697,51
97698,64
97699,32
97700,18
97701,30
97702,50
97703,50
97704,42
97705,64
97706,54
97707,49
97708,57
97709,31
97710,38
97711,25
97712,23
97713,19
97714,22
97715,22
97716,43
97717,30
97718,34
97719,26
97720,36
97721,46
97722,38
97723,50
97724,22
97725,55
97726,56
97727,21
97728,35
97729,34
97730,23
97731,27
97732,43
97733,55
97734,45
97735,45
97736,47
97737,56
97738,30
97739,51
97740,54
97741,40
97742,47
97743,37
97744,44
97745,18
97746,20
97747,48
97748,26
97749,41
97750,45
97751,52
97752,20
97753,47
97754,55
97755,62
97756,61
97757,47
97758,34
97759,48
97760,51
97761,35
97762,38
97763,22
97764,58
97765,42
97766,29
97767,27
97768,51
97769,62
97770,55
97771,27
97772,52
97773,28
97774,31
97775,51
97776,18
97777,30
97778,39
97779,35
97780,22
97781,40
97782,19
97783,18
97784,63
97785,18
97786,28
97787,34
97788,32
97789,38
97790,49
97791,51
97792,64
97793,63
97794,54
97795,50
97796,44
97797,51
97798,64
97799,32
97800,18
97801,30
97802,50
97803,50
97804,42
97805,64
97806,54
97807,49
97808,57
97809,31
97810,38
97811,25
97812,23
97813,19
97814,22
97815,22
97816,43
97817,30
97818,34
97819,26
97820,36
97821,46
97822,38
97823,50
97824,22
97825,55
97826,56
97827,21
97828,35
97829,34
97830,23
97831,27
97832,43
97833,55
97834,45
97835,45
97836,47
97837,56
97838,30
97839,51
97840,54
97841,40
97842,47
97843,37
97844,44
97845,18
97846,20
97847,48
97848,26
97849,41
97850,45
97851,52
97852,20
97853,47
97854,55
97855,62
97856,61
97857,47
97858,34
97859,48
97860,51
97861,35
97862,38
97863,22
97864,58
97865,42
97866,29
97867,27
97868,51
97869,62
97870,55
97871,27
97872,52
97873,28
97874,31
97875,51
97876,18
97877,30
97878,39
97879,35
97880,22
97881,40
97882,19
97883,18
97884,63
97885,18
97886,28
97887,34
97888,32
97889,38
97890,49
97891,51
97892,64
97893,63
97894,54
97895,50
97896,44
97897,51
97898,64
97899,32
97900,18
97901,30
97902,50
97903,50
97904,42
97905,64
97906,54
97907,49
97908,57
97909,31
97910,38
97911,25
97912,23
97913,19
97914,22
97915,22
97916,43
97917,30
97918,34
97919,26
97920,36
97921,46
97922,38
97923,50
97924,22
97925,55
97926,56
97927,21
97928,35
97929,34
97930,23
97931,27
97932,43
97933,55
97934,45
97935,45
97936,47
97937,56
97938,30
97939,51
97940,54
97941,40
97942,47
97943,37
97944,44
97945,18
97946,20
97947,48
97948,26
97949,41
97950,45
97951,52
97952,20
97953,47
97954,55
97955,62
97956,61
97957,47
97958,34
97959,48
97960,51
97961,35
97962,38
97963,22
97964,58
97965,42
97966,29
97967,27
97968,51
97969,62
97970,55
97971,27
97972,52
97973,28
97974,31
97975,51
97976,18
97977,30
97978,39
97979,35
97980,22
97981,40
97982,19
97983,18
97984,63
97985,18
97986,28
97987,34
97988,32
97989,38
97990,49
97991,51
97992,64
97993,63
97994,54
97995,50
97996,44
97997,51
97998,64
97999,32
98000,18
98001,30
98002,50
98003,50
98004,42
98005,64
98006,54
98007,49
98008,57
98009,31
98010,38
98011,25
98012,23
98013,19
98014,22
98015,22
98016,43
98017,30
98018,34
98019,26
98020,36
98021,46
98022,38
98023,50
98024,22
98025,55
98026,56
98027,21
98028,35
98029,34
98030,23
98031,27
98032,43
98033,55
98034,45
98035,45
98036,47
98037,56
98038,30
98039,51
98040,54
98041,40
98042,47
98043,37
98044,44
98045,18
98046,20
98047,48
98048,26
98049,41
98050,45
98051,52
98052,20
98053,47
98054,55
98055,62
98056,61
98057,47
98058,34
98059,48
98060,51
98061,35
98062,38
98063,22
98064,58
98065,42
98066,29
98067,27
98068,51
98069,62
98070,55
98071,27
98072,52
98073,28
98074,31
98075,51
98076,18
98077,30
98078,39
98079,35
98080,22
98081,40
98082,19
98083,18
98084,63
98085,18
98086,28
98087,34
98088,32
98089,38
98090,49
98091,51
98092,64
98093,63
98094,54
98095,50
98096,44
98097,51
98098,64
98099,32
98100,18
98101,30
98102,50
98103,50
98104,42
98105,64
98106,54
98107,49
98108,57
98109,31
98110,38
98111,25
98112,23
98113,19
98114,22
98115,22
98116,43
98117,30
98118,34
98119,26
98120,36
98121,46
98122,38
98123,50
98124,22
98125,55
98126,56
98127,21
98128,35
98129,34
98130,23
98131,27
98132,43
98133,55
98134,45
98135,45
98136,47
98137,56
98138,30
98139,51
98140,54
98141,40
98142,47
98143,37
98144,44
98145,18
98146,20
98147,48
98148,26
98149,41
98150,45
98151,52
98152,20
98153,47
98154,55
98155,62
98156,61
98157,47
98158,34
98159,48
98160,51
98161,35
98162,38
98163,22
98164,58
98165,42
98166,29
98167,27
98168,51
98169,62
98170,55
98171,27
98172,52
98173,28
98174,31
98175,51
98176,18
98177,30
98178,39
98179,35
98180,22
98181,40
98182,19
98183,18
98184,63
98185,18
98186,28
98187,34
98188,32
98189,38
98190,49
98191,51
98192,64
98193,63
98194,54
98195,50
98196,44
98197,51
98198,64
98199,32
98200,18
98201,30
98202,50
98203,50
98204,42
98205,64
98206,54
98207,49
98208,57
98209,31
98210,38
98211,25
98212,23
98213,19
98214,22
98215,22
98216,43
98217,30
98218,34
98219,26
98220,36
98221,46
98222,38
98223,50
98224,22
98225,55
98226,56
98227,21
98228,35
98229,34
98230,23
98231,27
98232,43
98233,55
98234,45
98235,45
98236,47
98237,56
98238,30
98239,51
98240,54
98241,40
98242,47
98243,37
98244,44
98245,18
98246,20
98247,48
98248,26
98249,41
98250,45
98251,52
98252,20
98253,47
98254,55
98255,62
98256,61
98257,47
98258,34
98259,48
98260,51
98261,35
98262,38
98263,22
98264,58
98265,42
98266,29
98267,27
98268,51
98269,62
98270,55
98271,27
98272,52
98273,28
98274,31
98275,51
98276,18
98277,30
98278,39
98279,35
98280,22
98281,40
98282,19
98283,18
98284,63
98285,18
98286,28
98287,34
98288,32
98289,38
98290,49
98291,51
98292,64
98293,63
98294,54
98295,50
98296,44
98297,51
98298,64
98299,32
98300,18
98301,30
98302,50
98303,50
98304,42
98305,64
98306,54
98307,49
98308,57
98309,31
98310,38
98311,25
98312,23
98313,19
98314,22
98315,22
98316,43
98317,30
98318,34
98319,26
98320,36
98321,46
98322,38
98323,50
98324,22
98325,55
98326,56
98327,21
98328,35
98329,34
98330,23
98331,27
98332,43
98333,55
98334,45
98335,45
98336,47
98337,56
98338,30
98339,51
98340,54
98341,40
98342,47
98343,37
98344,44
98345,18
98346,20
98347,48
98348,26
98349,41
98350,45
98351,52
98352,20
98353,47
98354,55
98355,62
98356,61
98357,47
98358,34
98359,48
98360,51
98361,35
98362,38
98363,22
98364,58
98365,42
98366,29
98367,27
98368,51
98369,62
98370,55
98371,27
98372,52
98373,28
98374,31
98375,51
98376,18
98377,30
98378,39
98379,35
98380,22
98381,40
98382,19
98383,18
98384,63
98385,18
98386,28
98387,34
98388,32
98389,38
98390,49
98391,51
98392,64
98393,63
98394,54
98395,50
98396,44
98397,51
98398,64
98399,32
98400,18
98401,30
98402,50
98403,50
98404,42
98405,64
98406,54
98407,49
98408,57
98409,31
98410,38
98411,25
98412,23
98413,19
98414,22
98415,22
98416,43
98417,30
98418,34
98419,26
98420,36
98421,46
98422,38
98423,50
98424,22
98425,55
98426,56
98427,21
98428,35
98429,34
98430,23
98431,27
98432,43
98433,55
98434,45
98435,45
98436,47
98437,56
98438,30
98439,51
98440,54
98441,40
98442,47
98443,37
98444,44
98445,18
98446,20
98447,48
98448,26
98449,41
98450,45
98451,52
98452,20
98453,47
98454,55
98455,62
98456,61
98457,47
98458,34
98459,48
98460,51
98461,35
98462,38
98463,22
98464,58
98465,42
98466,29
98467,27
98468,51
98469,62
98470,55
98471,27
98472,52
98473,28
98474,31
98475,51
98476,18
98477,30
98478,39
98479,35
98480,22
98481,40
98482,19
98483,18
98484,63
98485,18
98486,28
98487,34
98488,32
98489,38
98490,49
98491,51
98492,64
98493,63
98494,54
98495,50
98496,44
98497,51
98498,64
98499,32
98500,18
98501,30
98502,50
98503,50
98504,42
98505,64
98506,54
98507,49
98508,57
98509,31
98510,38
98511,25
98512,23
98513,19
98514,22
98515,22
98516,43
98517,30
98518,34
98519,26
98520,36
98521,46
98522,38
98523,50
98524,22
98525,55
98526,56
98527,21
98528,35
98529,34
98530,23
98531,27
98532,43
98533,55
98534,45
98535,45
98536,47
98537,56
98538,30
98539,51
98540,54
98541,40
98542,47
98543,37
98544,44
98545,18
98546,20
98547,48
98548,26
98549,41
98550,45
98551,52
98552,20
98553,47
98554,55
98555,62
98556,61
98557,47
98558,34
98559,48
98560,51
98561,35
98562,38
98563,22
98564,58
98565,42
98566,29
98567,27
98568,51
98569,62
98570,55
98571,27
98572,52
98573,28
98574,31
98575,51
98576,18
98577,30
98578,39
98579,35
98580,22
98581,40
98582,19
98583,18
98584,63
98585,18
98586,28
98587,34
98588,32
98589,38
98590,49
98591,51
98592,64
98593,63
98594,54
98595,50
98596,44
98597,51
98598,64
98599,32
98600,18
98601,30
98602,50
98603,50
98604,42
98605,64
98606,54
98607,49
98608,57
98609,31
98610,38
98611,25
98612,23
98613,19
98614,22
98615,22
98616,43
98617,30
98618,34
98619,26
98620,36
98621,46
98622,38
98623,50
98624,22
98625,55
98626,56
98627,21
98628,35
98629,34
98630,23
98631,27
98632,43
98633,55
98634,45
98635,45
98636,47
98637,56
98638,30
98639,51
98640,54
98641,40
98642,47
98643,37
98644,44
98645,18
98646,20
98647,48
98648,26
98649,41
98650,45
98651,52
98652,20
98653,47
98654,55
98655,62
98656,61
98657,47
98658,34
98659,48
98660,51
98661,35
98662,38
98663,22
98664,58
98665,42
98666,29
98667,27
98668,51
98669,62
98670,55
98671,27
98672,52
98673,28
98674,31
98675,51
98676,18
98677,30
98678,39
98679,35
98680,22
98681,40
98682,19
98683,18
98684,63
98685,18
98686,28
98687,34
98688,32
98689,38
98690,49
98691,51
98692,64
98693,63
98694,54
98695,50
98696,44
98697,51
98698,64
98699,32
98700,18
98701,30
98702,50
98703,50
98704,42
98705,64
98706,54
98707,49
98708,57
98709,31
98710,38
98711,25
98712,23
98713,19
98714,22
98715,22
98716,43
98717,30
98718,34
98719,26
98720,36
98721,46
98722,38
98723,50
98724,22
98725,55
98726,56
98727,21
98728,35
98729,34
98730,23
98731,27
98732,43
98733,55
98734,45
98735,45
98736,47
98737,56
98738,30
98739,51
98740,54
98741,40
98742,47
98743,37
98744,44
98745,18
98746,20
98747,48
98748,26
98749,41
98750,45
98751,52
98752,20
98753,47
98754,55
98755,62
98756,61
98757,47
98758,34
98759,48
98760,51
98761,35
98762,38
98763,22
98764,58
98765,42
98766,29
98767,27
98768,51
98769,62
98770,55
98771,27
98772,52
98773,28
98774,31
98775,51
98776,18
98777,30
98778,39
98779,35
98780,22
98781,40
98782,19
98783,18
98784,63
98785,18
98786,28
98787,34
98788,32
98789,38
98790,49
98791,51
98792,64
98793,63
98794,54
98795,50
98796,44
98797,51
98798,64
98799,32
98800,18
98801,30
98802,50
98803,50
98804,42
98805,64
98806,54
98807,49
98808,57
98809,31
98810,38
98811,25
98812,23
98813,19
98814,22
98815,22
98816,43
98817,30
98818,34
98819,26
98820,36
98821,46
98822,38
98823,50
98824,22
98825,55
98826,56
98827,21
98828,35
98829,34
98830,23
98831,27
98832,43
98833,55
98834,45
98835,45
98836,47
98837,56
98838,30
98839,51
98840,54
98841,40
98842,47
98843,37
98844,44
98845,18
98846,20
98847,48
98848,26
98849,41
98850,45
98851,52
98852,20
98853,47
98854,55
98855,62
98856,61
98857,47
98858,34
98859,48
98860,51
98861,35
98862,38
98863,22
98864,58
98865,42
98866,29
98867,27
98868,51
98869,62
98870,55
98871,27
98872,52
98873,28
98874,31
98875,51
98876,18
98877,30
98878,39
98879,35
98880,22
98881,40
98882,19
98883,18
98884,63
98885,18
98886,28
98887,34
98888,32
98889,38
98890,49
98891,51
98892,64
98893,63
98894,54
98895,50
98896,44
98897,51
98898,64
98899,32
98900,18
98901,30
98902,50
98903,50
98904,42
98905,64
98906,54
98907,49
98908,57
98909,31
98910,38
98911,25
98912,23
98913,19
98914,22
98915,22
98916,43
98917,30
98918,34
98919,26
98920,36
98921,46
98922,38
98923,50
98924,22
98925,55
98926,56
98927,21
98928,35
98929,34
98930,23
98931,27
98932,43
98933,55
98934,45
98935,45
98936,47
98937,56
98938,30
98939,51
98940,54
98941,40
98942,47
98943,37
98944,44
98945,18
98946,20
98947,48
98948,26
98949,41
98950,45
98951,52
98952,20
98953,47
98954,55
98955,62
98956,61
98957,47
98958,34
98959,48
98960,51
98961,35
98962,38
98963,22
98964,58
98965,42
98966,29
98967,27
98968,51
98969,62
98970,55
98971,27
98972,52
98973,28
98974,31
98975,51
98976,18
98977,30
98978,39
98979,35
98980,22
98981,40
98982,19
98983,18
98984,63
98985,18
98986,28
98987,34
98988,32
98989,38
98990,49
98991,51
98992,64
98993,63
98994,54
98995,50
98996,44
98997,51
98998,64
98999,32
99000,18
99001,30
99002,50
99003,50
99004,42
99005,64
99006,54
99007,49
99008,57
99009,31
99010,38
99011,25
99012,23
99013,19
99014,22
99015,22
99016,43
99017,30
99018,34
99019,26
99020,36
99021,46
99022,38
99023,50
99024,22
99025,55
99026,56
99027,21
99028,35
99029,34
99030,23
99031,27
99032,43
99033,55
99034,45
99035,45
99036,47
99037,56
99038,30
99039,51
99040,54
99041,40
99042,47
99043,37
99044,44
99045,18
99046,20
99047,48
99048,26
99049,41
99050,45
99051,52
99052,20
99053,47
99054,55
99055,62
99056,61
99057,47
99058,34
99059,48
99060,51
99061,35
99062,38
99063,22
99064,58
99065,42
99066,29
99067,27
99068,51
99069,62
99070,55
99071,27
99072,52
99073,28
99074,31
99075,51
99076,18
99077,30
99078,39
99079,35
99080,22
99081,40
99082,19
99083,18
99084,63
99085,18
99086,28
99087,34
99088,32
99089,38
99090,49
99091,51
99092,64
99093,63
99094,54
99095,50
99096,44
99097,51
99098,64
99099,32
99100,18
99101,30
99102,50
99103,50
99104,42
99105,64
99106,54
99107,49
99108,57
99109,31
99110,38
99111,25
99112,23
99113,19
99114,22
99115,22
99116,43
99117,30
99118,34
99119,26
99120,36
99121,46
99122,38
99123,50
99124,22
99125,55
99126,56
99127,21
99128,35
99129,34
99130,23
99131,27
99132,43
99133,55
99134,45
99135,45
99136,47
99137,56
99138,30
99139,51
99140,54
99141,40
99142,47
99143,37
99144,44
99145,18
99146,20
99147,48
99148,26
99149,41
99150,45
99151,52
99152,20
99153,47
99154,55
99155,62
99156,61
99157,47
99158,34
99159,48
99160,51
99161,35
99162,38
99163,22
99164,58
99165,42
99166,29
99167,27
99168,51
99169,62
99170,55
99171,27
99172,52
99173,28
99174,31
99175,51
99176,18
99177,30
99178,39
99179,35
99180,22
99181,40
99182,19
99183,18
99184,63
99185,18
99186,28
99187,34
99188,32
99189,38
99190,49
99191,51
99192,64
99193,63
99194,54
99195,50
99196,44
99197,51
99198,64
99199,32
99200,18
99201,30
99202,50
99203,50
99204,42
99205,64
99206,54
99207,49
99208,57
99209,31
99210,38
99211,25
99212,23
99213,19
99214,22
99215,22
99216,43
99217,30
99218,34
99219,26
99220,36
99221,46
99222,38
99223,50
99224,22
99225,55
99226,56
99227,21
99228,35
99229,34
99230,23
99231,27
99232,43
99233,55
99234,45
99235,45
99236,47
99237,56
99238,30
99239,51
99240,54
99241,40
99242,47
99243,37
99244,44
99245,18
99246,20
99247,48
99248,26
99249,41
99250,45
99251,52
99252,20
99253,47
99254,55
99255,62
99256,61
99257,47
99258,34
99259,48
99260,51
99261,35
99262,38
99263,22
99264,58
99265,42
99266,29
99267,27
99268,51
99269,62
99270,55
99271,27
99272,52
99273,28
99274,31
99275,51
99276,18
99277,30
99278,39
99279,35
99280,22
99281,40
99282,19
99283,18
99284,63
99285,18
99286,28
99287,34
99288,32
99289,38
99290,49
99291,51
99292,64
99293,63
99294,54
99295,50
99296,44
99297,51
99298,64
99299,32
99300,18
99301,30
99302,50
99303,50
99304,42
99305,64
99306,54
99307,49
99308,57
99309,31
99310,38
99311,25
99312,23
99313,19
99314,22
99315,22
99316,43
99317,30
99318,34
99319,26
99320,36
99321,46
99322,38
99323,50
99324,22
99325,55
99326,56
99327,21
99328,35
99329,34
99330,23
99331,27
99332,43
99333,55
99334,45
99335,45
99336,47
99337,56
99338,30
99339,51
99340,54
99341,40
99342,47
99343,37
99344,44
99345,18
99346,20
99347,48
99348,26
99349,41
99350,45
99351,52
99352,20
99353,47
99354,55
99355,62
99356,61
99357,47
99358,34
99359,48
99360,51
99361,35
99362,38
99363,22
99364,58
99365,42
99366,29
99367,27
99368,51
99369,62
99370,55
99371,27
99372,52
99373,28
99374,31
99375,51
99376,18
99377,30
99378,39
99379,35
99380,22
99381,40
99382,19
99383,18
99384,63
99385,18
99386,28
99387,34
99388,32
99389,38
99390,49
99391,51
99392,64
99393,63
99394,54
99395,50
99396,44
99397,51
99398,64
99399,32
99400,18
99401,30
99402,50
99403,50
99404,42
99405,64
99406,54
99407,49
99408,57
99409,31
99410,38
99411,25
99412,23
99413,19
99414,22
99415,22
99416,43
99417,30
99418,34
99419,26
99420,36
99421,46
99422,38
99423,50
99424,22
99425,55
99426,56
99427,21
99428,35
99429,34
99430,23
99431,27
99432,43
99433,55
99434,45
99435,45
99436,47
99437,56
99438,30
99439,51
99440,54
99441,40
99442,47
99443,37
99444,44
99445,18
99446,20
99447,48
99448,26
99449,41
99450,45
99451,52
99452,20
99453,47
99454,55
99455,62
99456,61
99457,47
99458,34
99459,48
99460,51
99461,35
99462,38
99463,22
99464,58
99465,42
99466,29
99467,27
99468,51
99469,62
99470,55
99471,27
99472,52
99473,28
99474,31
99475,51
99476,18
99477,30
99478,39
99479,35
99480,22
99481,40
99482,19
99483,18
99484,63
99485,18
99486,28
99487,34
99488,32
99489,38
99490,49
99491,51
99492,64
99493,63
99494,54
99495,50
99496,44
99497,51
99498,64
99499,32
99500,18
99501,30
99502,50
99503,50
99504,42
99505,64
99506,54
99507,49
99508,57
99509,31
99510,38
99511,25
99512,23
99513,19
99514,22
99515,22
99516,43
99517,30
99518,34
99519,26
99520,36
99521,46
99522,38
99523,50
99524,22
99525,55
99526,56
99527,21
99528,35
99529,34
99530,23
99531,27
99532,43
99533,55
99534,45
99535,45
99536,47
99537,56
99538,30
99539,51
99540,54
99541,40
99542,47
99543,37
99544,44
99545,18
99546,20
99547,48
99548,26
99549,41
99550,45
99551,52
99552,20
99553,47
99554,55
99555,62
99556,61
99557,47
99558,34
99559,48
99560,51
99561,35
99562,38
99563,22
99564,58
99565,42
99566,29
99567,27
99568,51
99569,62
99570,55
99571,27
99572,52
99573,28
99574,31
99575,51
99576,18
99577,30
99578,39
99579,35
99580,22
99581,40
99582,19
99583,18
99584,63
99585,18
99586,28
99587,34
99588,32
99589,38
99590,49
99591,51
99592,64
99593,63
99594,54
99595,50
99596,44
99597,51
99598,64
99599,32
99600,18
99601,30
99602,50
99603,50
99604,42
99605,64
99606,54
99607,49
99608,57
99609,31
99610,38
99611,25
99612,23
99613,19
99614,22
99615,22
99616,43
99617,30
99618,34
99619,26
99620,36
99621,46
99622,38
99623,50
99624,22
99625,55
99626,56
99627,21
99628,35
99629,34
99630,23
99631,27
99632,43
99633,55
99634,45
99635,45
99636,47
99637,56
99638,30
99639,51
99640,54
99641,40
99642,47
99643,37
99644,44
99645,18
99646,20
99647,48
99648,26
99649,41
99650,45
99651,52
99652,20
99653,47
99654,55
99655,62
99656,61
99657,47
99658,34
99659,48
99660,51
99661,35
99662,38
99663,22
99664,58
99665,42
99666,29
99667,27
99668,51
99669,62
99670,55
99671,27
99672,52
99673,28
99674,31
99675,51
99676,18
99677,30
99678,39
99679,35
99680,22
99681,40
99682,19
99683,18
99684,63
99685,18
99686,28
99687,34
99688,32
99689,38
99690,49
99691,51
99692,64
99693,63
99694,54
99695,50
99696,44
99697,51
99698,64
99699,32
99700,18
99701,30
99702,50
99703,50
99704,42
99705,64
99706,54
99707,49
99708,57
99709,31
99710,38
99711,25
99712,23
99713,19
99714,22
99715,22
99716,43
99717,30
99718,34
99719,26
99720,36
99721,46
99722,38
99723,50
99724,22
99725,55
99726,56
99727,21
99728,35
99729,34
99730,23
99731,27
99732,43
99733,55
99734,45
99735,45
99736,47
99737,56
99738,30
99739,51
99740,54
99741,40
99742,47
99743,37
99744,44
99745,18
99746,20
99747,48
99748,26
99749,41
99750,45
99751,52
99752,20
99753,47
99754,55
99755,62
99756,61
99757,47
99758,34
99759,48
99760,51
99761,35
99762,38
99763,22
99764,58
99765,42
99766,29
99767,27
99768,51
99769,62
99770,55
99771,27
99772,52
99773,28
99774,31
99775,51
99776,18
99777,30
99778,39
99779,35
99780,22
99781,40
99782,19
99783,18
99784,63
99785,18
99786,28
99787,34
99788,32
99789,38
99790,49
99791,51
99792,64
99793,63
99794,54
99795,50
99796,44
99797,51
99798,64
99799,32
99800,18
99801,30
99802,50
99803,50
99804,42
99805,64
99806,54
99807,49
99808,57
99809,31
99810,38
99811,25
99812,23
99813,19
99814,22
99815,22
99816,43
99817,30
99818,34
99819,26
99820,36
99821,46
99822,38
99823,50
99824,22
99825,55
99826,56
99827,21
99828,35
99829,34
99830,23
99831,27
99832,43
99833,55
99834,45
99835,45
99836,47
99837,56
99838,30
99839,51
99840,54
99841,40
99842,47
99843,37
99844,44
99845,18
99846,20
99847,48
99848,26
99849,41
99850,45
99851,52
99852,20
99853,47
99854,55
99855,62
99856,61
99857,47
99858,34
99859,48
99860,51
99861,35
99862,38
99863,22
99864,58
99865,42
99866,29
99867,27
99868,51
99869,62
99870,55
99871,27
99872,52
99873,28
99874,31
99875,51
99876,18
99877,30
99878,39
99879,35
99880,22
99881,40
99882,19
99883,18
99884,63
99885,18
99886,28
99887,34
99888,32
99889,38
99890,49
99891,51
99892,64
99893,63
99894,54
99895,50
99896,44
99897,51
99898,64
99899,32
99900,18
99901,30
99902,50
99903,50
99904,42
99905,64
99906,54
99907,49
99908,57
99909,31
99910,38
99911,25
99912,23
99913,19
99914,22
99915,22
99916,43
99917,30
99918,34
99919,26
99920,36
99921,46
99922,38
99923,50
99924,22
99925,55
99926,56
99927,21
99928,35
99929,34
99930,23
99931,27
99932,43
99933,55
99934,45
99935,45
99936,47
99937,56
99938,30
99939,51
99940,54
99941,40
99942,47
99943,37
99944,44
99945,18
99946,20
99947,48
99948,26
99949,41
99950,45
99951,52
99952,20
99953,47
99954,55
99955,62
99956,61
99957,47
99958,34
99959,48
99960,51
99961,35
99962,38
99963,22
99964,58
99965,42
99966,29
99967,27
99968,51
99969,62
99970,55
99971,27
99972,52
99973,28
99974,31
99975,51
99976,18
99977,30
99978,39
99979,35
99980,22
99981,40
99982,19
99983,18
99984,63
99985,18
99986,28
99987,34
99988,32
99989,38
99990,49
99991,51
99992,64
99993,63
99994,54
99995,50
99996,44
99997,51
99998,64
99999,32
100000,18
